SA1_CODE_2021,separate_house,semi_attached,flat_apartment,other_dwelling,total_dwellings,pct_separate,pct_semi_attached,pct_apartment,pct_other,pct_low_density,pct_medium_density,pct_high_density,median_age,pct_age_55_plus,total_population,median_personal_income,median_household_income,median_family_income,tertiary_qualified,total_qualified,pct_tertiary,urban_proximity_score,subdivision_potential_score,high_subdivision_potential,luxury_apartment_demand_score,high_luxury_demand,downsizing_wave_score,high_downsizing_potential,transform_prob_5yr,transform_prob_10yr,transform_prob_15yr,redevelopment_readiness_score,readiness_percentile,readiness_category
50301103533,234,33,0,0,295,79.32,11.19,0.0,0.0,79.32,11.19,0.0,46,38.06,804,1190,3524,4333,345,496,69.56,98.17,80.88,False,98.44,True,97.34,True,49.5,74.49,87.12,92.84,100.0,Very High
80109110401,233,13,0,0,254,91.73,5.12,0.0,0.0,91.73,5.12,0.0,48,40.09,676,1378,3524,3805,284,411,69.1,94.7,79.23,False,98.36,True,99.28,True,49.46,74.46,87.09,92.12,100.0,Very High
80109110702,192,5,0,0,212,90.57,2.36,0.0,0.0,90.57,2.36,0.0,49,39.36,625,1477,4700,4666,273,387,70.54,91.43,77.82,False,99.3,True,99.26,True,49.35,74.35,87.01,91.27,100.0,Very High
12601149647,191,22,0,0,217,88.02,10.14,0.0,0.0,88.02,10.14,0.0,46,37.36,645,1182,3718,4036,287,407,70.52,92.94,78.47,False,98.82,True,96.85,True,49.12,74.11,86.83,91.05,100.0,Very High
50704117713,243,7,0,0,286,84.97,2.45,0.0,0.0,84.97,2.45,0.0,53,48.28,727,1141,2931,3365,255,455,56.04,96.64,80.11,False,92.94,True,97.79,True,48.8,73.79,86.58,91.04,99.99,Very High
20802117740,166,22,20,0,225,73.78,9.78,8.89,0.0,73.78,9.78,8.89,50,46.78,746,1305,4620,4847,251,385,65.19,97.12,80.34,False,89.38,True,99.86,True,48.67,73.65,86.47,90.84,99.99,Very High
50301103011,224,5,0,0,244,91.8,2.05,0.0,0.0,91.8,2.05,0.0,44,29.07,774,1367,4767,4865,317,456,69.52,97.7,80.63,False,99.2,True,89.01,False,48.59,73.57,86.41,90.78,99.99,Very High
50301103410,192,5,0,0,206,93.2,2.43,0.0,0.0,93.2,2.43,0.0,52,45.21,606,1221,4512,4737,220,357,61.62,89.66,77.08,False,97.21,True,99.79,True,49.06,74.05,86.78,90.31,99.99,Very High
50301103513,203,4,0,0,215,94.42,1.86,0.0,0.0,94.42,1.86,0.0,45,33.91,637,1222,4022,4318,302,390,77.44,92.35,78.21,False,99.49,True,93.56,True,48.78,73.76,86.56,90.2,99.99,Very High
50502109624,370,25,23,0,446,82.96,5.61,5.16,0.0,82.96,5.61,5.16,44,31.88,1242,1024,3086,3511,485,729,66.53,99.77,82.39,False,91.62,True,90.19,True,48.12,73.08,86.04,90.12,99.99,Very High
11501129153,208,0,0,0,211,98.58,0.0,0.0,0.0,98.58,0.0,0.0,41,28.27,771,1281,4388,3750,286,460,62.17,97.63,80.59,False,97.35,True,88.03,False,48.26,73.23,86.15,90.05,99.98,Very High
50607114621,246,0,0,0,276,89.13,0.0,0.0,0.0,89.13,0.0,0.0,50,43.28,670,1072,2807,3384,241,429,56.18,94.4,79.1,False,92.4,True,97.28,True,48.53,73.5,86.36,90.03,99.98,Very High
50301103532,198,0,0,0,214,92.52,0.0,0.0,0.0,92.52,0.0,0.0,44,32.86,633,1483,4860,5083,290,398,72.86,92.06,78.09,False,99.59,True,92.81,True,48.68,73.67,86.49,89.94,99.98,Very High
30403109211,200,0,0,0,217,92.17,0.0,0.0,0.0,92.17,0.0,0.0,43,31.93,642,1455,4125,4662,284,379,74.93,92.72,78.37,False,99.44,True,91.63,True,48.57,73.55,86.4,89.82,99.98,Very High
12003168106,165,4,0,0,178,92.7,2.25,0.0,0.0,92.7,2.25,0.0,46,36.82,611,1004,3388,3374,243,352,69.03,90.16,77.29,False,98.14,True,95.92,True,48.75,73.74,86.54,89.73,99.98,Very High
12202142111,196,16,0,3,227,86.34,7.05,0.0,1.32,86.34,7.05,0.0,54,49.51,618,1181,3463,3791,214,394,54.31,90.83,77.57,False,93.94,True,99.23,True,48.69,73.68,86.49,89.73,99.98,Very High
10704114824,232,41,9,0,299,77.59,13.71,3.01,0.0,77.59,13.71,3.01,43,34.25,870,1161,3025,3517,290,524,55.34,98.82,81.27,False,89.97,True,92.31,True,48.0,72.96,85.94,89.71,99.97,Very High
50501107522,215,27,0,6,280,76.79,9.64,0.0,2.14,76.79,9.64,0.0,51,44.46,722,1159,2818,3365,188,403,46.65,96.49,80.04,False,88.29,True,97.32,True,48.2,73.17,86.1,89.71,99.97,Very High
30903123911,292,0,0,0,371,78.71,0.0,0.0,0.0,78.71,0.0,0.0,50,40.83,960,1271,3486,4055,181,568,31.87,99.32,81.65,False,82.02,False,99.25,True,47.94,72.9,85.89,89.68,99.97,Very High
11501129149,231,0,0,0,247,93.52,0.0,0.0,0.0,93.52,0.0,0.0,40,25.2,877,1235,4611,4374,293,497,58.95,98.88,81.31,False,96.39,True,85.05,False,47.91,72.86,85.86,89.53,99.97,Very High
50501107520,252,9,11,0,287,87.8,3.14,3.83,0.0,87.8,3.14,3.83,49,37.64,781,1100,3095,3485,232,473,49.05,97.83,80.69,False,86.79,True,95.98,True,47.97,72.93,85.91,89.47,99.97,Very High
30403109209,170,22,4,0,210,80.95,10.48,1.9,0.0,80.95,10.48,1.9,47,39.27,606,1074,3166,4643,257,370,69.46,89.66,77.08,False,95.69,True,97.84,True,48.66,73.64,86.47,89.44,99.97,Very High
30302105336,209,0,0,0,218,95.87,0.0,0.0,0.0,95.87,0.0,0.0,39,25.21,714,1317,4714,4868,285,390,73.08,96.23,79.92,False,99.55,True,85.11,False,48.07,73.03,85.99,89.39,99.96,Very High
31802149001,216,6,3,0,243,88.89,2.47,1.23,0.0,88.89,2.47,1.23,48,33.65,639,1708,4250,4353,247,398,62.06,92.51,78.28,False,96.05,True,93.39,True,48.37,73.34,86.24,89.35,99.96,Very High
30402109106,195,0,0,0,201,97.01,0.0,0.0,0.0,97.01,0.0,0.0,44,26.41,693,1148,4606,4528,292,416,70.19,95.44,79.56,False,99.2,True,86.26,False,48.11,73.07,86.02,89.32,99.96,Very High
11501129614,176,31,0,0,202,87.13,15.35,0.0,0.0,87.13,15.35,0.0,42,31.59,649,1280,3591,3727,245,385,63.64,93.2,78.58,False,97.32,True,90.96,True,48.28,73.25,86.17,89.28,99.96,Very High
40103101212,209,31,0,0,262,79.77,11.83,0.0,0.0,79.77,11.83,0.0,43,29.9,729,1127,2880,3461,284,427,66.51,96.68,80.13,False,95.93,True,87.49,False,47.96,72.91,85.9,89.23,99.96,Very High
50301103010,180,0,0,0,202,89.11,0.0,0.0,0.0,89.11,0.0,0.0,48,36.52,586,1256,4521,4782,244,344,70.93,87.43,76.14,False,99.22,True,96.32,True,48.75,73.73,86.54,89.21,99.96,Very High
21102126127,193,0,0,0,203,95.07,0.0,0.0,0.0,95.07,0.0,0.0,48,38.59,596,1047,3444,3678,204,337,60.53,88.56,76.62,False,96.15,True,97.78,True,48.63,73.62,86.45,89.18,99.95,Very High
40103101210,206,4,0,0,223,92.38,1.79,0.0,0.0,92.38,1.79,0.0,45,34.22,640,1183,3073,3312,254,397,63.98,92.57,78.31,False,96.13,True,92.49,True,48.28,73.25,86.17,89.16,99.95,Very High
50501107612,303,0,0,0,319,94.98,0.0,0.0,0.0,94.98,0.0,0.0,44,27.83,999,1110,3710,3805,265,550,48.18,99.42,81.77,False,91.56,True,87.31,False,47.68,72.62,85.68,89.13,99.95,Very High
12003139506,156,15,3,0,180,86.67,8.33,1.67,0.0,86.67,8.33,1.67,49,41.14,598,1021,3607,4200,174,298,58.39,88.78,76.71,False,93.99,True,99.38,True,48.58,73.56,86.41,89.11,99.95,Very High
30402109018,282,0,0,0,292,96.58,0.0,0.0,0.0,96.58,0.0,0.0,39,24.71,866,1185,3115,3187,322,487,66.12,98.8,81.25,False,96.78,True,83.11,False,47.72,72.67,85.71,89.11,99.95,Very High
50301103015,194,0,0,0,206,94.17,0.0,0.0,0.0,94.17,0.0,0.0,44,30.52,629,1293,4312,4592,255,364,70.05,91.75,77.96,False,99.06,True,90.27,True,48.31,73.28,86.19,89.07,99.95,Very High
50502109605,195,13,0,0,225,86.67,5.78,0.0,0.0,86.67,5.78,0.0,42,29.2,661,1107,3444,3727,260,385,67.53,93.96,78.91,False,98.01,True,88.39,False,48.11,73.08,86.03,89.06,99.94,Very High
80101102105,226,0,0,0,232,97.41,0.0,0.0,0.0,97.41,0.0,0.0,40,28.95,722,1341,3325,3513,235,405,58.02,96.49,80.04,False,95.06,True,87.92,False,47.89,72.85,85.85,89.06,99.94,Very High
50501107216,192,30,0,0,233,82.4,12.88,0.0,0.0,82.4,12.88,0.0,45,34.92,653,890,2924,3349,212,353,60.06,93.46,78.69,False,94.32,True,92.68,True,48.15,73.12,86.06,89.05,99.94,Very High
12201141841,199,5,0,0,208,95.67,2.4,0.0,0.0,95.67,2.4,0.0,43,30.25,638,1319,4648,4767,244,377,64.72,92.43,78.25,False,98.19,True,90.13,True,48.24,73.2,86.13,89.04,99.94,Very High
50704118131,174,5,0,0,204,85.29,2.45,0.0,0.0,85.29,2.45,0.0,40,33.08,647,982,3937,4208,158,286,55.24,93.06,78.52,False,94.77,True,92.71,True,48.18,73.15,86.08,89.04,99.94,Very High
12202142109,214,14,24,0,267,80.15,5.24,8.99,0.0,80.15,5.24,8.99,52,45.47,706,1226,3250,3486,236,428,55.14,95.96,79.8,False,84.76,True,98.79,True,47.92,72.88,85.87,89.02,99.94,Very High
12103140727,177,3,0,0,193,91.71,1.55,0.0,0.0,91.71,1.55,0.0,46,35.2,588,1134,4513,4625,262,355,73.8,87.64,76.23,False,99.48,True,94.99,True,48.64,73.62,86.45,89.01,99.93,Very High
20303149009,200,0,0,0,216,92.59,0.0,0.0,0.0,92.59,0.0,0.0,44,33.69,659,1061,3067,3125,210,360,58.33,93.83,78.85,False,94.31,True,91.93,True,48.09,73.05,86.01,88.98,99.93,Very High
21402138134,181,0,0,0,210,86.19,0.0,0.0,0.0,86.19,0.0,0.0,49,36.58,585,1191,4399,4716,201,303,66.34,87.31,76.09,False,98.43,True,96.35,True,48.65,73.63,86.46,88.98,99.93,Very High
50501107215,239,0,0,0,245,97.55,0.0,0.0,0.0,97.55,0.0,0.0,44,34.56,732,987,2765,2966,212,405,52.35,96.76,80.17,False,90.62,True,91.64,True,47.83,72.78,85.8,88.97,99.93,Very High
30403109404,191,9,0,0,205,93.17,4.39,0.0,0.0,93.17,4.39,0.0,42,28.28,640,1484,4537,4833,304,379,80.21,92.57,78.31,False,99.74,True,88.09,False,48.19,73.16,86.09,88.96,99.93,Very High
12101168508,173,0,6,0,200,86.5,0.0,3.0,0.0,86.5,0.0,3.0,46,36.89,591,1600,4772,4924,298,381,78.22,88.0,76.38,False,96.85,True,96.83,True,48.57,73.55,86.4,88.93,99.93,Very High
50502109329,289,30,0,0,327,88.38,9.17,0.0,0.0,88.38,9.17,0.0,39,25.25,994,1122,3146,3276,331,576,57.47,99.41,81.75,False,94.3,True,83.75,False,47.58,72.52,85.59,88.92,99.92,Very High
10102161138,211,0,0,0,215,98.14,0.0,0.0,0.0,98.14,0.0,0.0,45,31.16,661,1457,3750,3874,225,399,56.39,93.96,78.91,False,95.09,True,90.68,True,48.04,73.0,85.97,88.91,99.92,Very High
30201102315,263,0,0,0,272,96.69,0.0,0.0,0.0,96.69,0.0,0.0,38,22.23,895,1132,3511,3374,303,475,63.79,98.98,81.38,False,97.24,True,81.49,False,47.6,72.54,85.61,88.89,99.92,Very High
40103101207,125,44,0,0,174,71.84,25.29,0.0,0.0,71.84,25.29,0.0,43,37.58,628,676,2566,2806,219,295,74.24,91.67,77.92,False,95.06,True,93.56,True,48.22,73.19,86.12,88.86,99.92,Very High
12103141131,194,5,18,0,221,87.78,2.26,8.14,0.0,87.78,2.26,8.14,45,34.45,685,1101,3650,3700,276,409,67.48,95.1,79.41,False,90.12,True,93.87,True,47.91,72.87,85.87,88.84,99.92,Very High
20603111306,208,30,5,0,248,83.87,12.1,2.02,0.0,83.87,12.1,2.02,43,33.48,675,1187,3132,3708,216,368,58.7,94.65,79.21,False,92.66,True,91.93,True,47.95,72.91,85.9,88.84,99.92,Very High
12201141806,201,0,0,0,207,97.1,0.0,0.0,0.0,97.1,0.0,0.0,43,25.62,683,1229,4696,4750,258,391,65.98,95.01,79.37,False,98.5,True,85.52,False,47.91,72.86,85.86,88.82,99.91,Very High
20804119513,168,24,9,0,215,78.14,11.16,4.19,0.0,78.14,11.16,4.19,45,31.67,641,1375,4650,4920,300,370,81.08,92.64,78.34,False,95.63,True,91.55,True,48.12,73.08,86.03,88.82,99.91,Very High
30402108716,179,0,3,0,193,92.75,0.0,1.55,0.0,92.75,0.0,1.55,45,36.58,585,1449,4374,4534,239,336,71.13,87.31,76.09,False,97.65,True,96.34,True,48.56,73.54,86.39,88.79,99.91,Very High
20701115026,172,26,0,0,211,81.52,12.32,0.0,0.0,81.52,12.32,0.0,41,29.17,641,1024,3345,3732,290,363,79.89,92.64,78.34,False,98.8,True,88.18,False,48.09,73.06,86.01,88.78,99.91,Very High
50501107510,244,9,0,0,264,92.42,3.41,0.0,0.0,92.42,3.41,0.0,46,37.8,701,914,2511,2739,212,392,54.08,95.78,79.71,False,89.46,True,93.28,True,47.81,72.76,85.79,88.75,99.91,Very High
40107102310,195,20,14,0,250,78.0,8.0,5.6,0.0,78.0,8.0,5.6,47,40.46,613,1220,3033,3636,262,367,71.39,90.38,77.38,False,91.7,True,98.1,True,48.27,73.24,86.16,88.74,99.9,Very High
40303106715,477,0,0,0,492,96.95,0.0,0.0,0.0,96.95,0.0,0.0,39,23.89,1507,1254,3170,3315,440,816,53.92,99.88,82.97,False,93.01,True,82.47,False,47.47,72.4,85.5,88.74,99.9,Very High
12601149654,201,3,0,0,205,98.05,1.46,0.0,0.0,98.05,1.46,0.0,41,23.49,694,1136,4416,4526,316,414,76.33,95.49,79.58,False,99.6,True,83.26,False,47.8,72.76,85.78,88.69,99.9,Very High
50501107617,413,17,0,0,449,91.98,3.79,0.0,0.0,91.98,3.79,0.0,41,27.35,1360,1174,3492,3477,334,763,43.77,99.83,82.65,False,89.11,True,86.61,False,47.45,72.38,85.48,88.69,99.9,Very High
11501129610,183,0,0,0,194,94.33,0.0,0.0,0.0,94.33,0.0,0.0,42,36.07,596,1052,3466,3405,211,341,61.88,88.56,76.62,False,96.64,True,95.3,True,48.4,73.38,86.26,88.68,99.9,Very High
12103140838,196,3,0,3,207,94.69,1.45,0.0,1.45,94.69,1.45,0.0,40,24.47,703,1097,3600,3874,269,389,69.15,95.85,79.75,False,98.49,True,83.85,False,47.77,72.72,85.75,88.68,99.9,Very High
20801117332,164,42,8,0,221,74.21,19.0,3.62,0.0,74.21,19.0,3.62,44,34.49,632,1032,3374,3666,235,357,65.83,91.98,78.06,False,93.88,True,93.56,True,48.1,73.07,86.02,88.67,99.9,Very High
30402109108,187,0,0,0,194,96.39,0.0,0.0,0.0,96.39,0.0,0.0,44,30.52,639,1112,3750,3785,239,392,60.97,92.51,78.28,False,96.67,True,90.04,True,48.05,73.01,85.98,88.66,99.89,Very High
50301103609,179,9,0,0,203,88.18,4.43,0.0,0.0,88.18,4.43,0.0,44,31.94,598,1505,4399,4690,265,359,73.82,88.78,76.71,False,99.45,True,91.71,True,48.33,73.3,86.2,88.56,99.89,Very High
12801153110,186,4,0,0,202,92.08,1.98,0.0,0.0,92.08,1.98,0.0,46,35.88,602,1245,4111,3963,184,332,55.42,89.26,76.91,False,94.92,True,95.57,True,48.28,73.25,86.17,88.55,99.89,Very High
31401138713,272,0,4,0,293,92.83,0.0,1.37,0.0,92.83,0.0,1.37,43,25.98,920,1098,3383,3528,273,515,53.01,99.13,81.49,False,91.85,True,85.06,False,47.4,72.34,85.45,88.5,99.89,Very High
50704117826,182,41,0,0,245,74.29,16.73,0.0,0.0,74.29,16.73,0.0,46,37.79,606,1162,2839,3365,231,373,61.93,89.66,77.08,False,94.53,True,95.2,True,48.22,73.19,86.12,88.49,99.89,Very High
30102100809,225,3,0,0,233,96.57,1.29,0.0,0.0,96.57,1.29,0.0,47,37.19,691,985,2767,2859,189,407,46.44,95.34,79.52,False,87.92,True,94.28,True,47.72,72.67,85.71,88.47,99.88,Very High
50502108914,216,24,0,0,256,84.38,9.38,0.0,0.0,84.38,9.38,0.0,41,26.04,745,1038,3083,3536,243,394,61.68,97.1,80.33,False,95.48,True,84.34,False,47.56,72.51,85.58,88.47,99.88,Very High
12103141236,172,0,0,0,186,92.47,0.0,0.0,0.0,92.47,0.0,0.0,46,34.35,591,940,3611,3718,223,341,65.4,88.0,76.38,False,97.77,True,93.74,True,48.32,73.29,86.19,88.39,99.88,Very High
21402138224,212,0,0,0,297,71.38,0.0,0.0,0.0,71.38,0.0,0.0,44,31.3,706,1145,3137,3374,192,383,50.13,95.96,79.8,False,91.27,True,89.77,True,47.62,72.57,85.63,88.39,99.88,Very High
50301103512,165,29,29,0,234,70.51,12.39,12.39,0.0,70.51,12.39,12.39,45,37.82,706,1212,3173,4658,300,453,66.23,95.96,79.8,False,84.64,True,96.4,True,47.62,72.57,85.63,88.39,99.88,Very High
11402128430,240,18,0,0,296,81.08,6.08,0.0,0.0,81.08,6.08,0.0,57,51.05,717,1045,2347,2799,223,430,51.86,96.33,79.97,False,86.62,True,93.83,True,47.58,72.52,85.6,88.37,99.88,Very High
12102140613,125,25,0,0,163,76.69,15.34,0.0,0.0,76.69,15.34,0.0,46,37.4,607,1162,3480,3905,200,395,50.63,89.77,77.12,False,92.41,True,96.65,True,48.15,73.11,86.06,88.36,99.88,Very High
11501155519,171,34,0,0,216,79.17,15.74,0.0,0.0,79.17,15.74,0.0,41,30.31,640,1096,3016,3133,259,371,69.81,92.57,78.31,False,96.99,True,88.31,True,47.89,72.85,85.85,88.33,99.87,Very High
12203143022,170,0,3,0,178,95.51,0.0,1.69,0.0,95.51,0.0,1.69,45,32.6,684,1138,3812,4399,181,379,47.76,95.05,79.39,False,89.74,True,92.16,True,47.66,72.61,85.66,88.3,99.87,Very High
21302134624,197,36,0,0,248,79.44,14.52,0.0,0.0,79.44,14.52,0.0,43,30.33,666,1236,3034,3352,218,369,59.08,94.22,79.02,False,94.4,True,88.43,True,47.71,72.66,85.71,88.26,99.87,Very High
30402109007,215,85,0,0,317,67.82,26.81,0.0,0.0,67.82,26.81,0.0,39,27.9,846,1092,2723,3125,310,487,63.66,98.66,79.91,False,94.39,True,83.82,False,47.31,72.24,85.37,88.26,99.87,Very High
31401138715,197,0,0,0,210,93.81,0.0,0.0,0.0,93.81,0.0,0.0,45,30.15,650,1116,3600,3646,208,378,55.03,93.27,78.61,False,94.39,True,89.53,True,47.78,72.73,85.76,88.22,99.87,Very High
50302103822,212,24,0,0,245,86.53,9.8,0.0,0.0,86.53,9.8,0.0,41,27.59,638,1510,3481,4405,245,363,67.49,92.43,78.25,False,98.07,True,86.84,False,47.84,72.79,85.81,88.19,99.87,Very High
80106106402,173,19,0,0,208,83.17,9.13,0.0,0.0,83.17,9.13,0.0,46,35.56,568,1583,3916,4521,255,350,72.86,85.13,75.19,False,99.2,True,95.18,True,48.47,73.44,86.31,88.18,99.86,Very High
12103141207,196,0,0,0,203,96.55,0.0,0.0,0.0,96.55,0.0,0.0,43,29.95,611,1172,3365,3824,276,363,76.03,90.16,77.29,False,98.75,True,89.0,False,48.02,72.98,85.96,88.16,99.86,Very High
20701152225,214,26,17,0,283,75.62,9.19,6.01,0.0,75.62,9.19,6.01,41,27.38,756,1312,3385,3849,298,445,66.97,97.33,80.44,False,91.76,True,86.47,False,47.39,72.33,85.44,88.16,99.86,Very High
12103141105,191,0,0,0,197,96.95,0.0,0.0,0.0,96.95,0.0,0.0,42,27.97,615,1266,4227,4386,259,347,74.64,90.57,77.46,False,99.45,True,87.69,False,47.97,72.93,85.92,88.14,99.86,Very High
11501129401,179,8,0,0,200,89.5,4.0,0.0,0.0,89.5,4.0,0.0,43,33.12,619,1098,3545,3659,188,343,54.81,90.91,77.6,False,94.23,True,92.44,True,47.94,72.9,85.89,88.13,99.86,Very High
50501107614,489,0,0,0,514,95.14,0.0,0.0,0.0,95.14,0.0,0.0,41,24.79,1573,1134,3468,3596,370,858,43.12,99.89,83.1,False,88.75,True,84.02,False,47.17,72.09,85.25,88.1,99.86,Very High
20901119807,142,31,10,0,202,70.3,15.35,4.95,0.0,70.3,15.35,4.95,46,39.1,647,869,2777,3513,210,371,56.6,93.06,78.52,False,87.45,True,96.24,True,47.74,72.68,85.72,88.09,99.85,Very High
50501107611,392,3,19,0,427,91.8,0.7,4.45,0.0,91.8,0.7,4.45,44,28.05,1287,1225,3662,3701,331,718,46.1,99.79,82.49,False,86.04,True,87.49,False,47.16,72.08,85.25,88.09,99.85,Very High
21103126808,218,0,0,0,230,94.78,0.0,0.0,0.0,94.78,0.0,0.0,45,32.96,710,849,2632,2750,200,374,53.48,96.1,79.86,False,90.24,True,89.32,True,47.46,72.4,85.5,88.07,99.85,Very High
50302104320,159,17,0,0,183,86.89,9.29,0.0,0.0,86.89,9.29,0.0,43,37.25,596,862,3016,3269,198,336,58.93,88.56,76.62,False,94.23,True,95.25,True,48.12,73.08,86.03,88.07,99.85,Very High
11602130929,215,7,0,0,229,93.89,3.06,0.0,0.0,93.89,3.06,0.0,38,19.0,821,1066,3662,3419,303,466,65.02,98.42,81.01,False,97.74,True,78.44,False,47.24,72.16,85.31,88.03,99.85,Very High
50704117815,187,51,0,0,253,73.91,20.16,0.0,0.0,73.91,20.16,0.0,47,39.95,736,765,2230,2700,230,415,55.42,96.86,80.22,False,86.2,True,92.17,True,47.38,72.31,85.43,88.03,99.85,Very High
80101100105,196,0,0,0,202,97.03,0.0,0.0,0.0,97.03,0.0,0.0,44,36.29,587,1314,2902,3232,255,364,70.05,87.53,76.19,False,96.65,True,93.97,True,48.18,73.15,86.09,88.02,99.84,Very High
30504113419,169,15,4,0,203,83.25,7.39,1.97,0.0,83.25,7.39,1.97,44,30.61,624,1176,3392,4575,242,361,67.04,91.34,77.78,False,95.83,True,89.71,True,47.84,72.79,85.81,87.99,99.84,Very High
50502109406,243,14,3,0,284,85.56,4.93,1.06,0.0,85.56,4.93,1.06,41,31.17,754,1080,2853,3273,210,421,49.88,97.3,80.43,False,88.93,True,88.65,True,47.32,72.24,85.38,87.98,99.84,Very High
12202142101,257,0,0,0,336,76.49,0.0,0.0,0.0,76.49,0.0,0.0,48,34.88,711,1101,2397,2912,251,433,57.97,96.12,79.87,False,89.77,True,89.34,True,47.41,72.34,85.45,87.96,99.84,Very High
40303106724,263,0,0,0,274,95.99,0.0,0.0,0.0,95.99,0.0,0.0,39,25.92,841,1138,3078,3140,230,455,50.55,98.61,81.13,False,91.24,True,84.2,False,47.17,72.09,85.26,87.92,99.84,Very High
50301103528,169,3,0,0,199,84.92,1.51,0.0,0.0,84.92,1.51,0.0,46,38.24,544,1512,4641,4796,262,329,79.64,81.58,73.72,False,99.8,True,98.11,True,48.65,73.63,86.46,87.91,99.84,Very High
50704118107,174,12,0,0,207,84.06,5.8,0.0,0.0,84.06,5.8,0.0,47,34.88,582,1139,3750,4321,211,349,60.46,86.95,75.94,False,96.51,True,94.4,True,48.18,73.15,86.08,87.9,99.83,Very High
20701114606,178,31,0,4,232,76.72,13.36,0.0,1.72,76.72,13.36,0.0,39,24.32,666,1280,3270,3650,286,399,71.68,94.22,79.02,False,98.19,True,83.16,False,47.54,72.48,85.56,87.89,99.83,Very High
50502109327,263,40,0,0,322,81.68,12.42,0.0,0.0,81.68,12.42,0.0,36,20.13,924,1130,3062,3250,324,508,63.78,99.14,81.5,False,96.03,True,78.36,False,47.11,72.02,85.2,87.88,99.83,Very High
30402109105,180,0,5,0,185,97.3,0.0,2.7,0.0,97.3,0.0,2.7,42,29.58,622,1221,4143,4511,240,352,68.18,91.16,77.71,False,96.02,True,89.28,False,47.8,72.75,85.77,87.87,99.83,Very High
50301103612,195,8,0,0,225,86.67,3.56,0.0,0.0,86.67,3.56,0.0,41,28.18,621,1092,3349,3963,248,355,69.86,91.07,77.67,False,98.19,True,87.2,False,47.8,72.75,85.78,87.86,99.83,Very High
12601172113,154,33,3,0,208,74.04,15.87,1.44,0.0,74.04,15.87,1.44,39,27.56,675,860,2922,2700,276,396,69.7,94.65,79.21,False,95.24,True,85.31,False,47.47,72.41,85.51,87.83,99.82,Very High
21202129314,247,0,0,0,254,97.24,0.0,0.0,0.0,97.24,0.0,0.0,39,27.58,863,1043,3152,3130,188,421,44.66,98.79,81.24,False,88.69,True,86.11,False,47.11,72.03,85.21,87.83,99.82,Very High
11501162130,206,0,0,0,211,97.63,0.0,0.0,0.0,97.63,0.0,0.0,38,24.82,693,1006,3305,3302,206,344,59.88,95.44,79.56,False,95.62,True,83.75,False,47.39,72.32,85.44,87.8,99.82,Very High
12502171108,193,11,0,0,217,88.94,5.07,0.0,0.0,88.94,5.07,0.0,42,29.88,656,1012,2949,3103,219,372,58.87,93.64,78.77,False,94.03,True,87.73,False,47.55,72.49,85.57,87.8,99.82,Very High
11501162124,192,4,0,0,195,98.46,2.05,0.0,0.0,98.46,2.05,0.0,38,24.0,675,1130,3625,3583,232,373,62.2,94.65,79.21,False,96.94,True,83.4,False,47.45,72.38,85.49,87.78,99.82,Very High
12102140324,223,10,0,0,247,90.28,4.05,0.0,0.0,90.28,4.05,0.0,44,31.92,708,845,2583,2783,225,410,54.88,96.04,79.83,False,90.48,True,88.0,True,47.33,72.26,85.39,87.78,99.82,Very High
20202103101,261,25,0,0,301,86.71,8.31,0.0,0.0,86.71,8.31,0.0,42,32.16,765,1070,2404,2788,257,446,57.62,97.51,80.53,False,89.74,True,86.71,True,47.2,72.12,85.28,87.77,99.81,Very High
20303148901,203,29,7,0,300,67.67,9.67,2.33,0.0,67.67,9.67,2.33,53,45.99,661,1086,2639,2882,200,383,52.22,93.96,77.57,False,87.43,True,95.39,True,47.48,72.42,85.52,87.77,99.81,Very High
30301105115,266,8,0,0,291,91.41,2.75,0.0,0.0,91.41,2.75,0.0,35,16.94,992,1117,3456,3465,337,523,64.44,99.4,81.74,False,97.34,True,76.15,False,47.04,71.95,85.14,87.77,99.81,Very High
20303105341,229,0,0,0,290,78.97,0.0,0.0,0.0,78.97,0.0,0.0,46,34.31,682,1040,2816,3024,190,409,46.45,94.97,79.35,False,88.19,True,91.63,True,47.41,72.34,85.46,87.75,99.81,Very High
40401109201,222,35,0,0,277,80.14,12.64,0.0,0.0,80.14,12.64,0.0,43,32.03,743,1052,2636,3177,206,417,49.4,97.06,80.31,False,88.5,True,88.41,True,47.22,72.14,85.29,87.73,99.81,Very High
50502109308,233,0,0,0,242,96.28,0.0,0.0,0.0,96.28,0.0,0.0,40,24.18,703,1049,3111,3250,254,404,62.87,95.85,79.75,False,95.96,True,82.57,False,47.32,72.25,85.38,87.73,99.81,Very High
12103141013,177,0,0,0,183,96.72,0.0,0.0,0.0,96.72,0.0,0.0,42,29.64,604,981,3531,3528,217,327,66.36,89.47,77.0,False,97.88,True,88.93,False,47.86,72.82,85.83,87.7,99.8,Very High
12801153008,182,19,0,0,201,90.55,9.45,0.0,0.0,90.55,9.45,0.0,45,35.67,614,1071,3323,3474,167,348,47.99,90.48,77.42,False,90.87,True,94.64,True,47.78,72.73,85.76,87.7,99.8,Very High
50607114710,184,53,0,0,259,71.04,20.46,0.0,0.0,71.04,20.46,0.0,44,35.81,592,1210,2949,3727,223,362,61.6,88.12,76.43,False,94.94,True,93.66,True,47.99,72.94,85.93,87.7,99.8,Very High
20801116810,156,43,6,0,223,69.96,19.28,2.69,0.0,69.96,19.28,2.69,51,40.0,580,1125,3014,3266,208,338,61.54,86.72,75.83,False,92.4,True,97.97,True,48.1,73.06,86.02,87.69,99.8,Very High
12202142102,195,0,0,0,199,97.99,0.0,0.0,0.0,97.99,0.0,0.0,42,30.36,662,963,3212,3147,181,358,50.56,94.03,78.94,False,91.71,True,89.04,True,47.46,72.39,85.49,87.68,99.8,Very High
30403109205,210,0,0,0,219,95.89,0.0,0.0,0.0,95.89,0.0,0.0,38,20.95,716,1364,3370,3478,253,380,66.58,96.3,79.95,False,97.66,True,80.0,False,47.25,72.17,85.32,87.66,99.8,Very High
50605114032,258,0,0,0,274,94.16,0.0,0.0,0.0,94.16,0.0,0.0,46,36.1,759,924,2531,2859,184,432,42.59,97.39,80.47,False,84.36,False,91.81,True,47.15,72.07,85.24,87.66,99.8,Very High
11501155524,181,0,0,0,190,95.26,0.0,0.0,0.0,95.26,0.0,0.0,45,33.0,600,1028,3307,3250,201,342,58.77,89.02,76.81,False,95.26,True,91.93,True,47.88,72.83,85.84,87.64,99.79,Very High
12601172017,185,0,7,0,198,93.43,0.0,3.54,0.0,93.43,0.0,3.54,48,39.59,581,983,2910,3159,252,375,67.2,86.83,75.89,False,92.67,True,97.3,True,48.06,73.02,85.99,87.63,99.79,Very High
20801117107,132,55,0,0,199,66.33,27.64,0.0,0.0,66.33,27.64,0.0,44,33.33,648,763,2949,3529,203,334,60.78,93.13,76.45,False,94.67,True,89.61,True,47.48,72.42,85.51,87.63,99.79,Very High
21002123215,270,36,0,0,334,80.84,10.78,0.0,0.0,80.84,10.78,0.0,44,31.34,919,983,2575,2791,213,471,45.22,99.12,81.49,False,86.07,True,87.37,True,46.99,71.9,85.1,87.63,99.79,Very High
21402138233,248,0,0,0,272,91.18,0.0,0.0,0.0,91.18,0.0,0.0,45,29.15,789,911,2766,3010,200,412,48.54,97.97,80.77,False,88.92,True,86.24,False,47.08,72.0,85.18,87.62,99.79,Very High
12802153519,269,17,0,0,293,91.81,5.8,0.0,0.0,91.81,5.8,0.0,37,26.59,974,1009,2983,2986,220,485,45.36,99.36,81.69,False,88.38,True,84.55,False,46.96,71.87,85.08,87.61,99.78,Very High
50301103320,196,0,0,0,208,94.23,0.0,0.0,0.0,94.23,0.0,0.0,40,27.39,617,1121,3374,4392,246,347,70.89,90.75,77.53,False,98.36,True,86.46,False,47.71,72.66,85.71,87.61,99.78,Very High
20701114614,177,12,0,21,221,80.09,5.43,0.0,9.5,80.09,5.43,0.0,43,28.93,629,1021,2916,3476,255,362,70.44,91.75,77.96,False,96.76,True,86.66,False,47.62,72.56,85.63,87.59,99.78,Very High
11602130922,212,0,0,0,216,98.15,0.0,0.0,0.0,98.15,0.0,0.0,37,19.95,767,1052,3394,3162,274,441,62.13,97.55,80.55,False,96.57,True,79.05,False,47.1,72.02,85.2,87.58,99.78,Very High
11501162220,211,7,4,0,226,93.36,3.1,1.77,0.0,93.36,3.1,1.77,37,18.28,826,1158,3675,3562,304,450,67.56,98.47,81.04,False,96.54,True,77.73,False,47.02,71.93,85.13,87.57,99.78,Very High
12202169023,174,6,10,0,205,84.88,2.93,4.88,0.0,84.88,2.93,4.88,49,40.63,667,1041,2978,3116,175,412,42.48,94.27,79.04,False,82.03,False,97.94,True,47.38,72.31,85.43,87.56,99.78,Very High
40103101215,193,8,0,0,217,88.94,3.69,0.0,0.0,88.94,3.69,0.0,43,33.84,591,1148,2926,3094,240,348,68.97,88.0,76.38,False,96.58,True,91.61,True,47.93,72.89,85.88,87.56,99.78,Very High
50501107404,220,4,0,0,232,94.83,1.72,0.0,0.0,94.83,1.72,0.0,51,38.96,675,1028,2676,2888,154,388,39.69,94.65,79.21,False,83.83,False,95.56,True,47.34,72.27,85.39,87.54,99.77,Very High
60102100716,344,5,0,0,375,91.73,1.33,0.0,0.0,91.73,1.33,0.0,42,31.16,1027,987,2543,2644,250,564,44.33,99.49,81.85,False,85.37,True,86.98,True,46.92,71.82,85.04,87.54,99.77,Very High
12101168511,162,0,0,0,182,89.01,0.0,0.0,0.0,89.01,0.0,0.0,48,36.4,544,1485,5114,5341,276,348,79.31,81.58,73.72,False,99.91,True,96.37,True,48.46,73.44,86.31,87.5,99.77,Very High
80101102606,192,15,0,0,222,86.49,6.76,0.0,0.0,86.49,6.76,0.0,40,30.03,626,1268,3172,3326,221,378,58.47,91.52,77.86,False,94.75,True,88.61,True,47.59,72.54,85.61,87.5,99.77,Very High
12301143303,234,3,6,0,241,97.1,1.24,2.49,0.0,97.1,1.24,2.49,42,31.01,845,1026,3407,3368,165,430,38.37,98.65,81.15,False,83.53,False,90.14,True,46.96,71.87,85.08,87.49,99.77,Very High
20802117742,155,23,7,0,195,79.49,11.79,3.59,0.0,79.49,11.79,3.59,42,35.12,578,1192,3636,3924,245,336,72.92,86.46,75.74,False,95.38,True,94.53,True,48.03,72.99,85.96,87.49,99.77,Very High
30402108904,209,0,0,0,221,94.57,0.0,0.0,0.0,94.57,0.0,0.0,39,22.73,673,1171,3181,3575,270,373,72.39,94.54,79.16,False,97.98,True,81.34,False,47.32,72.25,85.38,87.49,99.77,Very High
50603112906,174,33,6,0,221,78.73,14.93,2.71,0.0,78.73,14.93,2.71,46,37.15,603,954,2791,3308,212,341,62.17,89.36,76.95,False,91.66,True,94.36,True,47.76,72.71,85.75,87.46,99.76,Very High
11903166629,167,4,0,4,186,89.78,2.15,0.0,2.15,89.78,2.15,0.0,38,28.06,613,1091,3431,3860,217,336,64.58,90.38,77.38,False,97.33,True,87.23,False,47.66,72.6,85.66,87.43,99.76,Very High
20802118101,217,34,0,0,262,82.82,12.98,0.0,0.0,82.82,12.98,0.0,41,25.53,748,1012,2607,2912,262,409,64.06,97.18,80.37,False,93.77,True,81.75,False,47.06,71.97,85.16,87.43,99.76,Very High
50704117523,188,24,0,0,226,83.19,10.62,0.0,0.0,83.19,10.62,0.0,42,30.55,599,1182,3118,3700,241,343,70.26,88.89,76.75,False,97.52,True,88.95,True,47.79,72.74,85.76,87.42,99.76,Very High
12602159002,158,39,0,0,208,75.96,18.75,0.0,0.0,75.96,18.75,0.0,44,36.29,609,1037,3066,3205,167,343,48.69,89.97,77.21,False,90.32,True,94.53,True,47.67,72.61,85.67,87.37,99.76,Very High
60105103103,252,33,0,0,316,79.75,10.44,0.0,0.0,79.75,10.44,0.0,46,39.74,755,935,2125,2323,277,490,56.53,97.31,80.43,False,84.73,False,90.33,True,47.02,71.93,85.13,87.36,99.75,Very High
50401104511,228,51,0,0,310,73.55,16.45,0.0,0.0,73.55,16.45,0.0,43,35.62,772,954,2333,3025,230,466,49.36,97.66,80.61,False,85.29,True,89.27,True,46.98,71.89,85.1,87.35,99.75,Very High
11903137108,187,6,21,0,221,84.62,2.71,9.5,0.0,84.62,2.71,9.5,44,35.63,696,1051,3050,3410,224,407,55.04,95.58,79.62,False,83.5,True,93.81,True,47.16,72.07,85.24,87.33,99.75,Very High
11501162215,181,4,0,0,190,95.26,2.11,0.0,0.0,95.26,2.11,0.0,37,19.83,691,1231,3966,3767,237,362,65.47,95.34,79.52,False,98.08,True,79.47,False,47.17,72.09,85.25,87.31,99.75,Very High
40106102121,172,22,7,0,218,78.9,10.09,3.21,0.0,78.9,10.09,3.21,48,43.56,668,939,2516,3050,184,388,47.42,94.32,79.06,False,83.37,True,95.53,True,47.26,72.18,85.33,87.31,99.75,Very High
50704118124,243,16,0,0,267,91.01,5.99,0.0,0.0,91.01,5.99,0.0,42,30.05,732,982,2588,3083,215,411,52.31,96.76,80.17,False,89.47,True,86.16,True,47.04,71.95,85.15,87.31,99.75,Very High
21102126133,191,0,0,0,197,96.95,0.0,0.0,0.0,96.95,0.0,0.0,45,29.06,640,996,3345,3345,186,351,52.99,92.57,78.31,False,93.12,True,88.07,False,47.41,72.34,85.45,87.3,99.74,Very High
40303106830,239,0,0,3,253,94.47,0.0,0.0,1.19,94.47,0.0,0.0,41,25.1,729,1125,2880,3197,224,394,56.85,96.68,80.13,False,93.01,True,82.69,False,47.04,71.96,85.15,87.3,99.74,Very High
12203169219,184,3,0,0,191,96.34,1.57,0.0,0.0,96.34,1.57,0.0,44,33.84,597,1069,3324,3402,172,321,53.58,88.68,76.67,False,93.33,True,92.81,True,47.73,72.68,85.72,87.27,99.74,Very High
50501107501,183,0,0,0,197,92.89,0.0,0.0,0.0,92.89,0.0,0.0,46,38.05,586,1038,3312,3374,158,330,47.88,87.43,76.14,False,90.78,True,96.99,True,47.84,72.8,85.81,87.27,99.74,Very High
20701115021,144,56,0,0,217,66.36,25.81,0.0,0.0,66.36,25.81,0.0,42,32.11,598,1280,3473,4187,268,372,72.04,88.78,74.63,False,98.69,True,89.79,True,47.69,72.64,85.69,87.26,99.73,Very High
30402109017,220,0,0,0,224,98.21,0.0,0.0,0.0,98.21,0.0,0.0,41,26.27,651,1121,2849,3195,271,390,69.49,93.33,78.63,False,96.31,True,83.73,False,47.32,72.25,85.38,87.26,99.73,Very High
50501107205,208,9,0,0,231,90.04,3.9,0.0,0.0,90.04,3.9,0.0,42,30.62,676,1109,2986,3178,189,395,47.85,94.7,79.23,False,89.62,True,88.58,True,47.2,72.12,85.28,87.26,99.73,Very High
50502108951,192,3,0,0,203,94.58,1.48,0.0,0.0,94.58,1.48,0.0,39,26.45,741,988,3329,3432,178,391,45.52,97.01,80.29,False,89.66,True,85.43,False,47.0,71.91,85.11,87.26,99.73,Very High
12103141140,165,3,0,0,179,92.18,1.68,0.0,0.0,92.18,1.68,0.0,46,34.91,550,1080,4613,4777,223,315,70.79,82.52,74.11,False,99.27,True,94.76,True,48.26,73.23,86.15,87.24,99.73,Very High
30602114907,270,3,0,0,300,90.0,1.0,0.0,0.0,90.0,1.0,0.0,46,33.5,788,976,2542,2829,188,443,42.44,97.96,80.76,False,84.39,False,89.31,True,46.91,71.81,85.03,87.24,99.73,Very High
50502108930,184,7,0,0,198,92.93,3.54,0.0,0.0,92.93,3.54,0.0,44,33.22,611,1160,3125,3303,181,342,52.92,90.16,77.29,False,92.42,True,91.65,True,47.59,72.53,85.6,87.24,99.73,Very High
50301103016,174,6,0,0,186,93.55,3.23,0.0,0.0,93.55,3.23,0.0,48,40.04,527,1239,4671,4896,218,312,69.87,78.57,72.48,False,99.2,True,99.89,True,48.59,73.57,86.41,87.23,99.73,Very High
12103141230,166,0,0,0,175,94.86,0.0,0.0,0.0,94.86,0.0,0.0,46,34.78,552,1080,3874,3718,242,332,72.89,82.8,74.22,False,99.17,True,94.37,True,48.22,73.19,86.12,87.21,99.72,Very High
12602159006,152,37,4,0,202,75.25,18.32,1.98,0.0,75.25,18.32,1.98,42,36.88,602,1073,3013,3015,195,363,53.72,89.26,76.91,False,90.25,True,94.87,True,47.65,72.6,85.65,87.2,99.72,Very High
20701115503,171,28,0,0,209,81.82,13.4,0.0,0.0,81.82,13.4,0.0,44,30.24,582,1239,3481,4399,252,353,71.39,86.95,75.94,False,98.64,True,89.49,True,47.85,72.81,85.82,87.2,99.72,Very High
50701115216,230,4,0,0,241,95.44,1.66,0.0,0.0,95.44,1.66,0.0,47,37.55,703,913,2625,2928,144,379,37.99,95.85,79.75,False,82.54,False,93.88,True,47.07,71.98,85.17,87.2,99.72,Very High
30103101924,276,0,0,0,277,99.64,0.0,0.0,0.0,99.64,0.0,0.0,36,15.76,971,1398,3891,3897,276,473,58.35,99.35,81.68,False,95.9,True,75.36,False,46.76,71.66,84.91,87.19,99.72,Very High
31602142315,241,8,0,0,271,88.93,2.95,0.0,0.0,88.93,2.95,0.0,37,22.45,784,1220,3190,3315,230,438,52.51,97.89,80.72,False,92.49,True,81.08,False,46.88,71.79,85.01,87.19,99.72,Very High
50704118112,199,7,5,0,225,88.44,3.11,2.22,0.0,88.44,3.11,2.22,41,31.88,643,1166,3150,3553,195,373,52.28,92.79,78.4,False,90.05,True,90.4,True,47.33,72.26,85.39,87.19,99.72,Very High
50501107906,195,0,0,0,208,93.75,0.0,0.0,0.0,93.75,0.0,0.0,47,35.54,619,900,3021,3125,158,336,47.02,90.91,77.6,False,89.29,True,93.58,True,47.49,72.43,85.53,87.18,99.71,Very High
50704117820,182,16,0,0,213,85.45,7.51,0.0,0.0,85.45,7.51,0.0,46,38.04,560,1038,3087,3365,199,323,61.61,84.01,74.72,False,95.49,True,96.35,True,48.1,73.06,86.02,87.18,99.71,Very High
30504113225,223,0,0,0,232,96.12,0.0,0.0,0.0,96.12,0.0,0.0,35,16.44,742,1365,3821,4083,282,408,69.12,97.03,80.3,False,98.7,True,76.0,False,46.95,71.86,85.07,87.17,99.71,Very High
20302104206,215,8,0,0,233,92.27,3.43,0.0,0.0,92.27,3.43,0.0,49,42.38,623,920,2404,2697,193,367,52.59,91.25,77.75,False,87.76,True,94.55,True,47.45,72.39,85.49,87.15,99.7,Very High
30402109010,235,0,0,0,238,98.74,0.0,0.0,0.0,98.74,0.0,0.0,41,24.55,672,1134,2821,3180,266,383,69.45,94.49,79.14,False,96.15,True,81.88,False,47.16,72.08,85.25,87.15,99.7,Very High
40303106918,166,14,9,0,200,83.0,7.0,4.5,0.0,83.0,7.0,4.5,48,42.52,548,1356,4511,4583,212,313,67.73,82.22,73.98,False,94.25,True,99.79,True,48.24,73.21,86.13,87.15,99.7,Very High
50403106809,312,5,0,0,339,92.04,1.47,0.0,0.0,92.04,1.47,0.0,43,31.02,1025,1002,2901,2989,191,550,34.73,99.49,81.85,False,82.09,False,88.7,True,46.73,71.62,84.88,87.15,99.7,Very High
12502171202,180,0,0,0,187,96.26,0.0,0.0,0.0,96.26,0.0,0.0,43,37.69,597,806,2472,2437,229,358,63.97,88.68,76.67,False,92.65,True,92.97,True,47.67,72.62,85.67,87.14,99.7,Very High
30304107109,217,16,7,0,256,84.77,6.25,2.73,0.0,84.77,6.25,2.73,40,28.49,716,1128,2765,3067,241,417,57.79,96.3,79.95,False,90.03,True,85.57,False,47.0,71.91,85.12,87.14,99.7,Very High
21001123109,170,18,0,0,205,82.93,8.78,0.0,0.0,82.93,8.78,0.0,43,32.05,596,1113,3424,4049,196,350,56.0,88.56,76.62,False,94.52,True,91.21,True,47.68,72.62,85.68,87.13,99.7,Very High
11501155507,144,38,0,0,184,78.26,20.65,0.0,0.0,78.26,20.65,0.0,39,26.92,624,1062,3750,3675,202,349,57.88,91.34,77.78,False,95.65,True,86.44,False,47.43,72.36,85.47,87.12,99.69,Very High
12103141119,175,16,0,0,201,87.06,7.96,0.0,0.0,87.06,7.96,0.0,43,28.55,613,1133,3083,3643,235,360,65.28,90.38,77.38,False,96.47,True,86.85,False,47.51,72.45,85.54,87.12,99.69,Very High
30101100310,206,0,0,0,215,95.81,0.0,0.0,0.0,95.81,0.0,0.0,47,37.33,667,889,2517,2676,149,332,44.88,94.27,79.04,False,85.34,True,92.87,True,47.17,72.09,85.26,87.12,99.69,Very High
30404110303,186,0,0,0,195,95.38,0.0,0.0,0.0,95.38,0.0,0.0,39,24.5,645,1172,3694,3833,214,362,59.12,92.94,78.47,False,96.0,True,83.97,False,47.29,72.22,85.35,87.12,99.69,Very High
11501162112,198,0,0,0,206,96.12,0.0,0.0,0.0,96.12,0.0,0.0,40,24.27,717,971,3437,3367,192,385,49.87,96.33,79.97,False,91.97,True,83.45,False,46.99,71.89,85.1,87.11,99.69,Very High
20703116121,209,19,0,0,240,87.08,7.92,0.0,0.0,87.08,7.92,0.0,44,35.33,634,902,2351,2615,260,386,67.36,92.14,78.12,False,91.77,True,89.21,True,47.35,72.28,85.41,87.11,99.69,Very High
20703116427,170,60,0,0,242,70.25,24.79,0.0,0.0,70.25,24.79,0.0,42,30.91,647,897,2466,2865,262,379,69.13,93.06,78.52,False,93.63,True,86.13,True,47.27,72.2,85.34,87.11,99.69,Very High
31401138225,201,0,0,0,212,94.81,0.0,0.0,0.0,94.81,0.0,0.0,44,29.42,656,1135,3272,3227,177,369,47.97,93.64,78.77,False,90.72,True,88.27,False,47.22,72.14,85.3,87.11,99.69,Very High
30404110338,196,18,0,0,220,89.09,8.18,0.0,0.0,89.09,8.18,0.0,44,36.87,613,1079,2770,3194,184,374,49.2,90.38,77.38,False,89.26,True,93.97,True,47.5,72.44,85.53,87.1,99.68,Very High
11501155311,187,20,0,0,215,86.98,9.3,0.0,0.0,86.98,9.3,0.0,40,28.74,668,976,2687,2750,221,377,58.62,94.32,79.06,False,92.57,True,85.41,False,47.15,72.06,85.23,87.08,99.68,Very High
50301103617,160,5,4,0,176,90.91,2.84,2.27,0.0,90.91,2.84,2.27,28,24.56,627,1116,4125,4797,261,333,78.38,91.6,77.89,False,97.31,True,84.26,False,47.39,72.32,85.44,87.08,99.68,Very High
60105102907,209,4,0,0,224,93.3,1.79,0.0,0.0,93.3,1.79,0.0,42,24.88,647,1236,3316,3392,236,391,60.36,93.06,78.52,False,95.82,True,83.83,False,47.26,72.18,85.33,87.08,99.68,Very High
30304107107,229,0,0,0,238,96.22,0.0,0.0,0.0,96.22,0.0,0.0,44,32.91,623,1143,2708,3159,223,388,57.47,91.25,77.75,False,92.29,True,89.69,True,47.41,72.35,85.46,87.07,99.67,Very High
30504113518,202,15,6,0,228,88.6,6.58,2.63,0.0,88.6,6.58,2.63,37,21.49,670,1399,4250,4528,289,402,71.89,94.4,79.1,False,96.62,True,81.23,False,47.14,72.05,85.23,87.07,99.67,Very High
12101168201,167,15,4,0,201,83.08,7.46,1.99,0.0,83.08,7.46,1.99,41,27.91,609,1075,3321,3944,276,346,79.77,89.97,77.21,False,96.75,True,86.87,False,47.52,72.46,85.55,87.06,99.67,Very High
30306108017,155,0,0,0,167,92.81,0.0,0.0,0.0,92.81,0.0,0.0,43,36.39,621,678,2539,2524,161,295,54.58,91.07,77.67,False,90.02,True,92.18,True,47.43,72.36,85.47,87.06,99.67,Very High
11602163308,259,0,0,0,268,96.64,0.0,0.0,0.0,96.64,0.0,0.0,35,13.11,984,1241,3769,3619,335,511,65.56,99.39,81.72,False,97.98,True,72.64,False,46.69,71.58,84.85,87.05,99.67,Very High
11801134424,168,13,15,0,203,82.76,6.4,7.39,0.0,82.76,6.4,7.39,41,25.55,677,1375,4625,4799,256,365,70.14,94.76,79.26,False,91.82,True,85.41,False,47.09,72.0,85.19,87.04,99.66,Very High
20303105302,199,0,0,0,212,93.87,0.0,0.0,0.0,93.87,0.0,0.0,42,25.48,730,1066,3183,3183,189,392,48.21,96.7,80.14,False,90.56,True,84.09,False,46.92,71.83,85.05,87.04,99.66,Very High
30905124303,266,5,0,0,281,94.66,1.78,0.0,0.0,94.66,1.78,0.0,45,34.97,815,846,2342,2472,223,489,45.6,98.33,80.96,False,83.61,True,88.73,True,46.78,71.67,84.92,87.04,99.66,Very High
31401138712,187,0,5,0,196,95.41,0.0,2.55,0.0,95.41,0.0,2.55,44,33.23,620,1133,3463,3545,185,367,50.41,90.99,77.64,False,89.74,True,92.46,True,47.42,72.36,85.46,87.04,99.66,Very High
80105105011,203,17,0,0,239,84.94,7.11,0.0,0.0,84.94,7.11,0.0,43,31.18,587,1304,3116,3750,243,359,67.69,87.53,76.19,False,97.12,True,89.58,True,47.72,72.67,85.71,87.04,99.66,Very High
11602130924,202,0,0,0,204,99.02,0.0,0.0,0.0,99.02,0.0,0.0,36,18.68,787,891,3225,3042,255,425,60.0,97.94,80.75,False,95.41,True,77.39,False,46.8,71.69,84.94,87.01,99.66,Very High
50502109730,168,0,0,0,172,97.67,0.0,0.0,0.0,97.67,0.0,0.0,43,30.07,572,1128,4554,4764,203,289,70.24,85.63,75.4,False,99.17,True,89.89,True,47.88,72.83,85.84,87.01,99.66,Very High
12102140642,177,9,0,0,201,88.06,4.48,0.0,0.0,88.06,4.48,0.0,41,30.62,601,1076,3017,3328,214,336,63.69,89.14,76.86,False,95.75,True,88.63,True,47.56,72.5,85.58,86.98,99.66,Very High
11501129413,172,33,0,0,216,79.63,15.28,0.0,0.0,79.63,15.28,0.0,43,30.23,655,1077,3014,3291,169,343,49.27,93.58,78.74,False,90.32,True,88.22,True,47.16,72.08,85.25,86.97,99.65,Very High
11601130604,787,8,0,0,807,97.52,0.99,0.0,0.0,97.52,0.99,0.0,33,11.49,3177,1077,2928,2752,978,1575,62.1,99.99,86.35,False,95.01,True,69.27,False,46.67,71.56,84.83,86.97,99.65,Very High
12602159007,151,26,0,0,196,77.04,13.27,0.0,0.0,77.04,13.27,0.0,47,35.95,573,1092,3353,3457,175,322,54.35,85.77,75.45,False,93.73,True,94.98,True,47.84,72.8,85.81,86.97,99.65,Very High
30402108812,219,0,4,0,233,93.99,0.0,1.72,0.0,93.99,0.0,1.72,42,30.52,639,1037,2632,2805,256,378,67.72,92.51,78.28,False,93.03,True,86.88,True,47.25,72.18,85.32,86.96,99.65,Very High
50403106109,354,0,0,0,366,96.72,0.0,0.0,0.0,96.72,0.0,0.0,40,26.49,1008,1217,2592,2919,258,539,47.87,99.45,81.8,False,87.49,True,82.62,False,46.64,71.53,84.81,86.96,99.65,Very High
21204156622,201,0,0,0,213,94.37,0.0,0.0,0.0,94.37,0.0,0.0,42,28.52,775,706,2587,2591,164,332,49.4,97.72,80.64,False,88.18,True,84.62,False,46.78,71.68,84.93,86.94,99.65,Very High
30201102322,217,0,0,0,226,96.02,0.0,0.0,0.0,96.02,0.0,0.0,36,18.56,722,1184,3322,3326,258,404,63.86,96.49,80.04,False,96.91,True,77.53,False,46.88,71.78,85.01,86.92,99.64,Very High
50502108926,250,4,0,0,256,97.66,1.56,0.0,0.0,97.66,1.56,0.0,38,17.11,830,1292,3538,3619,245,428,57.24,98.5,81.06,False,95.15,True,76.41,False,46.7,71.59,84.86,86.91,99.64,Very High
20101100126,239,3,0,0,253,94.47,1.19,0.0,0.0,94.47,1.19,0.0,48,40.45,660,1093,2236,2650,193,361,53.46,93.9,78.88,False,85.51,True,92.31,True,47.1,72.01,85.19,86.9,99.64,Very High
20202103102,342,4,0,0,359,95.26,1.11,0.0,0.0,95.26,1.11,0.0,41,27.78,936,1003,2350,2737,281,494,56.88,99.21,81.56,False,88.68,True,81.66,False,46.63,71.52,84.8,86.9,99.64,Very High
11501155801,171,14,0,0,191,89.53,7.33,0.0,0.0,89.53,7.33,0.0,42,33.33,585,963,2924,3318,225,356,63.2,87.31,76.09,False,95.33,True,91.09,True,47.68,72.62,85.67,86.89,99.64,Very High
12201141815,151,34,0,0,195,77.44,17.44,0.0,0.0,77.44,17.44,0.0,41,23.84,625,1164,4545,4634,203,327,62.08,91.43,77.82,False,97.38,True,83.65,False,47.31,72.24,85.37,86.89,99.64,Very High
40105101718,163,45,0,0,225,72.44,20.0,0.0,0.0,72.44,20.0,0.0,41,35.74,596,988,2466,3194,240,342,70.18,88.56,76.62,False,93.79,True,90.96,True,47.56,72.5,85.58,86.89,99.64,Very High
30502111715,236,0,0,0,253,93.28,0.0,0.0,0.0,93.28,0.0,0.0,38,19.87,750,1263,3387,3833,228,410,55.61,97.23,80.39,False,94.3,True,78.96,False,46.79,71.69,84.94,86.88,99.63,Very High
12103140710,163,7,0,0,177,92.09,3.95,0.0,0.0,92.09,3.95,0.0,42,27.8,590,1137,3791,3874,220,331,66.47,87.89,76.34,False,98.2,True,87.34,False,47.61,72.55,85.62,86.86,99.63,Very High
12601149622,188,3,0,0,192,97.92,1.56,0.0,0.0,97.92,1.56,0.0,40,27.91,602,1102,3319,3433,223,350,63.71,89.26,76.91,False,96.86,True,86.87,False,47.49,72.42,85.52,86.86,99.63,Very High
30101100604,241,11,12,0,292,82.53,3.77,4.11,0.0,82.53,3.77,4.11,50,41.33,709,1042,2423,2750,186,420,44.29,96.07,79.85,False,80.01,True,94.76,True,46.89,71.79,85.02,86.86,99.63,Very High
12504149408,181,72,0,0,263,68.82,27.38,0.0,0.0,68.82,27.38,0.0,38,24.44,757,1217,2712,3039,251,422,59.48,97.35,79.78,False,93.01,True,80.73,False,46.75,71.65,84.9,86.84,99.62,Very High
12801152908,205,17,0,0,224,91.52,7.59,0.0,0.0,91.52,7.59,0.0,41,29.99,687,1099,2945,3166,183,407,44.96,95.18,79.45,False,88.05,True,87.83,False,46.96,71.87,85.08,86.84,99.62,Very High
20402106608,227,0,0,0,242,93.8,0.0,0.0,0.0,93.8,0.0,0.0,47,38.55,677,1014,2456,2607,147,359,40.95,94.76,79.26,False,82.78,False,93.66,True,46.99,71.9,85.11,86.84,99.62,Very High
11501162108,216,0,0,0,226,95.58,0.0,0.0,0.0,95.58,0.0,0.0,38,20.5,761,978,3272,3263,211,391,53.96,97.42,80.49,False,93.34,True,79.35,False,46.74,71.64,84.89,86.8,99.62,Very High
12103141234,163,0,17,0,196,83.16,0.0,8.67,0.0,83.16,0.0,8.67,44,34.17,600,985,4250,4531,226,336,67.26,89.02,76.81,False,89.91,True,93.91,True,47.48,72.42,85.52,86.8,99.62,Very High
12302144417,179,5,0,0,185,96.76,2.7,0.0,0.0,96.76,2.7,0.0,44,36.67,619,981,3137,3034,130,325,40.0,90.91,77.6,False,86.19,False,95.14,True,47.31,72.24,85.37,86.79,99.62,Very High
12101168522,161,0,0,0,172,93.6,0.0,0.0,0.0,93.6,0.0,0.0,45,34.07,546,1425,4657,4708,224,324,69.14,81.88,73.84,False,99.07,True,93.95,True,48.1,73.06,86.02,86.78,99.61,Very High
12601172009,178,4,0,0,190,93.68,2.11,0.0,0.0,93.68,2.11,0.0,46,33.51,570,1163,3321,3528,211,346,60.98,85.36,75.28,False,96.03,True,92.47,True,47.79,72.74,85.77,86.78,99.61,Very High
30401108422,171,30,0,0,201,85.07,14.93,0.0,0.0,85.07,14.93,0.0,44,30.1,588,1159,3160,3345,223,339,65.78,87.64,76.23,False,96.89,True,88.65,True,47.59,72.54,85.61,86.78,99.61,Very High
31607154705,258,0,4,5,277,93.14,0.0,1.44,1.81,93.14,0.0,1.44,48,36.77,805,930,2285,2312,220,474,46.41,98.18,80.88,False,81.73,True,89.8,True,46.67,71.55,84.83,86.78,99.61,Very High
11501155813,164,9,0,0,175,93.71,5.14,0.0,0.0,93.71,5.14,0.0,44,33.8,577,969,2941,3104,217,341,63.64,86.33,75.69,False,95.51,True,91.62,True,47.7,72.64,85.69,86.76,99.61,Very High
30202103111,220,0,0,0,223,98.65,0.0,0.0,0.0,98.65,0.0,0.0,37,20.4,657,1360,3416,3853,246,363,67.77,93.7,78.79,False,98.0,True,79.54,False,47.05,71.96,85.15,86.76,99.61,Very High
31701145725,215,0,3,0,234,91.88,0.0,1.28,0.0,91.88,0.0,1.28,47,40.0,600,1142,2446,2852,210,371,56.6,89.02,76.81,False,88.63,True,95.02,True,47.46,72.4,85.5,86.76,99.61,Very High
11501155602,159,54,0,0,223,71.3,24.22,0.0,0.0,71.3,24.22,0.0,41,29.86,663,940,2620,2629,219,397,55.16,94.08,78.96,False,90.84,True,86.15,False,47.01,71.92,85.12,86.75,99.6,Very High
20703116142,189,40,8,0,260,72.69,15.38,3.08,0.0,72.69,15.38,3.08,39,25.75,664,1089,2888,3333,285,405,70.37,94.13,78.98,False,93.54,True,83.37,False,47.01,71.92,85.12,86.75,99.6,Very High
50704117801,178,39,0,0,220,80.91,17.73,0.0,0.0,80.91,17.73,0.0,40,28.59,647,1023,2654,3052,219,357,61.34,93.06,78.52,False,93.26,True,85.06,False,47.1,72.02,85.2,86.75,99.6,Very High
12201141812,171,12,0,6,187,91.44,6.42,0.0,3.21,91.44,6.42,0.0,43,27.33,589,1305,4629,4789,207,323,64.09,87.77,76.29,False,98.02,True,87.19,False,47.56,72.51,85.58,86.74,99.6,Very High
12801160508,174,10,0,0,196,88.78,5.1,0.0,0.0,88.78,5.1,0.0,41,29.98,627,1190,3659,4035,156,334,46.71,91.6,77.89,False,90.79,True,89.41,False,47.22,72.15,85.3,86.74,99.6,Very High
30402108910,189,0,0,0,199,94.97,0.0,0.0,0.0,94.97,0.0,0.0,39,16.89,669,1404,4706,4847,261,339,76.99,94.36,79.08,False,99.77,True,76.79,False,46.98,71.89,85.1,86.74,99.6,Very High
31601141318,328,6,4,0,350,93.71,1.71,1.14,0.0,93.71,1.71,1.14,45,33.51,925,1035,2230,2421,287,541,53.05,99.15,81.51,False,84.09,True,85.73,True,46.56,71.44,84.74,86.74,99.6,Very High
12703152308,1018,75,0,0,1129,90.17,6.64,0.0,0.0,90.17,6.64,0.0,34,13.54,3826,1157,2936,2929,927,1854,50.0,99.99,87.65,False,90.42,True,71.34,False,46.58,71.46,84.75,86.73,99.59,Very High
80108109304,246,10,8,0,275,89.45,3.64,2.91,0.0,89.45,3.64,2.91,39,23.87,754,1432,3226,3656,225,423,53.19,97.3,80.43,False,89.96,True,82.59,False,46.72,71.61,84.87,86.73,99.59,Very High
21305146407,182,66,0,0,271,67.16,24.35,0.0,0.0,67.16,24.35,0.0,41,25.79,760,920,2682,2836,243,403,60.3,97.4,78.86,False,93.1,True,81.22,False,46.68,71.57,84.84,86.72,99.59,Very High
11903166603,175,3,11,22,226,77.43,1.33,4.87,9.73,77.43,1.33,4.87,44,35.01,617,1066,2874,3234,226,388,58.25,90.75,77.53,False,88.62,True,92.58,True,47.29,72.21,85.35,86.71,99.59,Very High
30503112703,191,5,5,0,215,88.84,2.33,2.33,0.0,88.84,2.33,2.33,39,28.1,605,1182,3457,3981,240,364,65.93,89.56,77.03,False,95.36,True,87.31,False,47.38,72.31,85.43,86.69,99.59,Very High
11501155520,178,11,0,0,195,91.28,5.64,0.0,0.0,91.28,5.64,0.0,46,34.94,581,935,2921,2968,203,352,57.67,86.83,75.89,False,93.5,True,92.69,True,47.62,72.56,85.63,86.68,99.58,Very High
21401137631,248,15,0,0,278,89.21,5.4,0.0,0.0,89.21,5.4,0.0,41,29.38,793,1133,2819,3022,158,399,39.6,98.03,80.8,False,84.61,False,86.71,False,46.63,71.51,84.8,86.68,99.58,Very High
12103140936,152,28,12,0,204,74.51,13.73,5.88,0.0,74.51,13.73,5.88,46,37.26,569,1183,3399,3468,228,342,66.67,85.24,75.23,False,91.86,True,96.37,True,47.75,72.7,85.74,86.67,99.58,Very High
30503113120,177,0,0,0,182,97.25,0.0,0.0,0.0,97.25,0.0,0.0,39,25.42,598,1472,4675,4809,211,324,65.12,88.78,76.71,False,98.29,True,85.31,False,47.44,72.38,85.48,86.67,99.58,Very High
11501162211,187,0,0,0,196,95.41,0.0,0.0,0.0,95.41,0.0,0.0,42,29.23,633,982,2921,2774,184,337,54.6,92.06,78.09,False,92.32,True,86.98,False,47.15,72.07,85.24,86.66,99.58,Very High
11602130919,166,0,0,0,174,95.4,0.0,0.0,0.0,95.4,0.0,0.0,37,24.07,648,960,3957,3562,181,337,53.71,93.13,78.55,False,94.15,True,83.71,False,47.05,71.96,85.15,86.66,99.58,Very High
20801116813,192,11,0,0,216,88.89,5.09,0.0,0.0,88.89,5.09,0.0,49,39.34,572,1003,2656,3353,183,321,57.01,85.63,75.4,False,91.78,True,95.83,True,47.71,72.66,85.7,86.65,99.57,Very High
12103141007,186,4,0,0,202,92.08,1.98,0.0,0.0,92.08,1.98,0.0,41,26.37,622,963,2957,3146,233,354,65.82,91.16,77.71,False,96.11,True,84.25,False,47.21,72.14,85.29,86.64,99.57,Very High
30302105931,244,4,3,0,259,94.21,1.54,1.16,0.0,94.21,1.54,1.16,38,24.02,691,1346,3078,3437,240,425,56.47,95.34,79.52,False,92.51,True,82.3,False,46.84,71.74,84.98,86.63,99.57,Very High
31701145502,217,4,0,0,231,93.94,1.73,0.0,0.0,93.94,1.73,0.0,40,28.23,666,1019,2588,2849,217,369,58.81,94.22,79.02,False,91.98,True,84.34,False,46.94,71.85,85.06,86.63,99.57,Very High
10503110215,286,0,0,0,299,95.65,0.0,0.0,0.0,95.65,0.0,0.0,41,31.0,887,1024,2567,2620,157,402,39.05,98.94,81.35,False,82.73,False,86.98,True,46.52,71.4,84.71,86.62,99.57,Very High
12104168819,153,4,4,0,184,83.15,2.17,2.17,0.0,83.15,2.17,2.17,44,33.33,555,1507,4833,4822,234,328,71.34,83.28,74.42,False,97.28,True,93.28,True,47.9,72.86,85.86,86.62,99.57,Very High
21305146408,217,30,0,0,268,80.97,11.19,0.0,0.0,80.97,11.19,0.0,39,22.15,781,1074,3042,3125,217,431,50.35,97.83,80.69,False,91.0,True,80.29,False,46.61,71.49,84.78,86.6,99.56,Very High
50302104329,187,6,0,0,206,90.78,2.91,0.0,0.0,90.78,2.91,0.0,38,20.03,634,1295,4533,4706,239,342,69.88,92.14,78.12,False,99.11,True,79.84,False,47.11,72.03,85.21,86.6,99.56,Very High
20801116809,161,16,0,0,189,85.19,8.47,0.0,0.0,85.19,8.47,0.0,45,32.67,554,1222,3681,4514,205,299,68.56,83.13,74.36,False,98.49,True,92.13,True,47.9,72.85,85.86,86.59,99.56,Very High
50302104331,181,27,5,0,238,76.05,11.34,2.1,0.0,76.05,11.34,2.1,37,24.77,650,1344,3166,3769,244,388,62.89,93.27,78.61,False,94.08,True,83.34,False,47.01,71.92,85.12,86.59,99.56,Very High
11602163324,199,12,0,0,215,92.56,5.58,0.0,0.0,92.56,5.58,0.0,36,14.47,760,1215,3656,3514,251,381,65.88,97.4,80.48,False,97.94,True,73.9,False,46.64,71.53,84.81,86.58,99.55,Very High
12602150115,193,7,0,0,205,94.15,3.41,0.0,0.0,94.15,3.41,0.0,41,28.15,611,1024,2890,3147,227,348,65.23,90.16,77.29,False,95.68,True,85.78,False,47.28,72.2,85.35,86.58,99.55,Very High
21402138130,175,0,0,0,207,84.54,0.0,0.0,0.0,84.54,0.0,0.0,51,44.78,536,1204,3424,3769,190,329,57.75,80.24,73.17,False,95.17,True,99.16,True,48.15,73.11,86.06,86.58,99.55,Very High
30301104709,250,0,0,0,258,96.9,0.0,0.0,0.0,96.9,0.0,0.0,37,16.38,763,1359,3360,3607,252,409,61.61,97.46,80.51,False,96.33,True,75.42,False,46.63,71.52,84.8,86.58,99.55,Very High
11501129143,202,0,5,0,205,98.54,0.0,2.44,0.0,98.54,0.0,2.44,39,28.04,649,1035,3036,2944,205,359,57.1,93.2,78.58,False,91.27,True,86.16,False,47.0,71.91,85.12,86.57,99.55,Very High
20101148209,277,0,0,0,287,96.52,0.0,0.0,0.0,96.52,0.0,0.0,42,27.62,793,1083,2685,3010,193,430,44.88,98.03,80.8,False,86.63,True,84.27,False,46.58,71.46,84.75,86.57,99.55,Very High
30503112111,171,0,9,0,195,87.69,0.0,4.62,0.0,87.69,0.0,4.62,41,27.35,607,1449,4726,5087,230,329,69.91,89.77,77.12,False,94.61,True,87.26,False,47.3,72.23,85.36,86.56,99.55,Very High
11501162204,131,23,0,0,165,79.39,13.94,0.0,0.0,79.39,13.94,0.0,42,38.23,633,1055,2899,3073,155,431,35.96,92.06,78.09,False,82.85,False,95.9,True,47.08,72.0,85.18,86.53,99.54,Very High
40106102201,129,34,3,0,172,75.0,19.77,1.74,0.0,75.0,19.77,1.74,61,55.87,596,792,2486,3166,191,349,54.73,88.56,76.62,False,87.91,True,95.42,True,47.39,72.33,85.44,86.53,99.54,Very High
80105105807,189,12,5,0,219,86.3,5.48,2.28,0.0,86.3,5.48,2.28,40,29.98,587,1319,3234,3924,270,368,73.37,87.53,76.19,False,95.94,True,88.72,False,47.48,72.42,85.52,86.53,99.54,Very High
50301103209,183,18,29,0,253,72.33,7.11,11.46,0.0,72.33,7.11,11.46,45,34.24,622,1401,3399,4687,274,403,67.99,91.16,77.71,False,86.55,True,93.35,True,47.16,72.08,85.25,86.52,99.54,Very High
20303148902,207,7,12,0,292,70.89,2.4,4.11,0.0,70.89,2.4,4.11,46,37.32,678,1010,2379,2833,205,386,53.11,94.81,79.28,False,83.49,True,91.55,True,46.83,71.73,84.97,86.51,99.54,Very High
12203169642,182,0,3,0,192,94.79,0.0,1.56,0.0,94.79,0.0,1.56,44,32.13,607,1128,3230,3416,167,322,51.86,89.77,77.12,False,90.78,True,90.86,True,47.27,72.2,85.34,86.5,99.54,Very High
10704114402,188,9,0,0,202,93.07,4.46,0.0,0.0,93.07,4.46,0.0,42,30.58,641,1037,2783,2963,173,340,50.88,92.64,78.34,False,90.1,True,87.75,True,47.02,71.93,85.13,86.49,99.53,Very High
20303105303,211,0,0,0,249,84.74,0.0,0.0,0.0,84.74,0.0,0.0,40,23.67,676,1092,2856,3045,220,367,59.95,94.7,79.23,False,93.97,True,81.16,False,46.83,71.73,84.97,86.49,99.53,Very High
21204156604,187,51,0,0,252,74.21,20.24,0.0,0.0,74.21,20.24,0.0,37,24.49,792,766,2479,2345,216,373,57.91,98.01,80.79,False,90.79,True,79.83,False,46.54,71.42,84.72,86.49,99.53,Very High
11303126715,197,0,0,0,202,97.52,0.0,0.0,0.0,97.52,0.0,0.0,40,26.96,649,1284,3401,3437,157,328,47.87,93.2,78.58,False,90.98,True,86.08,False,46.96,71.87,85.08,86.48,99.53,Very High
12101139919,175,12,3,0,195,89.74,6.15,1.54,0.0,89.74,6.15,1.54,41,29.04,582,1321,3750,4567,228,342,66.67,86.95,75.94,False,96.67,True,88.56,False,47.51,72.45,85.54,86.48,99.53,Very High
80109110004,220,20,6,0,257,85.6,7.78,2.33,0.0,85.6,7.78,2.33,38,26.39,667,1302,2694,3640,269,405,66.42,94.27,79.04,False,92.55,True,83.1,False,46.86,71.77,85.0,86.48,99.53,Very High
12103140845,178,0,0,0,186,95.7,0.0,0.0,0.0,95.7,0.0,0.0,45,30.41,559,1042,3931,4125,220,305,72.13,83.87,74.67,False,99.15,True,90.04,True,47.78,72.73,85.76,86.47,99.53,Very High
12103140933,184,5,4,0,194,94.85,2.58,2.06,0.0,94.85,2.58,2.06,43,32.86,560,1228,3461,4513,268,351,76.35,84.01,74.72,False,96.9,True,92.08,True,47.76,72.71,85.75,86.46,99.52,Very High
20903121522,194,5,0,0,206,94.17,2.43,0.0,0.0,94.17,2.43,0.0,43,30.73,641,917,3043,3214,148,323,45.82,92.64,78.34,False,88.85,True,88.88,True,47.0,71.91,85.11,86.46,99.52,Very High
30504113410,215,0,18,0,252,85.32,0.0,7.14,0.0,85.32,0.0,7.14,38,21.59,704,1542,3937,4538,302,405,74.57,95.88,79.76,False,92.2,True,81.22,False,46.71,71.6,84.87,86.46,99.52,Very High
30402108815,248,0,0,0,256,96.88,0.0,0.0,0.0,96.88,0.0,0.0,36,19.21,708,1310,2963,3289,273,417,65.47,96.04,79.83,False,96.05,True,77.11,False,46.69,71.58,84.85,86.45,99.52,Very High
30504113208,169,0,0,0,184,91.85,0.0,0.0,0.0,91.85,0.0,0.0,26,18.7,690,795,3480,3899,204,337,60.53,95.29,79.5,False,96.22,True,77.95,False,46.76,71.66,84.91,86.45,99.52,Very High
31401138419,182,0,0,0,188,96.81,0.0,0.0,0.0,96.81,0.0,0.0,47,35.2,625,846,2750,2708,164,365,44.93,91.43,77.82,False,87.06,True,92.2,True,47.1,72.02,85.2,86.45,99.52,Very High
12801160465,237,0,0,0,241,98.34,0.0,0.0,0.0,98.34,0.0,0.0,36,17.18,879,1286,4605,4601,219,453,48.34,98.89,81.31,False,92.06,True,77.03,False,46.44,71.31,84.64,86.44,99.51,Very High
80108109405,205,0,0,0,211,97.16,0.0,0.0,0.0,97.16,0.0,0.0,42,29.15,590,1424,3033,3432,223,335,66.57,87.89,76.34,False,96.54,True,87.25,False,47.4,72.34,85.45,86.43,99.51,Very High
21205132333,214,12,0,0,251,85.26,4.78,0.0,0.0,85.26,4.78,0.0,34,19.31,720,1002,2776,3033,285,404,70.54,96.43,80.01,False,96.08,True,76.45,False,46.65,71.53,84.81,86.42,99.51,Very High
30907125239,245,0,0,0,248,98.79,0.0,0.0,0.0,98.79,0.0,0.0,44,29.84,744,936,2625,2720,169,390,43.33,97.08,80.32,False,85.46,True,86.17,False,46.59,71.47,84.76,86.42,99.51,Very High
20801116819,170,16,0,0,195,87.18,8.21,0.0,0.0,87.18,8.21,0.0,47,35.8,567,1006,2946,3550,179,307,58.31,84.99,75.13,False,93.83,True,93.64,True,47.65,72.59,85.65,86.4,99.51,Very High
30101100219,251,0,0,0,249,100.8,0.0,0.0,0.0,100.8,0.0,0.0,36,20.19,748,1066,2849,3070,246,414,59.42,97.18,80.37,False,93.77,True,77.65,False,46.57,71.45,84.75,86.4,99.51,Very High
80109110005,200,0,0,0,212,94.34,0.0,0.0,0.0,94.34,0.0,0.0,46,33.95,542,1508,3643,4437,245,337,72.7,81.25,73.58,False,98.95,True,93.36,True,47.97,72.93,85.92,86.4,99.51,Very High
20801117106,212,47,0,0,270,78.52,17.41,0.0,0.0,78.52,17.41,0.0,40,21.0,743,1077,3018,3388,214,394,54.31,97.06,80.31,False,92.53,True,79.02,False,46.58,71.46,84.75,86.39,99.5,Very High
30203103930,133,6,0,0,149,89.26,4.03,0.0,0.0,89.26,4.03,0.0,50,44.08,583,806,3058,3512,147,359,40.95,87.07,75.99,False,86.4,False,98.21,True,47.45,72.38,85.49,86.36,99.5,Very High
21202129911,174,4,0,0,181,96.13,2.21,0.0,0.0,96.13,2.21,0.0,41,32.56,688,726,2647,2446,127,303,41.91,95.21,79.46,False,84.86,False,88.99,True,46.72,71.61,84.87,86.34,99.5,Very High
12802153414,183,3,0,0,191,95.81,1.57,0.0,0.0,95.81,1.57,0.0,43,34.46,592,1151,3208,3125,152,324,46.91,88.12,76.43,False,89.98,True,93.13,True,47.34,72.27,85.4,86.33,99.5,Very High
30503112307,182,39,0,0,233,78.11,16.74,0.0,0.0,78.11,16.74,0.0,38,19.23,676,1220,3291,3954,223,360,61.94,94.7,79.23,False,96.27,True,78.12,False,46.74,71.64,84.9,86.31,99.5,Very High
30402108809,213,0,0,0,223,95.52,0.0,0.0,0.0,95.52,0.0,0.0,39,31.02,606,1112,2519,2905,267,373,71.58,89.66,77.08,False,94.37,True,86.59,True,47.19,72.11,85.27,86.3,99.49,Very High
11501155601,200,4,0,0,208,96.15,1.92,0.0,0.0,96.15,1.92,0.0,44,36.83,600,1040,2476,2779,201,366,54.92,89.02,76.81,False,89.61,True,92.15,True,47.24,72.16,85.31,86.29,99.49,Very High
20801116930,146,94,0,0,269,54.28,34.94,0.0,0.0,54.28,34.94,0.0,47,38.02,647,1330,3159,4062,253,369,68.56,93.06,69.54,False,97.43,True,89.83,False,46.74,71.63,84.89,86.29,99.49,Very High
40103101209,151,46,0,0,218,69.27,21.1,0.0,0.0,69.27,21.1,0.0,44,34.68,571,1092,2774,3250,218,328,66.46,85.49,74.92,False,95.38,True,91.5,True,47.55,72.49,85.57,86.29,99.49,Very High
12202169026,154,15,3,0,179,86.03,8.38,1.68,0.0,86.03,8.38,1.68,42,34.05,693,1050,2941,3015,140,388,36.08,95.44,79.56,False,81.43,False,91.87,True,46.67,71.56,84.83,86.28,99.49,Very High
50605114034,236,0,0,0,254,92.91,0.0,0.0,0.0,92.91,0.0,0.0,49,40.03,622,981,2305,2788,182,357,50.98,91.16,77.71,False,85.64,True,93.31,True,47.05,71.96,85.15,86.28,99.49,Very High
50704117607,181,25,0,0,224,80.8,11.16,0.0,0.0,80.8,11.16,0.0,43,34.44,633,995,2368,2625,234,406,57.64,92.06,78.09,False,89.23,True,88.54,True,46.97,71.87,85.08,86.28,99.49,Very High
20801117303,163,83,16,0,275,59.27,30.18,5.82,0.0,59.27,30.18,5.82,48,39.14,700,1087,2687,3312,276,415,66.51,95.73,73.56,False,89.03,True,91.21,False,46.54,71.42,84.72,86.27,99.48,Very High
50704117510,161,17,0,0,190,84.74,8.95,0.0,0.0,84.74,8.95,0.0,44,37.34,533,1292,3718,4094,185,300,61.67,79.75,72.97,False,96.87,True,96.83,True,48.04,73.0,85.97,86.27,99.48,Very High
31701145219,209,0,4,0,225,92.89,0.0,1.78,0.0,92.89,0.0,1.78,40,30.86,661,1121,2708,2777,169,337,50.15,93.96,78.91,False,87.51,True,87.64,True,46.78,71.68,84.93,86.25,99.48,Very High
20603111304,181,35,10,0,248,72.98,14.11,4.03,0.0,72.98,14.11,4.03,39,27.99,661,1204,2983,3616,207,369,56.1,93.96,78.91,False,89.13,True,85.95,False,46.78,71.67,84.92,86.24,99.47,Very High
31605143708,217,37,0,0,298,72.82,12.42,0.0,0.0,72.82,12.42,0.0,51,43.78,683,896,2083,2355,234,416,56.25,95.01,79.37,False,83.81,False,89.89,True,46.68,71.57,84.84,86.24,99.47,Very High
50502109623,159,5,0,0,172,92.44,2.91,0.0,0.0,92.44,2.91,0.0,55,50.08,599,667,2363,3096,185,343,53.94,88.89,76.75,False,87.72,True,94.04,True,47.23,72.15,85.3,86.24,99.47,Very High
50701115805,203,5,0,0,216,93.98,2.31,0.0,0.0,93.98,2.31,0.0,40,24.17,662,1338,3841,3750,171,361,47.37,94.03,78.94,False,91.27,True,83.75,False,46.77,71.67,84.92,86.24,99.47,Very High
11501162127,167,0,0,0,167,100.0,0.0,0.0,0.0,100.0,0.0,0.0,35,20.29,690,972,3514,3053,188,350,53.71,95.29,79.5,False,93.72,True,79.55,False,46.65,71.54,84.82,86.23,99.47,Very High
30304107117,237,0,4,0,247,95.95,0.0,1.62,0.0,95.95,0.0,1.62,36,20.28,720,1172,3043,3235,238,394,60.41,96.43,80.01,False,93.28,True,78.43,False,46.55,71.43,84.73,86.22,99.47,Very High
60105103102,221,11,0,0,255,86.67,4.31,0.0,0.0,86.67,4.31,0.0,46,40.76,579,1096,2361,2769,226,364,62.09,86.59,75.79,False,90.62,True,94.02,True,47.42,72.35,85.46,86.22,99.47,Very High
12502147750,183,22,0,0,220,83.18,10.0,0.0,0.0,83.18,10.0,0.0,44,36.39,808,802,2387,2442,150,427,35.13,98.23,80.91,False,78.44,False,90.71,True,46.38,71.25,84.59,86.21,99.46,Very High
30301105113,192,31,0,0,235,81.7,13.19,0.0,0.0,81.7,13.19,0.0,38,24.1,722,897,2644,2769,217,392,55.36,96.49,80.04,False,91.07,True,80.52,False,46.54,71.42,84.72,86.21,99.46,Very High
50501107616,341,0,0,0,350,97.43,0.0,0.0,0.0,97.43,0.0,0.0,38,18.6,1140,1145,3361,3371,260,593,43.84,99.66,82.14,False,88.9,True,77.64,False,46.27,71.13,84.49,86.21,99.46,Very High
12103140706,166,3,0,0,181,91.71,1.66,0.0,0.0,91.71,1.66,0.0,43,30.51,554,1139,3571,3468,262,340,77.06,83.13,74.36,False,99.13,True,89.86,True,47.71,72.65,85.7,86.18,99.46,Very High
21204156617,249,0,0,0,263,94.68,0.0,0.0,0.0,94.68,0.0,0.0,35,18.91,899,971,2676,2509,241,415,58.07,99.0,81.4,False,92.31,True,75.51,False,46.3,71.17,84.52,86.18,99.46,Very High
40102100618,260,0,0,0,298,87.25,0.0,0.0,0.0,87.25,0.0,0.0,46,35.47,795,981,2235,2618,210,468,44.87,98.05,80.81,False,81.54,True,87.76,True,46.39,71.26,84.59,86.18,99.46,Very High
11903137442,170,0,0,0,178,95.51,0.0,0.0,0.0,95.51,0.0,0.0,49,38.96,539,1115,3818,3750,157,300,52.33,80.76,73.38,False,93.5,True,98.52,True,47.91,72.87,85.87,86.17,99.45,Very High
30503112901,211,0,11,0,229,92.14,0.0,4.8,0.0,92.14,0.0,4.8,38,22.02,645,1350,3908,4687,274,368,74.46,92.94,78.47,False,94.52,True,81.63,False,46.83,71.73,84.97,86.17,99.45,Very High
12003168120,164,6,0,0,172,95.35,3.49,0.0,0.0,95.35,3.49,0.0,40,29.54,589,928,3196,3050,187,322,58.07,87.77,76.29,False,94.68,True,88.18,False,47.29,72.21,85.35,86.16,99.45,Very High
12103141010,170,0,0,0,176,96.59,0.0,0.0,0.0,96.59,0.0,0.0,44,32.97,546,970,3392,3405,221,311,71.06,81.88,73.84,False,98.42,True,92.07,True,47.8,72.75,85.78,86.15,99.45,Very High
12301143306,327,0,0,0,332,98.49,0.0,0.0,0.0,98.49,0.0,0.0,38,21.96,1070,1150,3191,3314,210,534,39.33,99.55,81.96,False,85.98,False,80.59,False,46.24,71.1,84.46,86.14,99.45,Very High
12602172426,158,54,3,0,231,68.4,23.38,1.3,0.0,68.4,23.38,1.3,42,33.87,685,841,2513,2708,170,353,48.16,95.1,78.5,False,85.59,True,88.68,True,46.61,71.5,84.78,86.14,99.45,Very High
50704117905,185,13,0,0,208,88.94,6.25,0.0,0.0,88.94,6.25,0.0,41,27.36,636,819,2578,2625,227,356,63.76,92.28,78.18,False,93.48,True,83.4,False,46.87,71.78,85.01,86.13,99.45,Very High
12103141022,153,13,11,0,187,81.82,6.95,5.88,0.0,81.82,6.95,5.88,43,31.68,584,1120,4035,3963,225,346,65.03,87.19,76.04,False,92.12,True,91.33,True,47.32,72.25,85.38,86.11,99.44,Very High
30202103411,232,4,3,0,245,94.69,1.63,1.22,0.0,94.69,1.63,1.22,38,24.96,673,1165,2955,3305,203,376,53.99,94.54,79.16,False,90.98,True,82.83,False,46.66,71.55,84.83,86.11,99.44,Very High
11501155304,171,11,0,0,194,88.14,5.67,0.0,0.0,88.14,5.67,0.0,40,26.23,610,949,2902,3033,220,337,65.28,90.06,77.24,False,95.75,True,83.91,False,47.06,71.97,85.16,86.1,99.44,Very High
30601113813,300,0,0,0,319,94.04,0.0,0.0,0.0,94.04,0.0,0.0,39,24.23,904,1137,2589,2613,217,460,47.17,99.03,81.42,False,87.13,True,80.34,False,46.26,71.12,84.48,86.1,99.44,Very High
11501129620,149,6,0,0,159,93.71,3.77,0.0,0.0,93.71,3.77,0.0,43,35.19,540,1064,3399,3125,214,333,64.26,80.91,73.44,False,97.19,True,94.3,True,47.86,72.81,85.82,86.09,99.44,Very High
11602162838,220,16,0,0,233,94.42,6.87,0.0,0.0,94.42,6.87,0.0,36,11.38,852,1318,3602,3591,282,446,63.23,98.71,81.19,False,97.22,True,70.76,False,46.29,71.15,84.5,86.09,99.44,Very High
60102100520,224,0,0,0,232,96.55,0.0,0.0,0.0,96.55,0.0,0.0,46,35.66,673,934,2520,2690,138,350,39.43,94.54,79.16,False,82.49,False,91.24,True,46.65,71.54,84.82,86.09,99.44,Very High
12203143006,180,4,3,0,196,91.84,2.04,1.53,0.0,91.84,2.04,1.53,36,14.7,687,1461,5014,5086,268,363,73.83,95.18,79.45,False,98.16,True,74.67,False,46.59,71.48,84.77,86.08,99.43,Very High
50502109617,154,47,0,0,208,74.04,22.6,0.0,0.0,74.04,22.6,0.0,41,29.1,591,1137,3162,3568,197,339,58.11,88.0,76.38,False,94.59,True,87.66,False,47.23,72.15,85.3,86.08,99.43,Very High
30306107707,436,0,0,0,442,98.64,0.0,0.0,0.0,98.64,0.0,0.0,32,15.55,1588,888,2590,2495,503,817,61.57,99.9,83.14,False,92.91,True,71.67,False,46.19,71.05,84.42,86.07,99.43,Very High
50704117917,198,27,0,0,237,83.54,11.39,0.0,0.0,83.54,11.39,0.0,40,28.25,669,948,2455,2761,208,358,58.1,94.36,79.08,False,90.56,True,83.35,False,46.66,71.55,84.83,86.07,99.43,Very High
60102100709,325,0,0,0,344,94.48,0.0,0.0,0.0,94.48,0.0,0.0,46,38.14,860,938,2119,2392,204,462,44.16,98.77,81.23,False,79.09,False,88.64,True,46.26,71.12,84.48,86.06,99.43,Very High
11602162829,202,0,0,0,205,98.54,0.0,0.0,0.0,98.54,0.0,0.0,36,15.28,733,1125,3423,3426,229,380,60.26,96.78,80.18,False,96.01,True,74.44,False,46.42,71.3,84.62,86.02,99.42,Very High
12602172323,143,38,0,0,205,69.76,18.54,0.0,0.0,69.76,18.54,0.0,40,33.23,626,683,2349,2481,229,366,62.57,91.52,77.72,False,90.6,True,86.98,True,46.89,71.79,85.02,86.02,99.42,Very High
30402109005,198,0,0,0,217,91.24,0.0,0.0,0.0,91.24,0.0,0.0,36,23.72,645,1125,2760,2789,240,374,64.17,92.94,78.47,False,94.79,True,80.79,False,46.77,71.66,84.91,86.02,99.42,Very High
21001153418,215,0,0,0,222,96.85,0.0,0.0,0.0,96.85,0.0,0.0,35,15.76,812,1031,3511,3557,200,380,52.63,98.3,80.94,False,93.27,True,75.02,False,46.28,71.15,84.5,86.01,99.42,Very High
30904124229,229,0,0,0,245,93.47,0.0,0.0,0.0,93.47,0.0,0.0,50,41.54,727,722,2174,2329,180,423,42.55,96.64,80.11,False,79.26,False,91.35,True,46.43,71.3,84.63,86.01,99.42,Very High
10704115046,181,26,0,0,209,86.6,12.44,0.0,0.0,86.6,12.44,0.0,43,27.96,626,1018,3250,3818,162,339,47.79,91.52,77.86,False,90.55,True,86.75,False,46.87,71.78,85.01,85.99,99.41,Very High
12101168719,157,18,3,0,186,84.41,9.68,1.61,0.0,84.41,9.68,1.61,39,25.93,590,1144,3531,4035,225,324,69.44,87.89,76.34,False,96.82,True,85.22,False,47.2,72.12,85.28,85.99,99.41,Very High
10703114001,225,23,0,0,271,83.03,8.49,0.0,0.0,83.03,8.49,0.0,39,27.94,766,1014,2583,2759,178,410,43.41,97.53,80.54,False,85.21,True,84.02,False,46.33,71.2,84.54,85.98,99.41,Very High
11501162104,185,0,0,0,188,98.4,0.0,0.0,0.0,98.4,0.0,0.0,37,21.35,637,1061,3312,3203,209,345,60.58,92.35,78.21,False,95.87,True,80.29,False,46.79,71.69,84.94,85.97,99.41,Very High
50704118125,240,22,0,0,285,84.21,7.72,0.0,0.0,84.21,7.72,0.0,38,26.92,728,1198,2472,2825,207,402,51.49,96.66,80.12,False,88.17,True,82.2,False,46.4,71.27,84.6,85.96,99.41,Very High
50704118227,183,8,0,0,213,85.92,3.76,0.0,0.0,85.92,3.76,0.0,45,35.15,606,755,2411,2420,215,373,57.64,89.66,77.08,False,89.84,True,89.77,True,47.03,71.94,85.13,85.96,99.41,Very High
11903137201,191,15,0,0,209,91.39,7.18,0.0,0.0,91.39,7.18,0.0,44,35.14,609,907,2592,2736,164,336,48.81,89.97,77.21,False,87.92,True,91.27,True,47.0,71.91,85.11,85.95,99.4,Very High
40103101103,186,22,0,0,220,84.55,10.0,0.0,0.0,84.55,10.0,0.0,46,36.79,579,854,2446,2796,217,350,62.0,86.59,75.79,False,91.76,True,91.81,True,47.29,72.22,85.36,85.95,99.4,Very High
80105105801,170,21,5,0,213,79.81,9.86,2.35,0.0,79.81,9.86,2.35,40,24.07,615,1271,3267,3696,257,373,68.9,90.57,77.46,False,95.47,True,82.91,False,46.94,71.85,85.06,85.95,99.4,Very High
30101100618,226,0,0,0,237,95.36,0.0,0.0,0.0,95.36,0.0,0.0,43,27.61,746,964,2899,2902,153,398,38.44,97.12,80.34,False,84.36,False,85.28,False,46.35,71.22,84.56,85.94,99.4,Very High
30402108805,181,6,0,0,188,96.28,3.19,0.0,0.0,96.28,3.19,0.0,41,28.22,574,972,3133,3266,238,334,71.26,85.92,75.52,False,97.7,True,86.68,False,47.35,72.27,85.4,85.94,99.4,Very High
30404110407,198,0,0,0,206,96.12,0.0,0.0,0.0,96.12,0.0,0.0,49,44.48,661,848,2349,2487,144,373,38.61,93.96,78.91,False,80.02,False,93.86,True,46.63,71.52,84.8,85.94,99.4,Very High
20803118319,165,14,0,0,187,88.24,7.49,0.0,0.0,88.24,7.49,0.0,42,24.51,612,1003,3349,3349,181,311,58.2,90.27,77.33,False,95.17,True,83.53,False,46.96,71.86,85.08,85.93,99.4,Very High
11601156119,138,44,0,0,204,67.65,21.57,0.0,0.0,67.65,21.57,0.0,41,35.88,747,840,2468,2583,156,415,37.59,97.15,79.01,False,81.04,False,90.11,True,46.32,71.18,84.53,85.92,99.39,Very High
12801160424,126,32,5,0,171,73.68,18.71,2.92,0.0,73.68,18.71,2.92,52,46.2,658,1093,3156,3403,119,429,27.74,93.77,78.82,False,75.54,False,98.54,True,46.64,71.53,84.81,85.92,99.39,Very High
31106132906,342,4,0,0,363,94.21,1.1,0.0,0.0,94.21,1.1,0.0,37,20.04,1098,969,2617,2742,283,553,51.18,99.61,82.04,False,89.21,True,76.32,False,46.13,70.98,84.37,85.92,99.39,Very High
60105103105,200,52,9,0,283,70.67,18.37,3.18,0.0,70.67,18.37,3.18,45,42.03,778,901,1952,2538,311,482,64.52,97.78,80.67,False,80.87,False,87.8,True,46.29,71.15,84.5,85.92,99.39,Very High
10102101209,220,0,0,0,221,99.55,0.0,0.0,0.0,99.55,0.0,0.0,38,19.64,784,1397,3608,3576,164,373,43.97,97.89,80.72,False,89.36,True,79.03,False,46.26,71.12,84.48,85.89,99.39,Very High
11501155515,175,0,0,0,188,93.09,0.0,0.0,0.0,93.09,0.0,0.0,44,33.11,586,1022,3200,3176,168,350,48.0,87.43,76.14,False,90.5,True,91.76,True,47.19,72.11,85.27,85.89,99.39,Very High
20901120103,175,0,6,0,198,88.38,0.0,3.03,0.0,88.38,0.0,3.03,49,34.23,555,1329,3643,4608,216,347,62.25,83.28,74.42,False,93.95,True,93.64,True,47.55,72.49,85.57,85.88,99.38,Very High
70102102007,191,0,0,0,206,92.72,0.0,0.0,0.0,92.72,0.0,0.0,39,29.06,647,1121,2843,2866,161,347,46.4,93.06,78.52,False,88.3,True,86.49,False,46.68,71.57,84.84,85.87,99.38,Very High
12801160611,188,13,0,5,215,87.44,6.05,0.0,2.33,87.44,6.05,0.0,39,28.35,642,1184,3402,3625,145,350,41.43,92.72,78.37,False,87.72,False,87.47,False,46.7,71.59,84.86,85.85,99.38,Very High
20101148204,314,0,0,0,322,97.52,0.0,0.0,0.0,97.52,0.0,0.0,35,22.87,988,1150,2638,2750,229,506,45.26,99.39,81.73,False,86.51,True,79.26,False,46.11,70.96,84.35,85.84,99.38,Very High
20701114827,201,15,3,5,239,84.1,6.28,1.26,2.09,84.1,6.28,1.26,43,32.19,643,922,2336,2916,215,343,62.68,92.79,78.4,False,89.17,True,85.88,True,46.69,71.58,84.85,85.84,99.38,Very High
50301103407,165,6,0,0,178,92.7,3.37,0.0,0.0,92.7,3.37,0.0,44,31.29,556,935,3291,3441,208,323,64.4,83.44,74.49,False,96.96,True,90.18,True,47.51,72.45,85.54,85.82,99.37,Very High
50607114614,167,25,5,0,214,78.04,11.68,2.34,0.0,78.04,11.68,2.34,41,34.08,584,1179,2807,3324,209,357,58.54,87.19,76.04,False,90.91,True,91.36,True,47.18,72.1,85.26,85.82,99.37,Very High
12201141839,164,0,7,0,172,95.35,0.0,4.07,0.0,95.35,0.0,4.07,42,27.93,580,1346,4840,4912,223,327,68.2,86.72,75.85,False,94.95,True,87.88,False,47.21,72.14,85.29,85.81,99.37,Very High
20303105326,269,0,0,0,301,89.37,0.0,0.0,0.0,89.37,0.0,0.0,40,24.8,859,976,2475,2683,229,476,48.11,98.76,81.22,False,86.66,True,80.11,False,46.15,71.0,84.38,85.81,99.37,Very High
40102100434,192,0,0,0,196,97.96,0.0,0.0,0.0,97.96,0.0,0.0,46,35.29,561,1044,2704,2942,211,335,62.99,84.15,74.78,False,94.09,True,92.05,True,47.44,72.37,85.48,85.8,99.37,Very High
40303107009,210,4,0,0,219,95.89,1.83,0.0,0.0,95.89,1.83,0.0,46,35.99,603,945,2399,2550,189,340,55.59,89.36,76.95,False,88.91,True,90.47,True,46.98,71.89,85.09,85.8,99.37,Very High
10603112135,281,0,0,0,299,93.98,0.0,0.0,0.0,93.98,0.0,0.0,48,39.82,786,828,2234,2322,154,442,34.84,97.92,80.74,False,75.86,False,92.09,True,46.21,71.07,84.44,85.79,99.36,Very High
10704114647,246,17,0,0,268,91.79,6.34,0.0,0.0,91.79,6.34,0.0,34,11.44,953,1258,3723,3763,273,489,55.83,99.28,81.62,False,94.85,True,70.93,False,46.09,70.94,84.33,85.79,99.36,Very High
12102140641,186,0,0,0,195,95.38,0.0,0.0,0.0,95.38,0.0,0.0,41,32.51,566,949,3077,3345,197,336,58.63,84.83,75.06,False,94.45,True,90.79,True,47.37,72.31,85.43,85.79,99.36,Very High
11303126739,285,3,5,0,311,91.64,0.96,1.61,0.0,91.64,0.96,1.61,38,21.46,904,1270,2893,3194,204,437,46.68,99.03,81.42,False,87.08,True,79.11,False,46.11,70.96,84.35,85.78,99.36,Very High
12103140821,172,0,0,0,178,96.63,0.0,0.0,0.0,96.63,0.0,0.0,44,29.83,543,1342,4700,4978,262,326,80.37,81.42,73.65,False,99.84,True,89.73,False,47.66,72.61,85.66,85.77,99.36,Very High
50701115920,188,6,0,0,203,92.61,2.96,0.0,0.0,92.61,2.96,0.0,41,30.13,604,950,2963,3039,176,344,51.16,89.47,77.0,False,91.08,True,88.03,True,46.95,71.86,85.07,85.77,99.36,Very High
30403109208,206,0,0,0,213,96.71,0.0,0.0,0.0,96.71,0.0,0.0,37,20.61,626,1340,3178,3672,246,368,66.85,91.52,77.86,False,97.18,True,79.21,False,46.77,71.66,84.91,85.76,99.35,Very High
80101101103,219,0,0,0,240,91.25,0.0,0.0,0.0,91.25,0.0,0.0,37,24.29,667,1131,2641,2856,205,353,58.07,94.27,79.04,False,92.07,True,80.69,False,46.52,71.4,84.7,85.76,99.35,Very High
20701152221,168,34,15,0,233,72.1,14.59,6.44,0.0,72.1,14.59,6.44,37,24.78,694,851,2888,3113,211,335,62.99,95.49,79.58,False,88.66,True,82.4,False,46.4,71.27,84.6,85.74,99.35,Very High
60102100717,272,0,0,0,284,95.77,0.0,0.0,0.0,95.77,0.0,0.0,44,31.69,732,1119,2312,2815,194,406,47.78,96.76,80.17,False,84.25,True,85.08,True,46.29,71.15,84.5,85.74,99.35,Very High
30503112301,201,5,0,0,215,93.49,2.33,0.0,0.0,93.49,2.33,0.0,37,23.59,602,1153,3222,3615,216,331,65.26,89.26,76.91,False,96.94,True,82.29,False,46.95,71.86,85.07,85.73,99.35,Very High
40303106818,191,0,0,0,196,97.45,0.0,0.0,0.0,97.45,0.0,0.0,44,30.36,583,1071,3015,3109,191,332,57.53,87.07,75.99,False,93.73,True,88.36,True,47.15,72.07,85.24,85.73,99.35,Very High
12101139923,161,4,8,0,184,87.5,2.17,4.35,0.0,87.5,2.17,4.35,43,31.15,565,1166,3714,3536,267,378,70.63,84.7,75.01,False,94.48,True,90.64,True,47.35,72.28,85.41,85.72,99.34,Very High
12102140608,164,20,0,0,189,86.77,10.58,0.0,0.0,86.77,10.58,0.0,42,29.23,561,1165,3383,3631,221,336,65.77,84.15,74.78,False,97.5,True,88.31,False,47.4,72.33,85.45,85.72,99.34,Very High
12503171523,230,8,0,0,247,93.12,3.24,0.0,0.0,93.12,3.24,0.0,37,16.37,788,1160,2845,2909,254,426,59.62,97.96,80.76,False,93.8,True,73.81,False,46.17,71.03,84.4,85.72,99.34,Very High
20101100208,200,28,0,0,265,75.47,10.57,0.0,0.0,75.47,10.57,0.0,54,47.52,585,1180,2362,3340,186,345,53.91,87.31,76.09,False,87.69,True,94.02,True,47.12,72.04,85.21,85.72,99.34,Very High
50302104223,186,10,0,0,218,85.32,4.59,0.0,0.0,85.32,4.59,0.0,38,25.51,592,1140,2978,3874,256,354,72.32,88.12,76.43,False,97.2,True,83.45,False,47.05,71.96,85.15,85.72,99.34,Very High
20801116820,175,52,0,0,243,72.02,21.4,0.0,0.0,72.02,21.4,0.0,48,34.85,614,1044,2423,3963,174,332,52.41,90.48,77.42,False,87.94,True,89.61,True,46.83,71.73,84.97,85.71,99.33,Very High
20802118226,160,44,0,0,218,73.39,20.18,0.0,0.0,73.39,20.18,0.0,38,22.24,652,793,2687,2978,235,354,66.38,93.39,78.66,False,94.83,True,78.91,False,46.58,71.46,84.75,85.71,99.33,Very High
30103101702,162,64,0,0,228,71.05,28.07,0.0,0.0,71.05,28.07,0.0,37,17.22,749,1314,3488,3447,210,420,50.0,97.21,80.38,False,92.12,True,76.48,False,46.23,71.09,84.46,85.71,99.33,Very High
30304107122,206,0,4,0,210,98.1,0.0,1.9,0.0,98.1,0.0,1.9,40,25.12,609,1353,3166,3386,234,367,63.76,89.97,77.21,False,94.52,True,83.69,False,46.88,71.78,85.01,85.71,99.33,Very High
20903121318,234,0,0,0,245,95.51,0.0,0.0,0.0,95.51,0.0,0.0,41,23.32,772,1129,3403,3547,142,379,37.47,97.66,80.61,False,85.49,False,82.44,False,46.19,71.04,84.42,85.7,99.33,Very High
11501129622,179,8,0,0,194,92.27,4.12,0.0,0.0,92.27,4.12,0.0,43,36.16,589,825,2519,2514,180,338,53.25,87.77,76.29,False,89.21,True,91.73,True,47.06,71.97,85.16,85.68,99.33,Very High
30907125406,281,0,0,0,307,91.53,0.0,0.0,0.0,91.53,0.0,0.0,43,26.7,880,1230,3259,3270,141,466,30.26,98.9,81.32,False,80.48,False,85.53,False,46.07,70.92,84.31,85.68,99.33,Very High
11501129008,197,0,0,0,206,95.63,0.0,0.0,0.0,95.63,0.0,0.0,42,32.35,609,865,2785,2874,156,329,47.42,89.97,77.21,False,88.51,True,89.53,True,46.86,71.76,84.99,85.67,99.33,Very High
20801117033,139,54,0,0,212,65.57,25.47,0.0,0.0,65.57,25.47,0.0,45,32.19,581,1078,3146,3750,209,328,63.72,86.83,73.36,False,96.33,True,88.79,True,47.09,72.01,85.19,85.65,99.32,Very High
31103131617,196,0,0,0,200,98.0,0.0,0.0,0.0,98.0,0.0,0.0,42,32.62,656,861,2750,2773,130,339,38.35,93.64,78.77,False,83.53,False,89.62,True,46.52,71.4,84.71,85.65,99.32,Very High
12401145027,210,8,0,0,220,95.45,3.64,0.0,0.0,95.45,3.64,0.0,41,32.72,654,981,2457,2874,180,391,46.04,93.52,78.72,False,85.43,True,87.85,True,46.53,71.41,84.71,85.64,99.32,Very High
12103140708,162,4,0,0,172,94.19,2.33,0.0,0.0,94.19,2.33,0.0,41,30.74,540,1096,4050,3874,218,300,72.67,80.91,73.44,False,99.23,True,90.4,True,47.64,72.58,85.64,85.62,99.32,Very High
20303105333,204,0,0,6,232,87.93,0.0,0.0,2.59,87.93,0.0,0.0,43,34.42,674,954,2333,2763,189,410,46.1,94.59,79.18,False,83.74,True,88.07,True,46.43,71.3,84.62,85.62,99.32,Very High
20802117405,153,30,0,0,192,79.69,15.62,0.0,0.0,79.69,15.62,0.0,41,27.96,583,880,2916,3295,206,313,65.81,87.07,75.99,False,95.94,True,85.69,False,47.09,72.01,85.19,85.62,99.32,Very High
20802142606,201,36,0,0,254,79.13,14.17,0.0,0.0,79.13,14.17,0.0,40,26.18,718,1007,2439,2773,194,368,52.72,96.36,79.98,False,88.28,True,81.13,False,46.27,71.13,84.48,85.62,99.32,Very High
30402108811,197,0,0,0,208,94.71,0.0,0.0,0.0,94.71,0.0,0.0,40,24.62,593,1145,3024,3215,267,361,73.96,88.23,76.48,False,97.47,True,82.67,False,46.99,71.9,85.11,85.62,99.32,Very High
40103101322,188,31,5,0,239,78.66,12.97,2.09,0.0,78.66,12.97,2.09,41,30.76,608,1179,2460,3166,259,348,74.43,89.87,77.16,False,92.03,True,85.91,True,46.84,71.74,84.98,85.61,99.31,Very High
12802153506,217,0,0,0,223,97.31,0.0,0.0,0.0,97.31,0.0,0.0,40,23.56,747,1036,3337,3299,147,387,37.98,97.15,80.35,False,85.65,False,82.56,False,46.18,71.03,84.41,85.59,99.31,Very High
31105132403,207,0,0,0,217,95.39,0.0,0.0,0.0,95.39,0.0,0.0,43,29.84,707,949,3011,2892,125,368,33.97,96.0,79.81,False,81.95,False,87.82,False,46.28,71.14,84.5,85.59,99.31,Very High
11501162120,181,11,3,0,195,92.82,5.64,1.54,0.0,92.82,5.64,1.54,38,21.55,659,1022,3517,3615,179,339,52.8,93.83,78.85,False,91.81,True,80.82,False,46.47,71.35,84.66,85.58,99.3,Very High
30404110306,195,0,0,0,203,96.06,0.0,0.0,0.0,96.06,0.0,0.0,43,31.38,580,1112,2771,2977,215,360,59.72,86.72,75.85,False,93.44,True,88.49,True,47.11,72.02,85.2,85.58,99.3,Very High
12202169001,184,15,0,0,207,88.89,7.25,0.0,0.0,88.89,7.25,0.0,40,24.05,686,964,3279,3437,147,347,42.36,95.14,79.43,False,87.93,False,82.92,False,46.35,71.22,84.56,85.57,99.3,Very High
30103102002,199,0,10,0,225,88.44,0.0,4.44,0.0,88.44,0.0,4.44,48,33.44,598,1168,2808,3333,196,340,57.65,88.78,76.71,False,88.5,True,90.72,True,46.92,71.83,85.05,85.57,99.3,Very High
10201102809,194,4,0,0,217,89.4,1.84,0.0,0.0,89.4,1.84,0.0,42,26.69,637,913,2769,2961,183,348,52.59,92.35,78.21,False,90.73,True,83.79,False,46.6,71.48,84.77,85.56,99.3,Very High
12202142211,177,0,0,0,183,96.72,0.0,0.0,0.0,96.72,0.0,0.0,46,34.23,558,1071,3382,3430,169,331,51.06,83.72,74.6,False,92.42,True,93.31,True,47.36,72.29,85.41,85.56,99.3,Very High
50704118418,192,0,0,0,205,93.66,0.0,0.0,0.0,93.66,0.0,0.0,42,35.42,607,665,2250,2233,235,356,66.01,89.77,77.12,False,89.91,True,87.95,True,46.82,71.72,84.96,85.56,99.3,Very High
20801117026,181,16,0,0,212,85.38,7.55,0.0,0.0,85.38,7.55,0.0,44,29.33,583,927,2944,3536,171,288,59.38,87.07,75.99,False,94.18,True,87.16,False,47.06,71.97,85.16,85.55,99.29,Very High
30101100621,243,0,0,0,250,97.2,0.0,0.0,0.0,97.2,0.0,0.0,44,31.48,756,829,2553,2691,128,362,35.36,97.33,80.44,False,80.43,False,87.37,True,46.14,71.0,84.38,85.55,99.29,Very High
50502108941,190,18,0,0,212,89.62,8.49,0.0,0.0,89.62,8.49,0.0,42,30.25,628,988,2428,2660,197,338,58.28,91.67,77.92,False,90.29,True,85.07,True,46.65,71.54,84.82,85.55,99.29,Very High
12602150123,157,24,0,0,194,80.93,12.37,0.0,0.0,80.93,12.37,0.0,44,33.33,555,1258,3194,3615,185,325,56.92,83.28,74.42,False,94.25,True,91.97,True,47.39,72.32,85.44,85.54,99.29,Very High
11402128410,185,5,0,0,205,90.24,2.44,0.0,0.0,90.24,2.44,0.0,45,36.27,568,1103,2823,3011,168,332,50.6,85.13,75.19,False,90.17,True,93.61,True,47.22,72.14,85.3,85.53,99.29,Very High
12601149614,160,4,4,0,173,92.49,2.31,2.31,0.0,92.49,2.31,2.31,49,38.0,521,1172,3795,3899,229,337,67.95,77.45,72.02,False,96.19,True,97.55,True,47.9,72.85,85.86,85.53,99.29,Very High
12101168209,169,0,0,0,175,96.57,0.0,0.0,0.0,96.57,0.0,0.0,42,26.44,556,1275,4604,4791,238,316,75.32,83.44,74.49,False,99.64,True,86.29,False,47.37,72.3,85.42,85.52,99.28,Very High
30503112502,236,16,0,0,277,85.2,5.78,0.0,0.0,85.2,5.78,0.0,35,19.82,757,1242,3055,3382,183,387,47.29,97.35,80.45,False,89.63,True,78.03,False,46.13,70.98,84.37,85.52,99.28,Very High
60104102206,210,0,0,0,221,95.02,0.0,0.0,0.0,95.02,0.0,0.0,45,33.92,681,791,2239,2389,207,404,51.24,94.93,79.33,False,84.65,True,86.27,True,46.34,71.21,84.55,85.52,99.28,Very High
20801117228,165,3,0,0,175,94.29,1.71,0.0,0.0,94.29,1.71,0.0,44,28.91,543,1099,4594,4771,239,297,80.47,81.42,73.65,False,99.78,True,88.76,False,47.54,72.48,85.56,85.51,99.28,Very High
40303106919,165,8,20,0,210,78.57,3.81,9.52,0.0,78.57,3.81,9.52,46,36.07,560,1200,3666,4666,262,351,74.64,84.01,74.72,False,89.61,True,95.51,True,47.31,72.23,85.37,85.5,99.28,Very High
50601130711,265,0,0,0,273,97.07,0.0,0.0,0.0,97.07,0.0,0.0,34,14.89,940,1138,3271,3217,222,456,48.68,99.23,81.57,False,91.02,True,73.73,False,45.96,70.79,84.22,85.5,99.28,Very High
12103140844,163,0,0,0,178,91.57,0.0,0.0,0.0,91.57,0.0,0.0,46,34.62,520,1236,4125,4612,233,309,75.4,77.27,71.95,False,99.47,True,94.32,True,47.89,72.85,85.85,85.49,99.27,Very High
12602150011,163,74,0,0,239,68.2,30.96,0.0,0.0,68.2,30.96,0.0,41,29.09,770,792,2312,2471,220,413,53.27,97.61,79.56,False,86.68,True,81.71,False,46.07,70.92,84.32,85.49,99.27,Very High
21603141622,597,4,0,0,629,94.91,0.64,0.0,0.0,94.91,0.64,0.0,34,21.29,1808,1121,2490,2685,406,914,44.42,99.93,83.59,False,84.98,True,76.73,False,45.92,70.75,84.18,85.49,99.27,Very High
40304107702,217,0,0,0,225,96.44,0.0,0.0,0.0,96.44,0.0,0.0,44,31.4,656,917,2588,2639,149,347,42.94,93.64,78.77,False,85.0,True,87.51,True,46.44,71.32,84.64,85.49,99.27,Very High
31601141302,212,0,0,0,218,97.25,0.0,0.0,0.0,97.25,0.0,0.0,40,28.79,712,930,2595,2698,178,431,41.3,96.16,79.89,False,84.19,False,84.94,False,46.22,71.07,84.44,85.48,99.27,Very High
20602150024,174,36,12,0,237,73.42,15.19,5.06,0.0,73.42,15.19,5.06,39,25.59,637,1104,2856,3454,258,379,68.07,92.35,78.21,False,91.07,True,83.08,False,46.55,71.43,84.73,85.47,99.27,Very High
12203142410,169,4,8,0,189,89.42,2.12,4.23,0.0,89.42,2.12,4.23,39,26.1,636,1026,3468,3299,172,329,52.28,92.28,78.18,False,88.87,True,85.33,False,46.55,71.43,84.73,85.46,99.26,Very High
21401137616,205,20,0,0,238,86.13,8.4,0.0,0.0,86.13,8.4,0.0,44,31.97,635,1145,2777,3059,137,334,41.02,92.21,78.15,False,85.2,False,89.11,True,46.56,71.44,84.74,85.46,99.26,Very High
30404110334,162,23,0,0,199,81.41,11.56,0.0,0.0,81.41,11.56,0.0,41,30.59,559,1104,2986,3545,197,291,67.7,83.87,74.67,False,96.61,True,88.55,True,47.3,72.23,85.37,85.46,99.26,Very High
50501107228,210,0,0,0,218,96.33,0.0,0.0,0.0,96.33,0.0,0.0,43,30.96,617,912,2542,3042,186,350,53.14,90.75,77.53,False,89.45,True,86.77,True,46.69,71.58,84.85,85.46,99.26,Very High
11402128422,250,0,6,0,293,85.32,0.0,2.05,0.0,85.32,0.0,2.05,56,50.63,636,1056,2210,2680,206,399,51.63,92.28,78.18,False,82.25,True,91.91,True,46.55,71.43,84.73,85.45,99.26,Very High
30103101602,184,0,0,0,187,98.4,0.0,0.0,0.0,98.4,0.0,0.0,41,22.71,634,1061,3538,3711,159,316,50.32,92.14,78.12,False,92.34,True,82.01,False,46.56,71.44,84.74,85.45,99.26,Very High
12602159004,164,44,0,0,217,75.58,20.28,0.0,0.0,75.58,20.28,0.0,47,35.99,589,985,2402,3233,195,342,57.02,87.77,76.29,False,89.48,True,90.51,True,46.95,71.85,85.07,85.44,99.25,Very High
12802153631,175,30,4,0,214,81.78,14.02,1.87,0.0,81.78,14.02,1.87,40,25.68,623,1210,3037,3210,188,332,56.63,91.25,77.75,False,91.68,True,83.8,False,46.64,71.53,84.81,85.44,99.25,Very High
20403149204,239,6,0,0,256,93.36,2.34,0.0,0.0,93.36,2.34,0.0,44,34.05,693,1002,2489,2645,135,372,36.29,95.44,79.56,False,80.45,False,89.49,True,46.26,71.12,84.48,85.44,99.25,Very High
21205131914,216,0,0,0,233,92.7,0.0,0.0,0.0,92.7,0.0,0.0,37,22.41,638,965,2617,2583,274,381,71.92,92.43,78.25,False,95.22,True,78.69,False,46.53,71.41,84.71,85.44,99.25,Very High
30504113227,193,0,0,0,204,94.61,0.0,0.0,0.0,94.61,0.0,0.0,38,21.08,593,1370,3656,4305,244,339,71.98,88.23,76.48,False,98.9,True,80.51,False,46.91,71.81,85.03,85.44,99.25,Very High
11602163108,224,0,0,0,235,95.32,0.0,0.0,0.0,95.32,0.0,0.0,35,15.0,860,1230,3523,3374,193,407,47.42,98.77,81.23,False,90.95,True,74.28,False,45.96,70.8,84.22,85.43,99.24,Very High
20501107921,193,3,0,0,199,96.98,1.51,0.0,0.0,96.98,1.51,0.0,50,38.41,604,919,2555,2592,127,314,40.45,89.47,77.0,False,83.44,False,94.32,True,46.79,71.69,84.94,85.43,99.24,Very High
30402109019,224,0,0,0,236,94.92,0.0,0.0,0.0,94.92,0.0,0.0,40,25.72,657,991,2603,2985,206,381,54.07,93.7,78.79,False,90.3,True,81.92,False,46.41,71.28,84.61,85.43,99.24,Very High
12203142518,175,0,3,0,182,96.15,0.0,1.65,0.0,96.15,0.0,1.65,40,27.16,626,969,3281,3281,149,312,47.76,91.52,77.86,False,88.98,True,86.03,False,46.6,71.48,84.77,85.41,99.24,Very High
30301105125,194,0,0,0,197,98.48,0.0,0.0,0.0,98.48,0.0,0.0,50,44.75,543,1012,2750,2941,174,325,53.54,81.42,73.65,False,91.0,True,97.0,True,47.48,72.42,85.51,85.38,99.24,Very High
50502108835,195,4,0,0,205,95.12,1.95,0.0,0.0,95.12,1.95,0.0,43,32.86,569,1260,3134,3611,161,315,51.11,85.24,75.23,False,91.72,True,91.32,True,47.14,72.06,85.23,85.38,99.24,Very High
11501129016,182,0,0,0,192,94.79,0.0,0.0,0.0,94.79,0.0,0.0,40,26.53,603,1039,2802,2787,199,329,60.49,89.36,76.95,False,93.88,True,83.79,False,46.77,71.67,84.92,85.37,99.23,Very High
11501155411,137,27,0,0,171,80.12,15.79,0.0,0.0,80.12,15.79,0.0,40,21.45,592,1055,3687,3531,222,328,67.68,88.12,76.43,False,98.36,True,80.91,False,46.88,71.78,85.01,85.37,99.23,Very High
11504162517,170,0,0,0,170,100.0,0.0,0.0,0.0,100.0,0.0,0.0,36,15.91,635,1168,3895,3704,216,321,67.29,92.21,78.15,False,98.43,True,75.51,False,46.52,71.4,84.7,85.37,99.23,Very High
11501162129,179,0,0,0,187,95.72,0.0,0.0,0.0,95.72,0.0,0.0,39,20.73,656,956,3312,3140,182,355,51.27,93.64,78.77,False,92.35,True,79.67,False,46.39,71.26,84.59,85.36,99.23,Very High
12103141202,187,0,4,0,198,94.44,0.0,2.02,0.0,94.44,0.0,2.02,42,26.1,590,1209,3125,3687,237,353,67.14,87.89,76.34,False,95.01,True,84.53,False,46.9,71.8,85.03,85.36,99.23,Very High
12201141817,141,22,0,0,174,81.03,12.64,0.0,0.0,81.03,12.64,0.0,40,25.84,565,1259,4594,4680,210,328,64.02,84.7,75.01,False,97.98,True,85.69,False,47.18,72.1,85.26,85.36,99.23,Very High
21402138220,242,0,0,0,294,82.31,0.0,0.0,0.0,82.31,0.0,0.0,45,34.29,659,918,2343,2720,168,368,45.65,93.83,78.85,False,83.66,True,88.07,True,46.36,71.23,84.57,85.35,99.22,Very High
50604113535,480,6,0,0,500,96.0,1.2,0.0,0.0,96.0,1.2,0.0,35,14.86,1689,987,2736,2776,403,796,50.63,99.91,83.34,False,89.68,True,71.77,False,45.84,70.67,84.12,85.35,99.22,Very High
11501129628,155,3,0,0,160,96.88,1.88,0.0,0.0,96.88,1.88,0.0,46,39.38,513,911,3316,3283,198,316,62.66,75.95,71.41,False,96.56,True,98.33,True,47.94,72.9,85.89,85.34,99.22,Very High
11501155609,169,4,0,0,181,93.37,2.21,0.0,0.0,93.37,2.21,0.0,40,24.58,590,1033,3200,3103,200,319,62.7,87.89,76.34,False,96.22,True,83.23,False,46.89,71.79,85.02,85.34,99.22,Very High
12502171105,183,0,0,0,191,95.81,0.0,0.0,0.0,95.81,0.0,0.0,39,26.5,600,894,2722,2944,219,339,64.6,89.02,76.81,False,94.63,True,83.35,False,46.79,71.68,84.93,85.34,99.22,Very High
20703116124,193,14,0,0,219,88.13,6.39,0.0,0.0,88.13,6.39,0.0,41,29.4,602,1008,2440,2899,245,355,69.01,89.26,76.91,False,93.31,True,84.36,False,46.77,71.66,84.91,85.34,99.22,Very High
12602150107,186,0,0,0,194,95.88,0.0,0.0,0.0,95.88,0.0,0.0,44,32.93,577,962,3013,3191,162,326,49.69,86.33,75.69,False,90.5,True,90.92,True,47.02,71.93,85.13,85.33,99.21,Very High
12801160328,178,19,0,0,199,89.45,9.55,0.0,0.0,89.45,9.55,0.0,41,27.34,640,1114,3285,3360,144,353,40.79,92.57,78.31,False,87.09,False,86.22,False,46.47,71.34,84.66,85.33,99.21,Very High
50603112517,186,0,0,0,197,94.42,0.0,0.0,0.0,94.42,0.0,0.0,43,34.65,606,914,2568,2534,153,332,46.08,89.66,77.08,False,86.46,True,90.64,True,46.73,71.62,84.88,85.33,99.21,Very High
11602162841,228,0,0,0,231,98.7,0.0,0.0,0.0,98.7,0.0,0.0,36,15.34,769,1228,3103,3200,213,394,54.06,97.59,80.57,False,92.81,True,73.7,False,46.01,70.85,84.26,85.32,99.21,Very High
30601114111,240,0,4,0,252,95.24,0.0,1.59,0.0,95.24,0.0,1.59,44,30.9,699,1103,2545,2678,166,399,41.6,95.69,79.67,False,82.39,False,86.73,True,46.18,71.03,84.41,85.32,99.21,Very High
30907125207,206,0,0,0,221,93.21,0.0,0.0,0.0,93.21,0.0,0.0,43,30.78,653,821,2583,2661,149,343,43.44,93.46,78.69,False,85.23,True,86.86,True,46.38,71.25,84.58,85.32,99.21,Very High
40103101310,160,51,5,0,227,70.48,22.47,2.2,0.0,70.48,22.47,2.2,50,42.62,549,1107,2527,3386,226,354,63.84,82.37,74.05,False,90.85,True,95.66,True,47.37,72.3,85.42,85.32,99.21,Very High
50603113118,212,5,4,0,228,92.98,2.19,1.75,0.0,92.98,2.19,1.75,37,17.91,765,904,2664,2692,242,381,63.52,97.51,80.53,False,92.21,True,74.44,False,46.02,70.86,84.27,85.32,99.21,Very High
30402108817,170,0,0,0,176,96.59,0.0,0.0,0.0,96.59,0.0,0.0,44,31.9,536,1129,3474,3643,230,340,67.65,80.24,73.17,False,98.09,True,91.14,True,47.55,72.49,85.57,85.31,99.2,Very High
50704118120,220,18,3,0,264,83.33,6.82,1.14,0.0,83.33,6.82,1.14,39,28.83,718,913,2399,2856,184,377,48.81,96.36,79.98,False,84.86,True,83.31,False,46.12,70.96,84.35,85.31,99.2,Very High
21302134632,208,53,22,0,326,63.8,16.26,6.75,0.0,63.8,16.26,6.75,45,35.17,745,1078,2514,3271,238,428,55.61,97.1,76.79,False,83.36,True,88.02,True,45.99,70.83,84.24,85.3,99.2,Very High
30402108705,206,0,21,0,235,87.66,0.0,8.94,0.0,87.66,0.0,8.94,43,30.03,656,958,2625,3152,271,410,66.1,93.64,78.77,False,85.42,True,86.36,True,46.36,71.22,84.56,85.3,99.2,Very High
10201103901,228,0,12,0,282,80.85,0.0,4.26,0.0,80.85,0.0,4.26,38,26.91,721,1054,2391,2816,257,416,61.78,96.46,80.03,False,86.68,True,81.28,False,46.1,70.95,84.34,85.29,99.19,Very High
12003167713,155,41,19,0,220,70.45,18.64,8.64,0.0,70.45,18.64,8.64,43,35.04,645,821,2531,2833,190,339,56.05,92.94,78.47,False,81.88,True,90.75,True,46.41,71.28,84.61,85.29,99.19,Very High
21204156628,216,11,0,0,238,90.76,4.62,0.0,0.0,90.76,4.62,0.0,40,25.36,769,785,2345,2459,177,331,53.47,97.59,80.57,False,87.25,True,79.17,False,46.0,70.84,84.25,85.29,99.19,Very High
30907125236,228,0,0,0,239,95.4,0.0,0.0,0.0,95.4,0.0,0.0,44,29.55,714,890,2515,2705,148,362,40.88,96.23,79.92,False,83.22,False,85.07,False,46.12,70.97,84.36,85.29,99.19,Very High
12602150105,153,49,0,0,212,72.17,23.11,0.0,0.0,72.17,23.11,0.0,40,29.24,602,949,2654,2963,194,341,56.89,89.26,76.91,False,91.72,True,85.71,False,46.74,71.63,84.89,85.28,99.19,Very High
30905124513,327,0,0,0,329,99.39,0.0,0.0,0.0,99.39,0.0,0.0,37,15.29,1171,1056,3169,3117,257,574,44.77,99.7,82.22,False,88.82,True,73.87,False,45.81,70.64,84.09,85.28,99.19,Very High
50704118302,229,19,4,0,287,79.79,6.62,1.39,0.0,79.79,6.62,1.39,43,35.55,841,844,2215,2631,178,443,40.18,98.61,81.13,False,77.33,False,87.54,True,45.9,70.73,84.17,85.28,99.19,Very High
12203142709,168,0,0,0,178,94.38,0.0,0.0,0.0,94.38,0.0,0.0,41,27.19,570,951,3333,3550,186,302,61.59,85.36,75.28,False,96.27,True,86.18,False,47.08,71.99,85.18,85.27,99.18,Very High
30906125012,175,0,0,0,185,94.59,0.0,0.0,0.0,94.59,0.0,0.0,44,35.46,595,855,2681,2583,151,341,44.28,88.45,76.57,False,86.3,True,92.1,True,46.8,71.7,84.94,85.26,99.18,Very High
50702116634,267,82,3,0,373,71.58,21.98,0.8,0.0,71.58,21.98,0.8,46,37.41,874,1087,2015,2839,247,507,48.72,98.85,81.29,False,78.35,False,86.06,True,45.87,70.7,84.14,85.26,99.18,Very High
40104101634,203,31,0,0,246,82.52,12.6,0.0,0.0,82.52,12.6,0.0,43,34.66,652,857,2208,2687,184,339,54.28,93.39,78.66,False,85.35,True,86.54,True,46.35,71.22,84.56,85.25,99.18,Very High
50502109618,173,44,7,0,232,74.57,18.97,3.02,0.0,74.57,18.97,3.02,40,29.61,618,1066,2488,3115,242,368,65.76,90.83,77.57,False,90.22,True,85.04,False,46.58,71.47,84.76,85.25,99.18,Very High
20303105310,261,4,0,0,320,81.56,1.25,0.0,0.0,81.56,1.25,0.0,37,20.68,769,1133,2527,2711,241,442,54.52,97.59,80.57,False,89.85,True,76.34,False,45.97,70.81,84.23,85.24,99.17,Very High
30203103802,235,0,0,0,258,91.09,0.0,0.0,0.0,91.09,0.0,0.0,38,21.86,677,1226,2718,3273,199,363,54.82,94.76,79.26,False,91.34,True,78.69,False,46.22,71.08,84.45,85.24,99.17,Very High
11504162430,215,4,0,0,228,94.3,1.75,0.0,0.0,94.3,1.75,0.0,33,12.8,797,1260,3514,3445,217,410,52.93,98.08,80.83,False,93.39,True,72.06,False,45.92,70.76,84.19,85.23,99.17,Very High
20901119624,179,28,4,0,227,78.85,12.33,1.76,0.0,78.85,12.33,1.76,38,21.57,714,844,2796,2952,187,354,52.82,96.23,79.92,False,89.22,True,78.8,False,46.09,70.93,84.33,85.23,99.17,Very High
30303106601,189,0,0,0,195,96.92,0.0,0.0,0.0,96.92,0.0,0.0,42,29.02,610,957,2763,2815,169,331,51.06,90.06,77.24,False,90.09,True,86.1,False,46.64,71.53,84.81,85.23,99.17,Very High
