SA3_CODE_2021,T_LPLFS_EPT_DC_0_4,T_LPLFS_EPT_DC_5_9,T_LPLFS_EPT_DC_10_12,T_LPLFS_EPT_DC_13_14,T_LPLFS_EPT_DC_15_17,T_LPLFS_EPT_DC_18_20,T_LPLFS_EPT_DC_21_24,T_LPLFS_EPT_Tot,T_LPLFS_EAW_DC_0_4,T_LPLFS_EAW_DC_5_9,T_LPLFS_EAW_DC_10_12,T_LPLFS_EAW_DC_13_14,T_LPLFS_EAW_DC_15_17,T_LPLFS_EAW_DC_18_20,T_LPLFS_EAW_DC_21_24,T_LPLFS_EAW_Tot,T_LPLFS_HNS_DC_0_4,T_LPLFS_HNS_DC_5_9,T_LPLFS_HNS_DC_10_12,T_LPLFS_HNS_DC_13_14,T_LPLFS_HNS_DC_15_17,T_LPLFS_HNS_DC_18_20,T_LPLFS_HNS_DC_21_24,T_LPLFS_HNS_Tot,T_LPLFS_EW_Tot_DC_0_4,T_LPLFS_EW_Tot_DC_5_9,T_LPLFS_EW_Tot_DC_10_12,T_LPLFS_EW_Tot_DC_13_14,T_LPLFS_EW_Tot_DC_15_17,T_LPLFS_EW_Tot_DC_18_20,T_LPLFS_EW_Tot_DC_21_24,T_LPLFS_EW_Tot_Tot,T_LPLFS_ULFTW_DC_0_4,T_LPLFS_ULFTW_DC_5_9,T_LPLFS_ULFTW_DC_10_12,T_LPLFS_ULFTW_DC_13_14,T_LPLFS_ULFTW_DC_15_17,T_LPLFS_ULFTW_DC_18_20,T_LPLFS_ULFTW_DC_21_24,T_LPLFS_ULFTW_Tot,T_LPLFS_ULPTW_DC_0_4,T_LPLFS_ULPTW_DC_5_9,T_LPLFS_ULPTW_DC_10_12,T_LPLFS_ULPTW_DC_13_14,T_LPLFS_ULPTW_DC_15_17,T_LPLFS_ULPTW_DC_18_20,T_LPLFS_ULPTW_DC_21_24,T_LPLFS_ULPTW_Tot,T_LPLFS_U_T_DC_0_4,T_LPLFS_U_T_DC_5_9,T_LPLFS_U_T_DC_10_12,T_LPLFS_U_T_DC_13_14,T_LPLFS_U_T_DC_15_17,T_LPLFS_U_T_DC_18_20,T_LPLFS_U_T_DC_21_24,T_LPLFS_U_T_Tot,T_LPLFS_T_LF_DC_0_4,T_LPLFS_T_LF_DC_5_9,T_LPLFS_T_LF_DC_10_12,T_LPLFS_T_LF_DC_13_14,T_LPLFS_T_LF_DC_15_17,T_LPLFS_T_LF_DC_18_20,T_LPLFS_T_LF_DC_21_24,T_LPLFS_T_LF_Tot,T_LPLFS_NLF_DC_0_4,T_LPLFS_NLF_DC_5_9,T_LPLFS_NLF_DC_10_12,T_LPLFS_NLF_DC_13_14,T_LPLFS_NLF_DC_15_17,T_LPLFS_NLF_DC_18_20,T_LPLFS_NLF_DC_21_24,T_LPLFS_NLF_Tot,T_LPLFS_LFSNS_DC_0_4,T_LPLFS_LFSNS_DC_5_9,T_LPLFS_LFSNS_DC_10_12,T_LPLFS_LFSNS_DC_13_14,T_LPLFS_LFSNS_DC_15_17,T_LPLFS_LFSNS_DC_18_20,T_LPLFS_LFSNS_DC_21_24,T_LPLFS_LFSNS_Tot,T_LPLFS_Tot_DC_0_4,T_LPLFS_Tot_DC_5_9,T_LPLFS_Tot_DC_10_12,T_LPLFS_Tot_DC_13_14,T_LPLFS_Tot_DC_15_17,T_LPLFS_Tot_DC_18_20,T_LPLFS_Tot_DC_21_24,T_LPLFS_Tot_Tot
10102,80,142,89,63,49,17,5,444,23,26,16,18,3,4,3,96,9,0,9,5,3,0,0,30,222,429,324,211,265,79,43,1584,7,12,10,9,5,0,3,39,6,10,8,7,5,0,0,39,11,21,16,11,14,0,3,77,237,446,346,229,280,79,43,1664,177,158,74,49,45,8,0,516,4,0,4,5,0,0,0,14,416,610,418,283,326,94,49,2189
10103,23,60,47,36,39,4,5,216,0,4,0,3,0,0,0,14,0,0,3,0,8,0,0,9,38,114,99,83,109,9,11,464,0,0,0,0,0,0,0,8,0,8,0,4,3,0,0,14,0,8,0,5,8,0,0,23,40,121,105,88,110,9,11,485,64,52,34,19,19,0,0,186,0,0,3,0,0,0,0,8,103,177,138,108,134,11,11,674
10104,137,313,237,152,164,23,7,1027,24,26,26,19,20,0,0,113,4,4,4,8,4,0,0,31,224,510,463,322,366,62,10,1952,6,16,11,9,6,4,0,49,12,13,11,3,9,0,0,44,13,28,20,11,14,5,0,95,238,538,478,333,379,70,14,2052,290,244,145,116,109,22,8,937,8,15,11,5,0,0,0,49,541,793,638,463,490,82,24,3040
10105,82,171,99,69,57,12,3,485,11,8,5,5,8,0,0,35,12,9,6,0,5,0,0,34,154,303,212,147,173,43,12,1042,4,13,3,4,6,0,0,24,13,13,9,6,3,0,0,52,11,23,12,10,13,0,0,73,169,329,223,152,182,43,12,1119,168,161,100,53,48,6,0,543,0,0,4,3,0,3,0,12,336,496,335,213,229,51,19,1675
10106,64,113,87,60,57,16,3,411,16,18,5,0,5,0,0,48,0,0,4,0,0,0,0,12,131,226,175,137,189,45,14,915,5,14,5,3,6,0,0,33,7,14,9,5,5,0,0,31,4,22,14,8,14,0,0,65,140,254,194,148,202,41,14,978,140,176,94,45,38,8,0,501,8,6,6,0,0,0,0,23,284,427,296,197,243,45,12,1499
10201,276,549,437,285,371,108,50,2076,93,137,91,77,70,25,7,492,8,25,15,4,14,3,0,70,559,1171,1000,736,991,352,154,4964,11,39,31,19,18,11,0,131,25,34,26,12,16,6,0,117,37,73,52,29,37,12,4,253,596,1243,1055,762,1033,366,159,5218,601,688,382,295,281,68,44,2365,5,12,10,7,7,0,0,49,1205,1946,1444,1066,1325,439,210,7632
10202,424,697,459,327,391,93,39,2442,173,194,105,73,84,26,10,665,41,33,28,19,7,3,0,126,831,1393,1047,740,951,267,124,5347,29,52,43,23,35,5,3,197,64,65,42,25,22,12,4,228,92,116,78,46,61,15,12,423,922,1509,1125,792,1011,280,132,5771,1135,1095,630,422,383,78,27,3774,22,23,17,12,13,5,0,86,2079,2628,1773,1232,1406,361,155,9630
10301,109,206,131,96,114,19,4,674,25,6,13,6,8,0,0,64,5,8,8,7,10,0,0,37,217,430,317,235,297,67,14,1588,8,19,6,10,10,0,0,64,19,20,13,9,9,0,0,65,36,41,17,17,20,4,0,129,253,467,338,249,321,75,16,1717,237,229,108,80,63,8,7,728,14,6,11,7,3,0,0,33,494,699,455,337,384,78,23,2476
10302,114,248,140,135,103,14,0,754,23,22,16,5,11,0,0,75,3,6,4,5,0,0,0,27,229,450,291,263,262,33,10,1537,9,29,18,12,11,0,0,78,26,45,12,10,6,0,0,94,33,76,30,17,13,3,0,173,262,527,317,280,277,38,10,1710,330,307,171,102,88,3,0,1007,16,11,9,16,0,0,0,49,606,844,499,398,371,44,10,2770
10303,89,211,108,93,102,9,3,628,20,20,13,19,10,4,0,82,6,7,6,6,3,7,0,27,152,354,229,194,197,35,7,1168,6,19,10,3,3,0,0,51,21,19,10,4,7,0,0,67,26,40,24,9,8,5,0,112,181,394,248,203,207,39,7,1282,231,268,159,97,70,12,5,844,7,4,3,8,0,0,0,22,422,668,419,305,275,47,14,2149
10304,143,251,161,107,112,19,0,800,28,24,16,6,14,0,3,99,4,15,4,0,3,0,0,30,292,515,395,274,327,66,11,1883,9,15,15,5,3,0,0,46,22,23,15,7,8,4,0,85,34,41,31,17,12,4,0,130,324,557,424,287,335,72,11,2016,268,269,155,100,82,6,3,880,7,14,3,7,7,0,0,37,601,842,577,396,421,73,19,2932
10401,133,221,173,116,105,13,3,756,22,23,25,8,18,4,0,95,10,8,4,0,0,0,0,20,229,386,327,216,235,30,8,1437,5,15,25,12,11,0,0,63,16,17,11,5,3,0,0,56,19,36,31,20,11,0,0,124,246,425,362,237,248,38,8,1556,318,321,177,128,121,13,5,1082,9,12,10,7,3,0,0,47,575,755,548,373,376,49,15,2688
10402,233,414,296,217,215,53,19,1447,28,30,23,11,19,3,0,123,11,25,17,10,10,0,0,68,385,781,617,469,535,124,33,2939,18,26,21,24,19,3,0,106,23,41,31,11,21,0,0,132,38,68,54,34,38,3,0,245,423,851,676,499,573,125,33,3184,417,373,243,154,144,27,14,1367,13,17,4,3,6,0,0,42,854,1240,918,659,721,155,44,4596
10501,50,71,42,26,19,0,0,211,5,3,3,0,0,0,0,11,4,7,8,3,5,0,0,16,83,158,100,64,62,11,0,477,5,11,5,4,5,0,0,32,4,4,4,6,10,0,0,24,7,14,5,9,9,0,0,51,91,173,109,79,74,11,0,535,214,199,86,56,36,0,0,591,8,11,10,5,0,0,0,36,309,385,198,138,111,13,0,1155
10502,53,85,60,33,32,0,0,268,11,13,0,3,5,0,0,30,7,11,8,7,0,0,0,33,111,192,139,102,92,10,5,658,3,12,4,0,5,0,0,21,3,4,0,3,0,0,0,23,3,16,9,3,10,0,0,41,121,211,148,109,98,15,5,697,181,153,80,48,40,7,0,502,10,10,0,5,3,0,0,25,306,370,231,163,141,20,3,1231
10503,222,312,214,137,123,17,3,1026,36,25,15,5,3,5,0,97,21,32,19,13,14,0,0,98,414,679,507,327,358,61,16,2352,12,21,22,14,12,0,0,79,26,36,18,14,7,0,0,107,33,57,37,23,21,3,0,189,448,732,542,352,380,62,13,2540,467,402,222,147,120,13,0,1381,14,14,7,7,10,0,0,54,925,1153,776,510,507,81,19,3970
10601,298,468,283,184,185,48,8,1480,76,108,53,30,28,3,0,303,22,30,13,10,6,0,0,83,550,922,576,413,440,116,41,3056,21,41,24,16,16,4,0,123,46,59,36,27,13,0,0,194,74,98,63,39,27,8,0,310,624,1015,638,454,469,119,42,3366,672,649,364,212,226,27,12,2166,6,20,9,7,3,0,0,53,1308,1686,1014,674,702,147,58,5586
10602,222,413,245,166,200,27,22,1293,47,46,31,14,24,4,3,172,26,22,14,4,0,0,0,71,441,821,551,373,515,128,63,2892,12,29,15,17,13,5,0,87,30,42,29,13,22,0,0,141,48,74,44,35,32,5,0,227,485,894,598,404,544,134,61,3117,437,475,262,175,137,28,11,1522,3,7,3,3,0,0,0,17,923,1372,861,577,677,161,76,4658
10603,133,272,210,175,170,41,13,1009,43,42,31,21,20,3,0,150,14,17,15,9,9,0,0,70,246,526,419,349,398,100,34,2068,14,21,19,14,9,3,0,87,16,21,13,17,6,0,0,74,23,50,38,30,16,0,0,160,269,576,460,373,410,99,36,2232,366,381,217,172,128,16,14,1287,11,18,11,6,8,0,0,53,643,971,687,553,545,121,50,3571
10604,58,119,71,53,54,3,4,367,15,18,7,11,13,6,0,51,3,13,5,4,0,0,0,24,116,250,165,135,164,19,5,848,3,9,3,6,4,0,0,27,9,13,9,0,0,0,0,35,16,21,10,13,4,0,0,60,133,266,175,147,169,21,5,913,178,177,98,62,50,4,0,560,3,8,4,0,3,0,0,18,310,447,272,213,214,22,5,1496
10701,164,287,203,132,145,48,29,1011,53,65,43,25,23,11,7,233,10,15,5,5,3,0,3,48,310,573,445,326,376,136,74,2235,9,14,9,8,14,7,0,57,14,22,7,9,13,0,0,62,24,30,14,14,23,4,0,122,335,603,462,342,405,144,70,2361,484,552,288,196,204,45,20,1788,12,12,13,10,4,0,0,43,827,1168,764,543,611,187,89,4189
10702,0,0,0,0,0,0,0,0,0,0,0,0,0,0,0,0,0,0,0,0,0,0,0,0,0,0,0,0,0,0,0,0,0,0,0,0,0,0,0,0,0,0,0,0,0,0,0,0,0,0,0,0,0,0,0,0,0,0,0,0,0,0,0,0,0,0,0,0,0,0,0,0,0,0,0,0,0,0,0,0,0,0,0,0,0,0,0,0
10703,201,380,269,162,228,54,28,1318,73,81,61,24,28,15,6,301,9,12,9,4,3,3,0,39,382,719,566,369,510,159,72,2771,7,21,17,17,13,3,0,77,27,25,16,12,8,3,0,94,34,44,33,26,18,7,3,172,417,765,599,399,524,166,76,2945,426,401,238,190,162,34,16,1466,12,11,17,7,0,0,0,44,854,1175,847,593,689,200,91,4457
10704,136,344,210,174,206,90,41,1210,54,75,45,41,47,18,16,288,9,0,5,6,9,0,0,31,276,652,534,478,580,264,142,2922,5,28,18,14,22,5,0,87,6,19,13,14,17,9,0,74,9,42,33,28,36,15,3,164,278,695,566,506,617,279,143,3082,329,351,212,155,182,72,41,1342,3,6,5,0,4,0,0,25,608,1052,788,663,801,351,185,4443
10801,54,135,113,75,62,6,0,446,14,14,11,11,7,0,0,60,5,8,8,9,4,0,0,25,105,218,189,144,139,23,9,834,3,9,7,5,0,0,0,27,3,5,4,0,0,0,0,18,7,18,13,5,3,0,0,41,114,240,203,152,145,23,9,877,141,150,86,70,52,6,0,510,4,9,5,5,0,0,0,25,262,394,289,225,195,28,7,1408
10802,116,227,163,113,115,9,6,756,20,19,21,13,14,3,0,85,12,18,14,0,7,0,0,49,207,391,305,225,279,46,11,1466,13,33,21,18,16,0,0,103,23,25,12,10,9,0,0,75,35,55,35,25,29,0,0,178,241,446,341,250,306,52,11,1646,393,368,191,132,132,17,3,1236,21,19,17,14,10,0,0,79,655,832,549,396,444,62,21,2957
10803,0,0,0,0,0,0,0,5,0,0,0,0,0,0,0,0,0,0,0,0,0,0,0,0,0,3,4,3,0,0,0,12,0,0,0,0,0,0,0,0,0,0,0,0,0,0,0,0,0,0,0,0,0,0,0,0,0,3,4,3,0,0,0,12,0,0,0,0,0,0,0,0,0,0,0,0,0,0,0,0,0,3,4,3,0,0,0,12
10804,176,362,266,197,196,44,4,1234,36,30,18,14,20,4,0,119,7,13,10,6,4,0,0,40,306,587,496,398,461,91,24,2358,4,12,18,6,8,0,0,56,27,33,14,11,11,3,0,105,31,47,34,25,21,9,0,160,332,635,524,419,483,95,29,2523,385,356,227,147,159,28,14,1317,12,12,8,9,5,0,0,47,739,1000,756,579,645,125,40,3889
10805,163,278,168,121,121,28,9,896,28,19,20,4,12,4,0,85,11,19,10,0,3,0,0,45,249,467,332,243,273,68,8,1633,17,36,21,16,9,0,0,100,21,35,12,6,17,0,0,93,44,66,33,25,23,0,0,197,292,530,367,269,298,63,8,1831,350,327,204,144,115,13,7,1171,7,12,18,13,4,0,0,57,652,875,593,426,415,84,15,3053
10901,168,301,197,124,128,25,7,958,37,30,17,9,10,3,0,100,11,10,9,0,6,0,0,36,300,584,393,290,358,88,20,2034,3,24,11,6,15,0,0,63,26,28,15,13,17,0,0,96,30,56,30,16,26,0,0,162,334,635,423,307,386,89,18,2195,370,291,173,128,146,26,8,1137,8,12,7,5,0,0,0,39,712,930,609,443,535,113,28,3370
10902,16,33,23,14,24,0,0,113,5,3,5,3,0,0,0,22,0,3,0,0,0,0,0,12,39,65,47,37,54,14,4,255,0,3,0,0,3,0,0,9,5,4,0,0,0,0,0,13,5,9,3,0,6,0,0,20,44,70,48,39,60,14,4,278,53,47,31,16,18,0,0,169,7,11,3,0,0,0,0,22,107,125,83,57,79,19,4,463
10903,84,125,84,62,62,9,4,428,17,21,0,12,5,0,0,56,4,9,3,0,5,0,0,23,138,234,197,155,184,44,8,957,0,3,8,3,0,0,0,22,11,14,4,4,7,0,0,43,9,20,15,6,9,0,0,58,150,255,212,165,190,41,8,1016,125,121,83,52,42,6,0,437,5,0,4,0,0,0,0,12,279,378,300,220,237,49,12,1470
11001,82,126,84,72,93,13,4,473,7,4,10,0,3,0,0,30,5,0,9,7,4,0,0,24,130,237,182,147,213,28,10,946,5,15,6,8,0,0,0,45,8,11,7,8,0,0,0,38,15,28,12,15,9,5,0,79,144,260,199,165,222,35,10,1028,217,199,111,81,65,14,9,689,6,13,0,4,0,0,0,16,364,469,304,240,285,52,22,1739
11002,87,156,108,70,65,10,0,497,16,9,9,7,4,3,0,39,7,12,9,0,6,0,0,34,135,276,205,154,152,24,3,954,11,30,20,13,10,4,0,90,14,25,4,6,9,0,0,60,24,54,28,16,22,4,0,148,161,326,230,174,173,23,3,1100,290,254,133,80,84,11,0,852,8,11,10,0,11,0,0,35,459,594,375,257,267,32,8,1984
11003,50,79,43,35,39,0,0,243,11,15,7,4,3,0,0,42,5,0,6,9,6,0,0,30,88,179,129,93,88,8,0,588,4,15,8,0,0,0,0,33,8,10,9,5,0,0,0,31,16,24,21,4,3,0,0,64,105,203,146,97,89,8,0,654,173,132,83,61,32,3,0,489,7,15,0,3,0,0,0,31,294,346,231,162,126,10,0,1171
11004,241,407,260,157,152,20,5,1238,38,53,25,18,17,3,0,159,14,18,22,10,4,0,0,59,445,822,572,359,439,56,13,2705,25,46,24,18,13,4,0,138,40,56,35,24,23,0,0,181,60,103,63,45,38,6,0,317,511,924,630,403,478,64,15,3022,582,513,276,186,138,17,0,1716,16,15,18,11,4,0,0,70,1110,1456,927,601,627,80,15,4809
11101,265,525,350,251,266,85,26,1759,57,47,26,27,34,13,6,209,7,18,6,4,3,0,0,47,429,969,774,585,679,256,124,3811,12,22,12,21,22,3,0,94,20,50,24,20,22,4,0,143,34,72,39,42,40,14,0,237,457,1042,808,629,720,271,124,4052,485,465,291,209,204,29,20,1704,7,7,5,0,7,0,0,25,945,1519,1110,840,923,300,146,5785
11102,194,356,228,157,166,42,16,1167,39,49,37,29,26,9,0,184,9,26,14,4,6,3,0,68,332,665,470,339,407,135,54,2394,16,28,17,11,5,4,0,83,26,40,28,14,19,0,0,127,46,66,44,18,26,4,0,205,383,733,507,356,429,139,54,2605,397,387,239,168,124,26,14,1361,7,12,5,3,3,0,0,29,786,1127,757,532,555,168,72,3999
11103,315,566,378,301,346,99,59,2060,56,60,27,23,28,13,10,215,10,22,10,8,9,6,6,71,575,1158,856,700,917,322,182,4702,19,28,37,14,20,3,3,132,37,51,38,19,23,10,0,181,56,85,80,34,47,11,4,312,631,1241,935,740,960,330,184,5020,549,585,348,237,215,63,42,2033,16,12,11,11,6,0,0,52,1190,1833,1287,984,1186,391,223,7098
11201,149,338,281,227,251,50,11,1297,29,31,23,10,17,0,0,119,3,8,4,3,8,3,0,35,247,548,532,418,497,99,30,2369,12,17,9,5,5,0,0,44,10,19,16,10,7,8,0,77,24,34,28,19,15,3,0,124,268,588,552,433,515,102,31,2493,235,279,175,127,138,23,12,996,10,10,9,8,5,0,0,35,513,877,738,570,649,134,42,3528
11202,151,283,229,159,203,29,5,1071,42,42,28,25,9,0,0,144,3,8,10,8,9,0,0,37,285,504,466,330,447,74,27,2132,8,10,11,16,9,3,0,55,31,39,33,20,8,0,0,135,38,52,41,32,21,3,5,191,324,561,502,363,462,81,28,2320,407,411,248,167,154,21,10,1413,10,14,15,8,5,0,0,54,741,986,773,536,619,102,37,3791
11203,200,386,294,220,262,57,33,1443,34,58,14,29,26,11,3,182,21,20,8,12,14,0,0,77,332,689,547,430,560,136,65,2757,13,18,13,8,15,0,0,73,15,37,23,15,6,0,0,108,31,55,41,30,23,3,0,176,361,740,582,458,578,138,69,2933,313,335,200,170,142,29,15,1194,11,19,12,5,6,0,0,55,685,1097,796,637,725,168,86,4186
11301,116,204,130,76,112,15,3,649,14,9,6,0,5,0,0,41,13,15,6,9,9,0,0,48,192,379,261,193,235,36,11,1319,7,18,15,11,9,0,0,61,20,28,20,10,0,0,0,80,27,48,35,14,11,0,0,137,223,429,295,208,249,44,11,1452,284,228,112,68,52,8,0,751,13,10,7,0,0,0,0,33,520,665,412,283,299,51,14,2241
11302,29,45,43,24,27,0,0,166,4,7,0,5,4,0,0,26,0,0,0,0,0,0,0,8,51,87,93,53,68,9,0,372,0,0,4,5,0,0,0,13,0,12,5,0,5,0,0,27,4,14,10,5,5,0,0,44,54,108,103,61,79,11,0,411,82,71,39,25,10,5,6,222,3,7,0,4,0,0,0,12,139,178,145,82,89,16,6,649
11303,239,430,293,186,170,37,9,1367,40,28,14,8,14,0,0,106,14,26,13,6,7,7,0,69,436,744,592,423,467,108,34,2797,27,37,20,10,12,6,0,122,31,56,21,10,7,4,0,123,54,96,37,19,25,5,0,247,486,838,632,439,488,117,38,3038,564,481,231,173,145,23,11,1637,19,20,12,3,8,0,0,61,1071,1337,879,620,647,138,43,4729
11401,214,470,328,232,223,51,10,1529,57,56,28,28,16,4,0,189,18,19,6,9,11,3,0,62,395,807,605,453,499,111,34,2899,15,25,21,11,17,3,0,98,30,28,11,8,13,0,0,100,46,54,33,24,31,3,0,200,439,862,640,478,528,114,34,3097,509,450,269,188,164,29,11,1613,10,4,7,3,0,0,0,36,955,1316,919,670,700,148,44,4751
11402,58,149,122,92,98,16,11,543,20,14,15,10,10,0,3,84,0,5,7,3,4,0,0,16,118,274,253,204,258,68,47,1227,5,0,0,0,0,0,0,15,0,10,5,6,0,0,0,18,7,8,9,7,0,0,0,35,127,290,262,208,263,69,50,1258,100,105,76,61,59,22,8,431,0,5,0,0,0,0,0,6,227,394,341,265,318,84,55,1698
11501,87,178,168,128,180,119,63,932,23,30,26,24,31,20,11,165,0,9,8,0,4,3,5,33,204,494,495,371,599,392,233,2784,10,13,8,10,14,11,4,66,15,15,12,11,6,5,7,62,17,24,22,17,20,18,12,129,226,522,512,393,620,409,239,2917,133,202,130,94,162,90,61,876,4,3,0,3,0,0,0,13,365,723,643,488,782,497,304,3806
11502,15,48,35,28,38,17,8,188,8,12,5,0,3,5,4,37,0,0,0,0,0,0,0,7,42,100,80,81,98,44,28,475,0,0,4,4,7,0,0,16,4,3,5,0,0,0,0,10,0,3,7,0,10,4,0,31,44,100,88,85,110,46,28,503,31,36,32,16,26,12,5,159,0,0,0,0,0,0,0,4,78,137,118,99,134,59,34,663
11503,24,50,36,29,38,15,0,194,6,13,9,5,5,0,0,33,3,5,0,0,0,0,0,9,48,95,83,73,92,36,8,443,0,0,5,0,3,0,0,8,0,3,0,3,4,0,0,8,0,5,6,4,6,0,0,24,46,99,89,80,94,38,8,460,51,50,38,17,25,3,6,195,4,8,3,0,3,0,0,21,103,160,126,104,129,45,19,677
11504,61,88,67,53,55,22,7,359,23,37,15,11,10,5,5,114,0,3,0,4,8,4,0,18,150,257,216,179,202,103,47,1145,0,4,0,9,8,4,0,27,3,7,10,3,4,0,0,32,4,13,8,13,8,5,0,59,152,274,226,191,205,103,49,1204,100,113,56,48,41,23,13,391,3,3,0,0,0,0,0,8,251,389,281,236,250,129,58,1604
11601,136,264,210,129,172,68,40,1021,60,83,73,40,75,30,22,379,18,9,9,4,4,5,4,59,353,659,548,377,532,270,156,2902,18,18,18,20,24,7,9,112,30,28,15,19,16,10,0,122,48,49,33,38,45,15,10,233,397,709,584,412,577,283,165,3132,668,667,391,315,320,122,78,2566,5,15,9,8,7,3,0,48,1073,1394,983,740,903,411,247,5745
11602,126,233,163,125,139,70,34,887,65,71,55,33,34,22,5,285,12,10,8,8,8,3,0,53,359,667,511,432,484,274,160,2886,15,18,12,15,19,8,0,82,20,16,13,14,17,5,3,89,30,33,33,27,32,12,7,172,391,703,540,458,520,289,161,3062,331,367,213,147,152,61,37,1298,6,14,8,9,6,0,0,43,729,1081,759,611,676,347,203,4400
11603,185,290,206,160,178,66,35,1121,73,103,70,48,57,25,11,377,13,28,16,10,14,8,4,96,440,759,551,425,498,216,114,3007,41,49,36,20,24,10,10,202,51,54,35,18,25,8,0,187,90,105,75,42,51,11,10,389,534,864,621,466,547,227,129,3396,1230,1233,719,453,437,120,76,4259,34,42,16,12,3,5,3,110,1801,2133,1355,933,992,355,205,7769
11701,57,101,91,47,81,30,14,422,20,12,18,6,11,12,5,88,4,3,4,4,7,0,0,20,139,248,226,139,230,126,57,1156,0,10,7,7,3,0,0,28,8,5,4,0,4,5,3,25,10,15,12,7,8,5,5,58,150,262,242,143,236,127,64,1214,110,131,57,44,69,39,17,467,4,7,5,0,0,0,0,21,263,398,307,184,309,161,77,1702
11702,47,57,52,50,61,35,8,314,6,18,8,8,13,7,8,61,0,0,0,0,3,0,0,3,94,185,163,157,209,103,67,975,0,12,3,3,8,0,4,27,3,3,0,3,8,6,3,34,7,11,10,9,17,0,5,59,102,195,173,165,224,107,72,1035,67,90,58,51,47,36,13,360,0,0,0,0,0,0,0,5,170,287,228,214,273,145,84,1403
11703,120,176,123,77,124,78,53,756,40,41,28,14,25,9,7,163,9,14,8,3,0,0,4,38,351,573,376,245,360,240,162,2304,8,10,11,12,18,10,10,76,12,18,6,9,13,3,9,68,21,22,24,22,28,18,17,146,370,593,399,264,387,253,183,2448,264,245,175,139,180,147,94,1243,6,0,6,0,6,3,6,28,644,838,578,397,572,408,277,3715
11801,75,201,138,110,134,88,44,802,25,31,31,15,30,7,12,146,0,6,5,0,3,3,4,28,226,530,434,322,475,262,140,2385,4,14,21,10,14,3,4,72,6,12,12,5,9,3,0,40,13,24,30,16,20,10,3,117,237,553,461,337,497,274,145,2501,82,170,109,120,143,78,54,757,0,0,0,0,8,0,0,16,319,721,575,460,647,357,200,3278
11802,111,174,154,129,154,71,46,853,38,36,30,18,34,11,16,190,0,12,4,3,7,5,6,39,264,565,457,346,498,273,139,2540,9,15,11,6,18,10,4,81,14,9,12,11,6,6,4,65,17,26,27,17,28,21,9,144,286,589,477,358,525,292,152,2684,188,228,139,107,129,93,72,945,0,7,4,4,0,0,0,16,476,822,623,474,651,383,224,3643
11901,183,346,241,202,274,157,99,1500,90,112,79,70,85,49,50,533,21,23,16,10,15,13,7,104,449,822,607,499,687,393,286,3743,12,36,24,25,24,22,24,169,23,54,34,20,35,21,10,192,39,86,57,46,57,41,32,365,484,904,666,545,746,436,324,4111,1187,1227,789,498,635,355,213,4904,24,43,32,21,19,5,3,138,1700,2177,1490,1056,1401,796,535,9156
11902,112,231,169,101,162,101,58,940,58,54,45,49,62,45,33,349,12,22,9,14,15,8,3,84,283,512,366,286,429,278,180,2330,13,8,20,12,19,16,9,94,27,32,31,12,23,12,4,138,38,41,53,25,39,27,17,238,319,552,421,307,464,302,195,2570,570,637,421,295,393,202,123,2637,8,16,8,3,8,6,6,49,899,1202,852,608,864,510,320,5255
11903,93,232,152,125,180,106,73,962,54,63,46,27,38,44,34,304,9,16,12,9,5,6,0,60,249,545,391,323,429,323,225,2487,12,11,9,9,14,10,3,67,11,10,20,13,17,15,3,88,18,24,22,30,32,20,9,155,264,570,416,354,463,343,236,2646,315,366,247,175,225,165,91,1583,5,11,5,7,0,4,6,43,585,949,670,533,691,515,326,4269
11904,114,215,163,125,179,110,71,968,42,46,26,28,39,22,20,229,12,7,4,7,4,7,4,45,303,530,417,333,521,290,197,2595,9,19,17,14,21,11,11,102,12,25,12,13,18,6,11,95,25,42,26,20,40,16,29,194,331,568,443,350,560,308,223,2785,326,375,241,159,214,143,86,1538,13,12,10,8,4,0,3,43,666,955,696,516,782,447,305,4365
12001,61,116,92,63,80,55,31,501,18,22,11,15,20,10,7,100,0,8,0,0,0,3,0,9,174,331,303,195,302,210,106,1614,9,8,15,8,6,3,4,49,5,6,3,0,5,7,3,32,13,17,15,11,13,3,7,85,186,344,317,212,313,212,115,1699,97,135,77,70,100,66,38,580,0,6,0,4,0,0,0,9,277,482,389,283,414,279,151,2288
12002,36,71,62,37,58,32,14,314,10,8,9,12,9,3,3,59,3,4,4,3,0,8,0,22,111,266,237,158,204,126,50,1142,4,13,7,11,8,4,0,46,3,5,9,0,0,0,0,18,3,13,16,11,14,13,0,65,111,281,248,162,215,134,56,1210,57,70,40,28,46,26,18,288,0,0,0,0,0,3,0,7,165,352,285,194,257,167,73,1500
12003,101,190,172,106,185,121,75,945,26,29,31,30,36,36,32,226,11,11,4,0,10,4,3,39,241,516,480,331,519,382,236,2709,4,15,9,5,25,15,10,83,16,30,20,16,18,13,3,120,17,43,35,27,45,19,18,199,257,557,510,358,557,404,256,2906,210,292,186,149,218,170,119,1342,7,7,7,6,4,0,4,39,472,860,705,509,785,575,378,4281
12101,75,144,130,69,105,79,55,660,28,34,19,20,25,16,11,144,0,9,3,3,0,0,3,27,216,476,377,268,411,288,170,2208,3,20,12,8,16,11,5,79,5,26,19,10,14,3,4,79,8,48,28,21,28,19,5,158,225,523,403,284,443,306,172,2366,113,163,135,108,178,139,80,928,0,3,7,6,3,0,0,20,341,699,546,397,625,445,256,3311
12102,74,156,141,95,129,82,46,718,15,29,27,21,26,13,12,138,8,3,3,5,0,3,3,25,166,422,357,254,393,229,135,1954,0,8,7,5,10,3,5,38,0,10,3,3,5,0,5,34,0,20,9,13,19,6,9,75,164,443,368,263,411,234,143,2024,86,131,96,75,107,51,37,575,3,3,0,0,0,0,0,3,253,573,464,338,507,284,181,2605
12103,82,165,135,137,175,118,72,881,16,25,22,19,25,24,6,138,3,15,6,3,7,9,3,44,182,486,427,364,520,357,205,2535,4,14,5,5,26,18,13,87,4,8,11,16,12,11,5,69,12,22,14,22,36,30,20,153,189,510,440,386,555,384,230,2687,84,182,167,142,245,143,86,1053,0,6,5,0,0,0,0,15,274,703,609,529,796,523,315,3756
12104,51,111,90,77,92,68,41,525,17,22,12,10,16,12,12,97,4,4,0,0,4,7,0,13,172,422,332,244,339,247,144,1897,0,11,15,8,6,3,5,55,3,8,7,9,9,0,4,37,4,21,22,18,19,7,5,95,184,440,352,258,352,251,146,1991,39,116,68,50,87,59,42,450,7,3,0,0,4,0,0,13,227,559,419,305,441,315,188,2461
12201,19,52,38,45,62,27,24,268,7,4,5,0,4,4,0,33,0,0,0,0,3,0,0,3,66,140,127,125,164,86,54,764,0,3,3,4,4,0,0,19,0,0,0,0,0,0,0,14,4,5,0,8,9,3,0,32,65,145,136,128,175,93,53,798,34,46,30,26,34,20,14,210,0,0,4,0,0,0,0,6,105,199,163,160,209,116,65,1018
12202,62,124,97,89,109,50,36,570,14,20,19,20,21,15,6,121,0,0,0,0,0,0,0,12,114,257,244,252,292,155,81,1389,0,8,6,7,0,0,0,24,0,4,0,0,0,3,0,17,3,11,4,11,6,4,0,45,121,273,246,262,295,161,83,1436,38,84,84,41,45,16,20,337,0,0,0,0,0,0,0,5,164,354,326,299,344,182,105,1776
12203,132,264,210,163,239,114,68,1186,38,40,47,38,44,31,13,244,7,10,6,3,7,0,0,36,321,648,610,507,731,368,211,3395,7,20,10,9,13,3,4,62,8,14,10,8,20,8,4,60,13,29,17,19,29,9,10,123,336,683,628,523,756,377,220,3516,144,165,130,92,144,60,48,786,6,7,0,4,4,0,0,22,482,850,759,620,903,440,269,4323
12301,137,240,165,119,129,42,24,852,54,59,38,20,27,12,3,216,5,3,9,10,16,0,4,42,330,552,448,353,399,152,77,2312,10,16,8,16,12,5,3,63,8,9,7,0,6,0,3,43,16,30,15,19,16,6,4,109,346,580,465,368,421,155,84,2413,278,309,160,98,100,24,16,991,13,9,4,14,4,0,0,33,635,902,626,477,521,186,97,3439
12302,293,498,336,223,309,98,41,1795,127,160,119,77,80,31,27,621,28,36,25,16,25,3,5,141,651,1185,861,602,852,306,190,4653,46,72,31,30,36,16,4,235,72,57,32,32,23,8,5,227,117,129,68,62,59,19,12,461,764,1320,925,666,908,330,197,5115,1408,1407,766,567,515,169,75,4914,35,40,39,15,7,4,0,142,2208,2766,1730,1247,1435,501,274,10168
12303,94,121,84,58,79,18,3,459,32,20,15,13,16,6,4,106,3,12,3,0,0,0,0,24,175,273,216,157,186,55,29,1097,0,11,9,4,5,0,0,28,3,8,0,3,0,0,0,22,8,19,9,8,8,0,0,49,179,296,223,160,197,55,29,1150,172,185,93,56,53,12,6,583,3,3,4,9,0,0,0,19,360,490,323,222,254,70,40,1751
12401,94,245,188,123,168,42,21,887,29,57,44,23,37,9,9,208,0,6,4,0,3,0,0,12,174,497,417,300,434,142,81,2047,4,3,6,4,7,0,0,23,5,17,10,4,0,6,0,45,14,17,18,5,12,4,3,66,187,517,430,312,443,146,83,2118,183,225,115,84,97,33,14,755,0,7,0,3,8,0,0,23,372,750,548,406,542,180,96,2890
12402,0,0,0,0,0,0,0,0,0,0,0,0,0,0,0,0,0,0,0,0,0,0,0,0,0,0,0,0,0,0,0,0,0,0,0,0,0,0,0,0,0,0,0,0,0,0,0,0,0,0,0,0,0,0,0,0,0,0,0,0,0,0,0,0,0,0,0,0,0,0,0,0,0,0,0,0,0,0,0,0,0,0,0,0,0,0,0,0
12403,297,447,301,218,252,86,51,1640,121,157,115,64,59,24,15,553,14,32,20,7,11,5,4,90,719,1204,876,607,791,311,149,4662,29,45,29,21,22,6,0,153,32,57,31,20,12,0,0,153,56,104,64,41,33,6,0,309,779,1307,940,655,825,314,153,4969,972,888,488,295,290,77,36,3047,24,26,16,12,7,0,0,84,1778,2216,1446,956,1122,395,190,8098
12404,70,116,74,39,62,16,7,395,33,34,16,11,13,7,4,121,7,3,0,0,0,0,0,10,150,273,171,124,191,61,35,1006,4,11,0,7,8,5,0,27,13,17,4,3,7,0,0,37,10,23,6,7,13,5,0,66,163,301,176,127,199,67,35,1070,236,228,100,72,80,20,5,743,0,3,5,0,5,0,0,9,405,536,281,206,284,85,41,1824
12405,120,192,132,77,84,16,14,641,40,45,31,28,32,7,5,187,9,15,15,0,0,3,0,42,269,430,315,219,286,97,50,1664,9,22,18,12,13,0,0,79,16,33,25,7,3,4,3,94,27,55,44,25,17,4,0,169,295,483,358,241,305,91,52,1840,450,435,235,137,139,56,20,1471,7,10,11,10,3,3,0,41,754,930,607,393,448,155,75,3354
12501,74,115,90,57,73,51,37,502,19,35,30,18,29,11,19,161,13,5,8,4,4,3,7,41,190,278,216,147,201,143,104,1277,9,22,10,11,21,14,6,95,6,14,13,6,8,9,6,62,14,34,24,17,25,23,18,153,206,309,240,165,232,164,115,1430,305,380,215,140,212,136,91,1473,11,9,11,8,0,6,0,46,522,703,468,306,446,302,206,2951
12502,61,145,79,83,92,57,36,556,17,38,18,17,26,11,21,152,0,8,5,3,0,0,0,16,151,363,225,205,297,188,149,1584,13,11,3,3,6,5,0,46,8,9,10,9,9,0,5,50,18,23,20,14,17,10,5,101,167,384,242,221,318,193,158,1681,159,251,126,95,133,101,68,936,0,11,5,7,4,3,6,25,334,649,372,320,453,299,221,2643
12503,130,263,171,132,181,105,45,1028,49,62,45,35,63,41,26,330,9,18,17,10,17,12,4,89,320,606,428,356,541,321,164,2725,19,18,27,22,34,15,9,157,33,27,19,20,25,7,8,145,56,49,51,40,64,26,19,307,374,655,474,395,606,343,188,3030,975,1113,646,409,551,284,156,4134,32,27,18,8,4,0,4,96,1374,1797,1137,817,1159,626,347,7260
12504,98,189,144,104,133,81,42,786,42,46,29,25,34,24,15,216,11,13,8,3,4,3,0,42,269,560,390,323,420,279,166,2402,5,15,29,17,14,16,0,102,18,21,21,13,13,6,3,87,24,42,41,27,30,23,6,189,295,598,430,346,447,302,172,2592,342,359,206,170,199,107,72,1455,11,13,3,0,0,0,0,35,644,975,639,516,647,412,247,4073
12601,39,91,65,44,72,50,27,389,7,12,16,12,14,13,5,74,0,0,0,0,0,5,0,8,82,190,187,132,179,153,100,1022,9,8,7,5,8,0,6,35,5,3,5,4,0,6,3,23,10,13,8,5,8,8,3,56,90,205,198,136,186,161,100,1081,39,88,72,58,72,53,37,412,3,4,0,0,0,0,0,8,131,296,271,192,261,203,136,1500
12602,109,220,130,111,139,89,51,841,35,31,24,13,34,24,21,176,4,11,4,0,0,5,0,34,291,547,399,319,451,285,183,2477,6,9,7,10,12,9,3,66,8,25,13,9,17,11,8,85,17,34,26,11,28,19,11,147,307,580,422,329,478,307,197,2622,167,255,152,114,185,107,88,1073,8,0,0,3,3,0,0,26,486,837,582,449,672,411,288,3722
12701,171,294,211,154,182,82,38,1136,73,84,66,52,75,32,33,415,12,22,18,26,14,6,6,101,430,756,578,459,593,283,172,3279,27,52,24,18,21,12,7,158,33,46,27,28,37,10,5,182,54,95,57,50,55,22,8,345,487,856,633,505,646,302,179,3616,892,1007,573,352,441,208,109,3570,21,40,17,4,5,0,3,95,1399,1893,1223,865,1096,509,291,7284
12702,176,303,280,201,309,180,95,1542,107,134,84,76,114,86,48,650,17,24,22,7,18,20,7,117,431,790,639,547,816,496,263,3976,26,47,31,24,37,33,15,211,26,70,49,37,44,23,15,273,54,122,78,64,82,57,26,489,487,909,715,611,896,550,291,4463,1086,1444,909,668,893,550,304,5858,32,39,27,13,21,8,6,133,1608,2393,1651,1289,1812,1102,596,10447
12703,144,259,163,128,146,76,53,965,68,74,62,33,44,41,16,341,19,31,13,10,17,3,7,95,371,637,463,375,490,255,176,2759,22,43,13,22,19,8,11,141,28,52,36,22,20,18,3,166,48,91,48,40,41,26,16,309,419,728,515,416,533,277,188,3075,771,850,504,318,365,189,112,3106,14,25,15,15,9,3,0,80,1206,1604,1031,744,901,473,295,6267
12801,92,243,195,138,172,87,44,968,58,71,43,21,36,19,11,260,5,8,6,3,7,5,0,34,239,581,467,388,514,252,136,2585,5,3,5,7,11,6,0,41,16,14,6,4,9,5,7,52,14,17,11,14,24,10,9,99,256,601,478,403,541,268,141,2684,141,173,118,83,131,59,29,728,5,4,4,0,0,0,0,19,402,785,598,491,667,326,173,3437
12802,99,233,165,142,182,96,52,972,46,52,43,28,29,20,11,230,8,5,3,4,6,0,0,32,227,572,453,372,514,269,150,2557,5,13,8,9,9,3,0,50,10,16,16,5,13,0,0,50,16,25,26,14,16,8,0,99,247,606,472,385,523,273,152,2660,159,204,137,76,92,36,21,724,0,0,3,5,3,0,0,14,405,809,611,463,623,311,173,3396
19797,0,0,0,0,0,0,0,0,0,0,0,0,0,0,0,0,0,0,0,0,0,0,0,0,0,0,0,0,0,0,0,0,0,0,0,0,0,0,0,0,0,0,0,0,0,0,0,0,0,0,0,0,0,0,0,0,0,0,0,0,0,0,0,0,0,0,0,0,0,0,0,0,0,0,0,0,0,0,0,0,0,0,0,0,0,0,0,0
19999,0,0,0,0,0,0,0,0,0,0,0,0,0,0,0,0,0,0,0,0,0,0,0,0,0,0,0,0,0,0,0,0,0,0,0,0,0,0,0,0,0,0,0,0,0,0,0,0,0,0,0,0,0,0,0,0,0,0,0,0,0,0,0,0,0,0,0,0,0,0,0,0,0,0,0,0,0,0,0,0,0,0,0,0,0,0,0,0
20101,280,579,371,270,312,72,34,1930,63,62,20,26,27,7,3,220,14,22,13,5,0,0,0,58,477,954,717,547,712,190,95,3690,22,31,26,19,42,5,6,157,35,56,40,16,18,5,0,167,59,85,66,37,59,8,4,318,538,1036,785,587,774,193,102,4014,585,567,332,230,217,60,15,2014,6,15,20,14,3,0,0,56,1125,1622,1132,829,995,255,122,6082
20102,48,93,66,55,44,12,3,318,18,8,10,3,7,0,0,46,0,0,0,0,0,0,0,3,71,154,125,107,116,28,10,611,0,5,0,6,7,3,0,21,0,3,7,0,4,0,0,11,0,11,3,3,11,3,0,32,75,165,131,112,128,29,10,644,64,81,40,27,24,5,5,250,0,0,5,4,4,0,0,9,146,244,174,144,156,28,18,911
20103,53,99,68,41,43,12,4,307,0,7,15,4,3,0,0,29,4,16,6,0,0,0,0,23,73,168,127,83,76,20,7,562,0,7,6,8,8,0,0,37,11,14,3,9,3,0,0,33,6,26,10,13,11,0,0,70,86,191,143,94,88,23,7,629,131,125,82,68,46,11,5,470,5,3,4,3,0,0,0,22,224,324,229,167,130,30,8,1114
20201,276,519,355,238,278,63,18,1750,63,58,30,11,22,5,3,196,12,26,13,5,4,3,0,71,466,900,700,510,609,178,67,3427,17,39,16,15,8,4,0,99,18,41,28,21,20,0,0,123,33,75,40,32,29,6,0,224,501,977,739,545,634,186,69,3650,542,567,289,225,206,39,24,1886,16,24,14,6,6,3,0,69,1062,1564,1044,775,846,231,90,5608
20202,57,172,119,86,95,32,11,569,16,18,20,6,10,0,3,67,3,3,4,0,0,0,0,7,92,296,238,171,221,79,22,1120,0,6,4,6,7,3,0,23,4,9,5,4,7,0,0,33,8,12,9,14,20,3,3,60,95,305,246,183,241,78,25,1181,126,137,81,57,59,18,5,484,6,0,0,0,7,0,0,7,228,449,331,243,302,96,35,1679
20203,8,17,22,13,13,0,0,71,4,4,3,0,0,0,0,13,0,0,0,0,0,0,0,0,18,28,40,30,35,4,3,166,0,5,5,0,0,0,0,9,5,3,0,0,0,0,0,11,5,6,5,0,0,0,0,15,17,39,46,30,38,4,3,182,46,57,27,20,14,6,0,163,0,0,0,0,0,0,0,0,66,94,74,43,51,14,6,344
20301,42,65,53,36,36,16,4,249,7,5,4,7,6,4,0,29,0,0,5,0,0,0,0,8,63,108,91,64,91,40,8,464,0,0,0,0,0,0,0,5,6,5,4,0,0,0,0,14,6,4,4,0,9,0,0,16,67,117,96,61,102,40,8,480,40,36,25,27,23,9,0,161,0,0,0,0,0,0,0,5,112,157,122,89,122,39,8,649
20302,367,801,538,383,491,149,80,2800,84,82,54,44,41,25,5,324,27,36,16,8,18,3,5,107,689,1459,1031,810,1167,432,203,5800,18,36,33,26,39,10,4,160,52,94,50,25,18,12,0,250,68,126,83,50,57,16,8,410,750,1589,1116,863,1223,449,209,6201,708,773,452,345,359,148,68,2862,33,30,11,3,6,0,0,84,1497,2393,1580,1217,1590,597,278,9151
20303,114,334,224,167,202,69,26,1133,19,26,23,13,19,0,3,102,0,11,11,6,8,0,0,38,201,538,466,343,454,153,76,2235,3,12,7,6,8,6,0,46,10,24,13,4,5,0,6,61,14,33,20,15,15,11,6,104,213,577,488,353,469,163,82,2340,162,207,138,90,84,25,12,722,7,6,0,7,0,0,0,25,385,786,629,450,556,186,92,3084
20401,104,192,152,89,117,33,10,699,16,26,15,6,11,3,0,77,4,7,5,8,9,4,4,42,176,360,294,198,283,68,31,1405,5,10,9,4,6,0,0,26,9,16,8,8,11,0,0,52,14,30,15,12,15,3,0,87,191,387,310,206,302,71,31,1488,205,183,116,75,78,23,7,693,8,9,0,0,0,0,0,16,402,582,423,281,378,97,36,2197
20402,101,177,150,90,100,25,6,652,15,14,11,12,8,3,0,60,7,13,10,3,0,0,0,37,170,328,281,202,253,62,13,1308,4,12,11,5,3,0,0,32,10,14,9,8,10,0,0,54,12,23,20,17,10,0,0,84,181,347,304,218,260,62,14,1393,176,182,119,64,76,10,3,626,0,3,0,3,0,0,0,9,361,531,422,286,334,69,23,2026
20403,161,313,217,149,186,33,13,1075,23,34,15,10,12,6,0,100,4,13,10,6,11,0,0,57,261,600,441,323,410,98,33,2159,8,21,9,11,9,4,0,60,18,22,12,7,5,4,0,67,23,40,27,13,13,11,0,126,291,640,466,336,419,110,33,2289,303,324,188,130,142,29,8,1116,0,3,3,4,6,0,0,25,589,969,652,470,567,138,45,3427
20501,122,221,160,134,144,37,12,829,24,31,18,14,15,0,0,102,10,21,9,4,3,4,0,51,202,408,301,272,327,89,27,1621,0,9,11,7,6,5,0,46,15,24,3,8,4,0,3,69,21,33,17,17,19,6,4,111,218,442,316,287,344,92,25,1733,240,204,132,95,80,29,18,783,3,9,7,4,3,3,0,34,461,654,452,388,430,122,46,2551
20502,89,190,109,86,89,11,4,582,23,12,11,17,15,4,0,86,0,3,4,7,4,0,0,23,156,297,222,183,213,36,7,1107,4,13,13,4,9,0,0,46,10,11,9,9,8,0,0,50,15,32,18,13,15,0,0,91,172,321,237,195,227,37,7,1196,186,217,109,82,70,10,0,671,6,12,9,3,9,0,0,39,359,551,357,286,300,44,11,1911
20503,114,272,197,142,161,28,5,925,19,21,13,12,16,0,0,80,5,5,5,4,12,0,0,40,176,427,331,269,327,76,28,1630,0,11,15,12,8,6,0,54,16,24,9,13,4,3,0,66,16,30,28,27,16,6,0,116,189,458,357,299,335,82,28,1748,230,250,133,92,96,27,10,828,0,6,13,7,0,0,0,32,415,716,504,395,432,104,34,2608
20504,187,335,227,131,167,43,15,1119,30,31,24,13,13,4,0,114,6,22,10,0,7,0,0,47,311,577,465,272,374,103,33,2142,19,37,33,20,21,3,5,142,37,48,26,11,16,4,0,140,48,89,57,31,36,6,6,276,364,667,525,304,409,110,38,2421,544,497,243,183,165,38,11,1680,15,26,20,7,3,0,0,74,919,1187,791,492,579,148,50,4171
20505,87,165,93,81,98,18,6,546,13,18,14,10,7,0,0,66,0,9,8,5,8,0,0,25,137,271,201,183,194,42,15,1037,4,8,14,9,13,4,0,46,12,26,8,6,9,6,0,63,16,36,21,16,22,3,0,111,155,310,221,192,214,50,15,1151,173,183,101,69,65,20,12,619,3,4,5,5,0,0,0,13,333,490,326,271,276,65,22,1786
20601,58,144,125,65,90,54,27,563,14,3,5,3,3,4,5,50,0,0,0,4,0,0,0,6,142,324,273,164,276,190,98,1458,6,12,7,7,15,0,4,45,0,10,5,3,7,0,0,35,6,20,11,13,15,4,4,83,145,349,285,175,292,193,98,1535,91,120,60,46,69,47,42,476,0,0,0,0,0,0,0,7,239,471,349,220,364,238,141,2022
20602,44,115,74,50,86,48,17,430,8,11,9,3,7,4,0,42,0,4,3,0,3,0,0,5,85,204,201,145,228,117,57,1035,0,0,4,5,7,4,4,22,5,3,4,9,8,3,0,29,3,6,9,7,10,7,3,44,93,215,209,155,242,121,58,1079,48,60,36,29,33,23,22,251,0,0,3,0,0,0,0,3,134,270,245,184,275,145,82,1331
20603,42,104,93,83,85,68,33,508,8,7,6,8,4,8,0,32,4,3,0,0,4,0,3,17,105,259,218,182,247,172,92,1271,6,11,11,10,8,8,3,60,14,4,7,9,8,4,0,45,23,15,17,16,18,11,8,97,129,271,236,191,267,182,96,1370,141,134,84,52,71,31,39,558,3,6,3,0,0,0,0,22,274,411,324,251,345,215,138,1952
20604,87,122,71,79,100,65,50,571,17,17,4,13,7,9,6,70,7,5,0,4,8,0,6,29,195,326,220,191,277,199,115,1520,11,10,3,10,0,11,3,47,17,24,11,3,15,14,7,91,28,35,13,11,15,23,11,135,223,360,232,198,286,221,122,1658,181,197,103,89,144,140,108,969,12,13,4,4,3,4,0,39,414,565,349,299,432,371,236,2663
20605,85,150,96,72,99,74,38,618,17,12,13,10,6,11,8,76,12,12,5,8,3,3,0,42,203,379,284,250,310,207,107,1741,12,13,8,5,4,5,6,52,9,25,8,4,12,4,4,60,19,37,16,10,20,14,3,111,221,411,304,265,322,221,112,1857,99,137,103,65,85,71,35,600,5,3,0,0,4,0,0,10,321,554,411,325,406,291,148,2462
20606,33,72,42,38,55,40,37,323,11,5,4,4,6,5,0,43,3,4,4,5,0,3,0,19,97,176,128,103,149,114,82,859,5,3,0,0,3,5,0,20,4,4,4,0,3,0,0,18,6,4,5,4,13,3,3,44,106,180,132,107,163,120,85,903,58,71,59,51,73,63,41,426,0,4,0,0,3,0,0,8,163,255,193,164,241,188,133,1336
20607,63,121,93,62,71,60,23,492,9,13,11,7,8,7,6,54,3,3,9,5,3,4,0,26,132,291,222,154,183,163,76,1231,9,10,15,10,14,7,0,61,12,17,9,3,5,9,6,65,21,32,26,14,20,14,5,129,153,318,256,174,206,173,84,1359,192,206,129,85,120,66,44,842,11,6,7,0,6,0,3,37,369,533,385,260,324,237,128,2239
20701,117,246,221,191,270,223,105,1374,19,15,11,19,17,15,5,102,0,10,6,8,10,3,3,41,255,598,593,483,731,577,321,3560,3,19,20,9,17,12,5,85,9,20,23,14,21,9,3,99,13,37,42,27,43,19,8,185,266,636,630,505,770,597,334,3741,119,233,227,198,313,231,151,1467,5,7,7,7,7,7,3,43,393,878,867,709,1086,835,481,5249
20702,82,211,147,134,202,122,74,979,10,13,14,8,17,11,11,87,0,6,12,5,5,3,0,23,161,451,340,298,450,301,190,2182,3,8,4,4,8,12,5,49,10,30,19,9,8,6,5,90,10,44,23,15,16,19,8,140,175,491,359,313,466,317,196,2321,87,201,142,106,168,107,95,907,6,10,0,0,5,6,0,26,267,704,505,415,636,437,292,3258
20703,77,186,165,140,197,121,98,977,11,17,12,10,14,12,7,84,0,3,3,0,0,0,0,12,166,397,348,297,466,342,234,2248,7,10,3,11,8,5,7,51,21,18,12,14,8,8,11,83,26,33,11,23,16,12,16,133,189,430,359,317,484,352,246,2383,131,168,133,142,185,136,91,985,3,5,3,0,0,0,0,14,324,603,491,460,673,489,337,3381
20801,62,142,147,119,187,113,82,838,12,17,15,11,18,9,5,89,5,8,5,4,9,3,3,33,142,357,377,302,499,359,203,2230,0,12,14,10,7,7,8,70,3,13,8,7,12,8,0,50,4,28,19,15,21,11,8,118,144,378,402,316,521,380,208,2349,76,130,111,89,117,93,53,676,7,0,0,4,0,0,0,16,227,515,516,412,633,470,265,3035
20802,141,281,238,209,246,150,96,1367,21,23,22,12,22,9,9,118,0,10,0,7,7,4,9,29,295,643,604,495,678,484,270,3474,5,11,11,14,10,6,4,66,5,23,12,7,11,8,10,79,11,33,21,19,27,14,10,139,309,682,623,519,705,497,286,3614,130,178,149,120,166,117,63,928,0,3,8,14,10,3,0,30,435,864,775,655,874,614,351,4571
20803,141,330,235,180,239,147,58,1332,32,28,22,14,16,13,6,123,9,14,3,5,9,6,0,45,284,690,567,412,616,394,206,3176,5,7,7,10,14,10,0,62,14,29,11,9,12,4,0,79,25,33,19,17,27,14,3,142,306,722,586,431,642,410,209,3313,143,232,114,102,126,63,35,823,4,10,10,4,0,0,0,25,459,959,709,539,775,473,252,4159
20804,29,67,49,44,60,49,26,326,4,5,7,0,0,8,0,23,0,4,0,3,0,0,0,9,73,134,128,101,169,127,65,802,0,7,9,4,0,0,4,27,0,7,3,6,5,0,0,22,0,14,8,7,6,4,5,47,75,154,136,109,178,130,72,849,22,43,42,25,44,35,33,243,0,0,4,0,0,0,0,6,95,190,180,139,220,162,98,1097
20901,109,277,226,188,242,131,75,1248,23,25,21,14,24,6,6,124,8,0,5,6,15,0,4,35,271,568,495,436,620,321,208,2916,3,15,13,8,15,3,3,61,10,30,15,14,17,3,6,91,18,45,27,19,28,9,13,152,282,610,519,459,647,332,221,3064,202,235,178,132,142,92,44,1023,6,8,3,4,5,0,4,24,494,857,697,591,790,416,267,4109
20902,108,187,131,106,151,78,34,785,21,11,8,6,8,7,5,66,9,7,3,3,0,0,0,23,202,404,279,236,344,177,109,1753,14,12,12,5,9,11,8,60,7,26,12,10,13,7,3,80,22,36,21,19,20,17,11,139,219,448,304,255,362,191,119,1889,250,277,168,123,125,73,54,1067,10,10,5,5,0,0,0,29,479,736,478,383,483,257,169,2986
20903,49,117,103,98,120,48,28,571,9,15,8,8,11,5,7,54,0,0,3,0,4,0,0,12,102,255,251,217,330,160,103,1418,3,4,4,0,10,0,5,23,5,10,4,5,4,0,4,28,4,15,10,7,9,3,4,54,105,267,259,226,340,162,110,1470,88,93,70,40,68,30,18,409,5,5,0,4,3,4,0,15,196,365,331,271,411,199,127,1900
20904,353,704,523,400,518,221,112,2837,72,68,45,36,49,13,9,296,22,27,16,9,14,5,5,102,686,1399,1096,814,1196,555,322,6069,32,60,51,36,34,25,12,257,55,119,46,26,43,21,3,304,82,178,89,62,80,42,13,554,771,1577,1194,882,1280,596,334,6629,899,1077,629,438,513,238,120,3906,32,38,20,16,9,6,3,112,1697,2690,1832,1333,1796,839,456,10645
21001,56,111,97,91,112,74,35,576,15,14,7,8,12,9,6,70,0,0,3,0,0,0,0,16,134,267,250,217,298,209,105,1472,0,5,0,4,3,4,3,22,3,13,0,6,0,0,0,26,10,15,9,4,9,8,3,50,143,282,251,227,310,210,107,1526,99,110,66,37,50,38,18,421,6,4,3,6,3,0,0,23,243,394,319,266,357,249,127,1968
21002,44,103,71,61,81,22,8,394,6,17,0,7,5,3,0,35,0,4,0,0,5,0,0,12,74,190,142,130,182,67,23,810,3,4,0,0,0,0,4,13,5,6,4,6,5,3,0,23,3,13,8,6,5,3,0,35,82,206,152,132,189,71,25,842,75,68,34,21,25,11,11,234,6,5,0,3,0,0,0,11,155,274,189,155,210,84,31,1094
21003,87,145,127,88,116,59,28,649,23,21,10,8,16,13,6,88,3,10,0,9,4,0,0,28,169,328,273,192,315,183,98,1557,3,7,9,11,9,6,6,52,16,49,18,15,4,10,0,115,22,50,29,28,19,17,6,166,190,384,299,218,324,194,104,1718,199,238,121,108,138,70,39,907,7,12,4,0,0,0,0,26,397,622,427,328,465,264,140,2650
21004,84,158,110,76,93,31,15,568,13,15,11,13,7,4,0,68,6,3,6,0,0,0,0,30,165,331,242,176,264,107,60,1341,10,7,6,3,6,4,0,35,15,18,4,5,0,0,0,45,23,29,10,5,9,4,0,78,188,359,253,180,269,106,58,1419,119,158,89,50,75,18,10,507,4,5,0,0,0,0,0,5,308,518,346,233,343,121,72,1938
21005,262,487,340,225,314,176,95,1901,49,58,33,34,47,16,6,241,20,29,19,12,18,12,6,114,533,974,678,531,763,433,244,4159,25,49,35,26,32,18,10,191,33,82,51,38,36,18,17,272,57,137,81,62,71,38,26,465,588,1114,761,594,836,470,271,4630,961,1087,652,460,574,288,163,4179,17,51,18,16,6,4,0,116,1569,2251,1432,1067,1408,766,435,8925
21101,204,390,278,231,303,171,86,1666,34,34,27,18,34,20,9,178,9,19,6,3,7,7,3,53,367,777,659,534,823,455,269,3876,10,22,24,8,20,3,5,94,30,44,20,11,19,10,0,134,33,65,43,14,41,15,6,228,398,838,703,544,869,467,277,4106,342,397,215,153,218,71,60,1458,10,10,3,6,3,0,0,28,749,1244,918,707,1087,543,340,5586
21102,15,42,39,23,39,16,13,184,6,0,5,0,5,5,0,22,0,0,5,0,0,0,0,8,27,84,95,71,114,70,31,490,0,0,0,0,4,4,0,12,0,4,0,0,0,4,0,13,0,5,5,6,0,6,0,23,26,88,94,74,120,82,36,511,17,17,25,12,24,18,9,126,0,0,0,0,0,0,0,4,47,107,123,89,142,96,50,644
21103,138,357,248,170,233,144,59,1345,17,19,18,14,27,10,3,117,8,7,3,6,10,0,0,42,262,673,530,392,592,373,177,2997,4,13,4,7,17,0,6,48,15,10,9,13,18,4,0,80,20,24,14,23,33,10,6,128,277,697,549,413,625,379,179,3122,204,254,142,111,131,64,35,947,6,7,3,0,3,6,0,17,484,950,693,530,762,449,217,4084
21104,46,112,94,63,108,65,42,533,6,8,0,5,3,3,4,30,0,3,0,0,0,3,6,11,98,235,219,160,277,191,114,1299,0,0,3,0,8,10,3,23,0,11,9,6,6,3,0,34,0,14,12,6,15,14,4,55,99,245,232,169,291,204,118,1355,75,113,62,47,87,67,25,477,0,0,3,3,0,0,0,8,169,357,295,212,383,268,153,1835
21105,212,482,360,269,357,126,66,1874,36,39,32,34,36,16,15,214,10,19,16,5,17,3,3,79,356,819,708,568,839,329,188,3802,7,22,14,15,13,8,3,74,16,22,20,20,15,5,0,93,18,44,38,30,30,13,3,172,375,867,744,598,860,339,186,3975,347,423,249,159,181,76,25,1463,7,4,6,9,3,0,0,28,727,1291,1004,763,1050,414,212,5465
21201,256,423,273,200,270,92,42,1552,39,55,37,18,22,13,15,202,17,32,18,17,12,3,0,99,446,865,590,459,613,266,152,3389,14,38,13,7,25,4,5,108,27,53,20,19,11,0,0,135,44,87,38,25,35,7,4,241,488,956,619,482,649,273,160,3631,496,524,271,156,174,59,21,1698,17,22,9,9,5,0,0,66,1003,1503,903,649,828,329,182,5393
21202,168,354,237,172,217,110,57,1307,39,36,15,21,18,6,10,146,8,20,20,6,12,9,3,79,358,710,525,431,582,312,154,3082,14,29,20,13,31,10,7,122,20,49,25,20,26,16,6,157,38,79,44,36,49,21,15,285,395,793,566,467,634,339,173,3363,439,515,263,177,213,123,81,1803,18,14,13,12,5,4,0,60,852,1317,836,654,850,465,255,5227
21203,395,674,432,336,361,155,87,2445,70,71,47,36,46,16,10,304,36,40,15,11,18,4,7,129,845,1428,987,773,988,431,240,5683,26,58,41,33,46,19,7,224,58,78,34,25,40,12,8,256,87,133,74,58,83,29,19,480,933,1561,1057,828,1066,460,251,6162,965,851,462,314,360,154,119,3223,32,35,17,18,12,6,5,122,1927,2445,1537,1161,1434,620,379,9509
21204,194,472,327,228,327,192,113,1850,43,29,20,8,33,17,14,165,21,28,18,22,27,12,5,135,460,909,660,504,788,491,301,4111,27,55,21,30,39,19,25,220,34,76,39,28,47,23,17,265,55,132,63,63,84,48,40,487,518,1043,721,562,872,532,345,4601,683,753,419,309,425,264,195,3051,33,50,23,9,14,4,4,143,1237,1840,1165,880,1316,800,552,7789
21205,140,321,272,201,286,228,109,1556,27,21,24,21,18,13,10,138,9,9,13,14,16,13,4,74,304,717,608,492,702,555,286,3659,4,21,10,10,22,12,5,82,16,27,21,8,31,22,13,134,20,49,30,20,49,37,12,218,329,761,633,508,757,586,296,3876,199,272,224,190,319,203,179,1585,15,11,10,12,5,3,5,60,539,1043,871,710,1082,800,480,5522
21301,262,485,348,263,366,215,110,2041,47,52,34,21,57,28,20,255,19,37,18,17,29,13,12,148,552,1063,770,553,869,546,312,4673,35,68,51,45,55,61,24,345,45,118,70,45,70,37,22,411,88,186,124,96,124,95,44,756,634,1251,902,652,991,639,358,5430,756,1008,554,422,487,293,188,3704,34,48,29,23,19,14,8,168,1428,2305,1482,1093,1500,942,553,9304
21302,87,210,150,111,138,81,52,819,23,27,16,16,9,5,0,93,4,9,5,8,5,0,0,35,191,467,394,302,388,223,136,2103,11,26,26,6,18,12,7,99,14,18,16,10,7,4,3,67,21,43,42,14,22,12,8,159,212,512,425,320,414,238,149,2270,192,201,122,96,82,50,27,762,7,9,0,6,0,0,0,25,415,719,555,414,496,286,176,3051
21303,98,147,111,69,81,69,36,617,18,23,12,8,12,9,5,86,5,6,3,3,6,0,0,25,195,402,297,206,293,195,111,1688,5,14,20,7,12,13,0,74,13,27,11,11,8,6,7,91,18,37,31,19,20,18,12,158,208,438,326,223,315,213,118,1843,168,212,132,95,123,71,49,838,0,0,5,7,5,0,0,26,380,647,458,327,445,282,165,2708
21304,321,646,448,303,432,135,76,2361,85,94,61,33,40,12,9,338,39,45,29,15,22,9,6,163,739,1362,1038,742,1027,434,246,5589,47,69,63,47,49,15,15,309,81,127,52,49,49,15,8,397,130,205,116,101,97,36,17,700,873,1569,1155,839,1120,468,259,6287,1061,1108,618,379,397,151,95,3808,21,27,10,13,11,4,3,80,1958,2699,1784,1224,1525,626,362,10179
21305,469,789,528,377,483,194,110,2943,89,120,72,53,69,32,14,450,31,57,39,17,31,14,3,195,977,1851,1316,927,1286,595,318,7267,74,129,70,45,62,23,26,416,96,151,74,64,52,16,13,462,164,281,143,108,110,34,35,880,1144,2133,1456,1034,1402,627,349,8139,1255,1311,678,497,571,244,141,4704,51,55,28,23,17,3,5,177,2455,3498,2155,1555,1990,872,503,13025
21401,294,624,415,271,353,122,56,2141,61,53,34,24,33,10,11,220,10,21,13,13,13,5,3,85,534,1117,801,602,860,344,166,4422,14,34,15,25,28,6,0,125,24,56,28,20,16,5,0,146,34,88,49,48,45,15,0,276,565,1203,849,648,905,355,172,4690,589,596,362,263,265,89,39,2199,10,15,19,9,9,0,0,66,1164,1820,1229,914,1169,450,212,6957
21402,235,556,445,311,466,144,59,2211,50,90,42,32,40,25,6,283,9,12,12,7,21,3,0,63,428,996,815,633,940,347,164,4319,10,26,8,14,14,5,5,77,14,42,21,16,18,0,0,113,29,66,33,29,28,5,0,191,451,1063,850,660,975,350,163,4508,385,479,255,214,195,74,26,1623,5,11,14,9,4,0,0,52,848,1555,1121,877,1177,424,191,6187
21501,124,207,156,124,112,34,3,767,22,12,17,11,10,3,0,74,5,8,5,0,3,3,0,26,208,334,270,237,262,60,12,1379,7,20,17,0,3,0,0,49,8,18,5,3,9,0,0,45,20,34,22,7,20,0,0,94,224,368,287,241,283,60,12,1471,278,287,146,108,70,9,5,895,9,9,7,6,0,0,0,28,505,661,437,355,350,71,22,2398
21502,127,228,156,102,122,30,4,773,28,28,11,8,12,0,0,87,5,15,9,13,9,0,0,57,240,438,330,252,332,80,18,1684,14,15,10,3,6,0,0,52,16,25,17,6,6,0,0,71,27,40,27,17,13,0,0,125,267,479,357,263,344,77,15,1810,309,331,170,119,84,27,5,1054,10,14,6,7,7,3,0,50,590,824,533,394,439,107,27,2913
21503,77,133,86,76,62,14,0,446,15,8,9,0,5,0,0,40,0,7,3,6,5,0,0,18,114,231,173,132,142,31,4,820,5,11,11,3,4,0,0,40,0,18,3,3,3,0,0,32,13,26,14,9,15,0,0,70,122,256,186,139,152,34,6,892,167,177,105,85,56,8,0,599,3,4,5,0,0,0,0,12,293,433,293,228,206,45,6,1501
21601,71,151,107,78,98,18,6,525,21,20,4,7,8,0,0,72,4,12,5,4,0,0,0,29,126,295,214,162,200,40,5,1040,10,0,6,5,6,0,0,31,12,6,7,6,8,0,0,33,11,14,11,11,12,0,0,64,137,303,226,175,209,40,5,1107,192,160,105,55,66,11,0,592,8,4,7,8,5,0,0,25,339,473,336,234,278,46,12,1720
21602,73,132,96,77,59,14,3,456,16,9,5,0,0,0,0,33,0,11,3,0,8,0,0,23,114,228,162,126,149,21,6,804,0,4,11,4,0,0,0,19,8,8,9,7,0,0,0,32,8,13,16,9,3,0,0,53,121,239,184,132,156,19,6,855,118,115,68,38,39,8,3,382,8,3,8,0,0,0,0,17,238,360,255,172,189,25,9,1246
21603,137,308,177,136,142,39,7,940,24,33,10,6,20,5,6,105,11,16,14,8,12,0,0,62,243,555,360,287,342,91,32,1905,10,16,15,14,11,6,0,75,30,24,21,13,9,7,0,100,35,44,31,32,23,13,3,178,283,598,393,313,360,106,30,2086,366,398,214,136,150,24,9,1297,5,15,20,0,3,5,0,46,649,1003,627,453,519,130,46,3431
21701,73,127,102,81,83,17,0,481,18,19,6,6,4,0,0,50,0,0,6,5,0,0,0,11,104,207,175,151,190,24,12,866,3,6,3,0,5,0,0,24,3,18,7,3,7,4,0,47,6,25,13,8,13,4,0,62,112,230,193,158,196,34,12,933,136,165,66,55,48,10,0,476,3,7,4,0,0,0,0,23,252,404,265,217,245,41,11,1434
21703,67,154,90,77,95,15,10,504,10,14,7,8,5,3,0,46,5,4,7,5,3,0,0,14,93,241,163,142,175,42,13,880,0,0,3,3,0,0,0,5,10,4,13,7,5,0,0,37,10,5,10,12,5,0,0,39,100,250,177,158,185,42,12,925,124,148,80,42,41,8,5,451,5,0,0,6,0,0,0,14,234,398,256,200,223,55,13,1382
21704,119,246,190,124,140,30,11,847,25,21,7,3,4,0,0,67,5,6,5,4,0,0,0,16,182,397,325,234,271,62,13,1488,3,11,4,6,13,0,0,32,4,9,11,3,4,0,0,34,13,14,13,11,12,0,0,69,195,409,342,243,285,64,15,1554,149,173,103,61,57,20,3,573,3,7,3,4,4,0,0,16,352,597,448,309,344,82,18,2142
29797,0,0,0,0,0,0,0,0,0,0,0,0,0,0,0,0,0,0,0,0,0,0,0,0,0,0,0,0,0,0,0,0,0,0,0,0,0,0,0,0,0,0,0,0,0,0,0,0,0,0,0,0,0,0,0,0,0,0,0,0,0,0,0,0,0,0,0,0,0,0,0,0,0,0,0,0,0,0,0,0,0,0,0,0,0,0,0,0
29999,0,0,0,0,0,0,0,0,0,0,0,0,0,0,0,0,0,0,0,0,0,0,0,0,0,0,0,0,0,0,0,0,0,0,0,0,0,0,0,0,0,0,0,0,0,0,0,0,0,0,0,0,0,0,0,0,0,0,0,0,0,0,0,0,0,0,0,0,0,0,0,0,0,0,0,0,0,0,0,0,0,0,0,0,0,0,0,0
30101,129,222,172,135,145,40,21,870,36,51,25,29,31,11,7,189,8,11,4,5,6,0,4,34,263,511,423,323,460,147,71,2205,12,19,12,10,9,6,0,60,21,29,16,4,8,0,0,81,28,41,34,13,18,6,0,140,294,556,456,332,480,153,73,2344,226,234,125,93,106,27,13,829,7,9,0,7,0,0,0,33,532,801,580,431,588,180,90,3205
30102,125,305,217,137,175,37,18,1015,46,67,39,18,31,8,3,208,0,13,9,9,10,0,0,40,271,656,505,373,535,150,58,2539,8,24,15,13,9,5,0,75,20,28,20,14,15,3,0,93,24,53,37,25,24,6,0,167,294,704,539,401,553,154,59,2708,260,249,179,130,127,24,26,994,11,10,4,3,4,0,0,34,562,967,724,529,688,178,84,3735
30103,92,219,150,106,140,29,19,752,32,41,25,12,24,17,3,153,5,8,5,12,3,0,0,33,231,591,426,334,434,165,64,2249,5,13,10,8,16,5,0,65,9,23,20,13,0,4,0,72,10,41,32,25,18,3,3,138,239,637,456,356,452,174,68,2386,190,194,124,99,83,18,9,720,3,0,0,4,0,0,0,9,434,829,579,460,536,192,73,3111
30201,65,110,73,51,75,34,18,420,15,21,20,14,10,3,3,85,6,6,5,0,0,0,0,21,154,292,227,155,232,110,48,1223,3,3,7,0,4,0,0,17,0,17,8,3,6,0,4,37,6,13,13,5,9,0,4,55,160,313,240,160,246,110,51,1278,59,92,58,38,51,24,11,330,6,0,4,0,0,0,0,22,234,408,301,207,292,133,67,1630
30202,81,170,128,99,112,53,30,671,30,49,35,22,24,9,0,162,0,4,4,3,0,3,0,24,189,439,377,255,374,165,74,1885,5,21,13,15,20,4,0,74,16,22,12,11,9,3,4,73,26,43,24,21,18,10,4,148,212,485,397,279,397,169,78,2027,167,179,94,80,90,26,21,655,7,3,3,3,3,0,0,17,386,669,494,358,494,194,97,2700
30203,46,98,59,51,60,13,3,335,14,23,3,5,10,0,0,55,0,5,0,0,0,0,0,8,106,268,187,129,223,77,33,1027,3,7,5,0,4,0,0,19,4,8,6,5,0,0,0,18,8,13,0,5,3,3,0,35,116,278,191,132,231,82,37,1060,108,96,62,26,51,5,10,353,7,0,0,0,0,0,0,11,227,375,253,160,277,82,51,1428
30204,90,198,127,114,103,47,14,701,19,38,33,17,27,5,4,147,8,0,5,0,3,0,0,16,200,484,330,251,355,140,45,1805,11,8,8,10,6,3,4,40,9,21,17,3,6,4,4,58,16,29,25,11,9,5,7,100,215,510,352,260,369,148,53,1905,221,246,131,100,81,28,8,815,4,9,4,10,10,0,0,35,442,763,486,367,453,171,65,2751
30301,73,120,76,55,76,35,28,456,24,20,12,14,3,3,4,73,3,12,4,0,3,0,0,25,166,314,239,172,232,130,69,1328,5,7,4,0,4,5,0,21,11,11,3,3,8,3,0,39,11,18,6,4,10,4,0,58,176,337,250,174,242,138,72,1392,81,111,70,49,48,19,14,390,0,0,0,0,0,0,0,8,257,449,323,222,295,153,87,1789
30302,78,125,101,59,97,42,24,521,27,26,16,7,11,5,0,101,3,5,0,0,0,0,0,14,169,347,281,197,302,146,71,1513,11,5,10,3,13,5,4,53,6,21,12,5,4,3,0,52,13,31,19,7,13,7,4,107,189,368,302,205,325,154,75,1623,115,98,51,50,59,27,10,420,4,3,4,0,0,0,0,12,316,474,358,254,382,188,88,2056
30303,80,218,137,118,155,68,27,800,21,34,21,18,26,11,0,126,0,9,4,4,6,5,0,28,192,479,346,287,435,203,73,2006,7,30,19,6,16,9,0,90,0,11,12,4,11,0,0,52,13,44,32,11,30,8,3,141,206,519,375,300,465,208,77,2149,168,186,135,109,120,69,23,807,11,7,3,4,0,0,0,24,380,711,507,415,588,271,107,2977
30304,30,88,61,33,63,20,10,307,13,12,10,8,9,3,0,50,0,0,4,0,0,0,0,8,93,214,176,111,174,65,34,874,3,5,7,10,6,0,0,34,7,5,10,0,8,0,0,35,9,16,12,11,15,5,0,67,106,232,191,123,189,68,40,944,89,96,63,48,45,13,17,361,0,0,0,0,0,0,0,4,194,331,260,168,231,79,58,1312
30305,104,178,164,103,131,43,23,737,23,39,21,16,22,4,0,134,16,7,9,7,4,5,0,39,245,420,370,256,340,128,63,1830,13,38,19,15,15,5,3,114,29,38,15,9,11,4,4,112,40,78,39,27,31,7,4,228,282,495,415,281,369,142,68,2051,234,272,172,115,138,61,30,1015,3,16,4,6,0,0,0,34,519,783,595,394,509,204,103,3107
30306,71,122,85,52,69,47,29,473,11,31,19,15,5,3,4,94,3,0,9,4,6,4,0,23,138,306,191,160,185,115,70,1163,5,17,10,6,3,11,0,50,8,19,13,9,9,4,4,54,15,32,19,11,8,11,4,109,154,335,211,173,200,126,72,1274,158,190,118,96,110,81,45,799,9,0,5,9,0,3,0,19,319,527,337,273,313,211,114,2092
30401,26,70,54,45,51,28,13,286,3,8,9,3,9,4,3,47,6,3,4,0,3,0,0,23,58,170,177,120,178,88,39,832,6,5,4,3,0,0,0,24,0,9,7,3,8,8,3,33,12,10,9,5,11,8,3,57,73,182,186,125,184,94,40,884,39,54,39,35,33,14,7,226,0,3,0,0,0,0,0,10,113,240,226,156,221,112,44,1114
30402,23,62,89,56,73,31,28,366,9,18,28,16,15,7,6,93,0,6,6,0,5,0,0,14,72,204,258,181,251,143,79,1191,0,7,0,6,12,3,0,32,3,3,5,6,6,0,0,22,4,17,4,8,9,3,0,51,73,218,266,192,264,149,88,1248,36,70,45,29,54,26,16,280,0,0,0,0,4,0,0,6,116,291,310,225,318,176,105,1535
30403,51,100,75,58,73,42,19,423,5,15,19,17,25,5,9,100,3,7,3,5,0,0,0,24,100,235,206,159,244,124,70,1139,0,7,8,9,9,0,0,29,3,16,4,4,3,3,0,47,4,18,12,16,8,4,4,74,108,262,220,175,256,125,72,1211,40,64,71,70,80,62,23,403,0,0,0,0,0,0,0,3,140,328,292,244,335,187,92,1619
30404,52,138,110,76,118,49,20,559,16,22,32,17,12,5,7,108,0,7,5,4,3,0,0,21,111,360,323,253,371,146,75,1633,3,15,5,0,7,0,0,38,7,7,8,0,10,3,3,32,5,18,12,0,12,5,5,66,120,378,333,254,385,146,75,1696,111,124,86,61,63,27,18,491,4,0,4,3,0,0,0,12,235,505,426,310,449,178,94,2196
30501,43,91,74,55,68,36,15,386,11,22,22,13,18,10,0,87,0,0,5,5,3,0,0,12,127,260,274,194,300,128,72,1364,10,21,14,0,10,5,3,65,3,13,3,4,9,0,0,36,16,27,16,6,18,8,4,97,149,291,287,202,318,137,76,1461,78,88,65,43,76,49,28,438,0,4,4,0,0,0,0,8,227,391,353,252,390,188,102,1911
30502,36,89,54,39,47,37,10,314,17,13,8,3,7,0,4,51,0,0,0,0,0,0,0,6,114,271,204,154,203,116,49,1108,5,6,9,6,5,3,0,38,9,17,6,0,4,0,0,37,9,28,15,5,9,3,0,71,125,296,219,164,205,123,53,1185,58,66,42,26,34,17,16,257,3,0,3,0,0,0,0,7,185,361,264,188,247,139,63,1444
30503,65,133,93,76,95,57,21,544,17,24,13,15,27,13,5,111,5,6,3,7,0,0,0,23,181,421,328,261,384,230,102,1902,0,14,10,4,9,0,3,44,7,11,0,8,5,4,0,38,14,21,14,8,18,5,3,82,194,441,344,270,405,231,105,1986,109,111,77,75,94,53,20,548,0,8,3,0,0,0,0,16,300,562,423,354,499,290,129,2550
30504,45,100,73,48,72,45,25,399,19,21,14,8,12,4,5,88,0,4,0,0,0,0,0,8,116,295,230,155,239,162,88,1285,3,11,10,0,4,0,0,35,0,4,0,4,3,0,0,16,5,10,12,3,7,0,3,47,118,309,245,158,245,165,89,1329,24,35,26,34,53,34,21,217,0,0,0,0,0,3,0,7,141,343,267,193,295,198,105,1554
30601,90,252,183,129,150,27,15,838,23,29,19,13,13,0,0,91,3,3,0,0,9,0,0,22,191,558,413,325,392,70,27,1970,3,15,12,13,5,8,0,55,17,16,16,9,3,0,0,62,15,31,32,14,14,9,0,121,207,583,445,342,405,81,30,2089,148,165,94,63,81,22,4,571,0,13,4,0,3,0,0,17,359,759,541,407,480,94,35,2686
30602,291,469,354,244,262,40,15,1676,40,38,10,16,13,0,6,128,11,21,9,8,3,0,0,54,490,942,730,565,696,113,53,3596,37,74,62,41,34,8,0,256,59,82,51,42,38,5,3,284,100,158,113,80,71,16,6,545,590,1101,849,641,771,127,57,4136,671,653,381,249,198,39,13,2199,20,25,19,13,5,0,0,82,1275,1775,1246,902,975,171,67,6418
30603,67,146,114,77,79,4,3,485,4,12,9,5,5,0,0,31,8,5,8,6,4,0,0,29,113,240,224,146,191,12,6,930,15,32,19,26,10,0,0,99,25,33,17,9,4,4,0,92,33,71,39,30,18,4,0,200,148,304,262,183,208,19,3,1130,257,249,136,79,76,11,0,799,0,9,4,4,0,0,0,25,409,560,401,263,280,25,7,1949
30604,28,47,33,10,17,7,0,140,0,3,0,0,0,0,0,5,0,0,0,6,0,0,0,13,37,74,56,33,52,13,0,265,0,0,0,0,0,0,0,0,0,0,3,0,0,0,0,7,0,3,5,0,3,0,0,10,35,78,63,33,52,13,0,271,43,50,36,15,11,4,0,161,0,5,0,0,0,0,0,10,84,134,95,47,68,15,0,440
30605,66,159,117,80,102,3,0,519,9,9,14,10,11,0,0,47,7,27,5,10,3,0,0,56,118,325,240,176,237,14,8,1111,12,17,14,18,9,0,0,68,8,23,13,9,3,0,0,54,20,38,27,20,17,0,0,129,138,364,260,200,253,16,5,1237,209,240,153,110,77,6,4,807,10,15,10,6,3,0,0,42,363,615,427,320,324,25,10,2084
30701,85,149,99,81,56,8,0,484,13,17,6,11,3,0,0,42,10,3,0,4,0,0,0,16,171,314,221,172,143,17,3,1048,5,26,19,19,14,0,0,77,14,17,11,3,9,0,0,52,17,44,30,23,17,0,0,133,190,356,257,198,162,17,3,1185,287,270,129,97,51,0,3,828,8,10,0,3,0,0,0,26,485,633,381,302,216,15,6,2040
30702,93,189,109,77,85,9,0,566,21,17,9,0,4,0,0,52,0,9,10,7,0,0,0,33,165,340,243,172,199,18,6,1150,9,23,11,9,6,0,0,61,22,29,8,4,8,0,0,74,26,50,22,18,15,0,0,135,193,394,266,192,211,24,6,1284,280,278,139,88,76,5,3,855,3,14,0,8,0,0,0,26,472,681,407,280,286,25,4,2168
30703,78,175,114,90,84,8,0,557,21,13,8,4,3,0,0,45,10,7,10,0,5,0,0,29,135,278,229,182,202,17,6,1042,8,14,10,10,6,0,0,50,12,21,17,6,0,0,0,67,20,40,24,17,10,0,0,118,154,318,255,199,212,23,5,1159,210,238,145,81,63,15,0,755,0,3,7,4,0,0,0,18,360,565,410,286,274,29,5,1936
30801,63,71,55,36,43,0,0,265,16,13,11,3,3,0,0,49,0,12,0,0,3,0,0,22,129,218,173,133,139,7,0,798,8,23,12,4,3,0,0,45,8,18,3,5,0,0,0,34,13,32,17,14,3,0,0,79,141,251,191,144,144,7,0,878,179,150,96,37,28,0,0,492,7,5,6,3,0,0,0,15,330,406,289,179,171,12,3,1390
30803,295,517,343,246,276,30,13,1713,41,68,33,17,29,6,0,193,30,24,16,14,8,3,0,90,560,1047,776,576,699,108,33,3791,35,54,46,32,24,0,0,203,51,69,41,29,22,3,0,209,87,124,83,59,46,10,0,407,646,1172,858,642,745,117,33,4199,721,627,355,207,200,18,5,2121,25,25,10,16,8,3,0,86,1387,1821,1230,861,946,135,36,6410
30804,17,34,34,19,16,4,0,115,0,7,0,3,0,0,0,11,0,0,3,0,0,0,0,6,34,88,70,49,44,3,0,291,0,0,0,0,4,0,0,16,0,0,0,0,0,0,0,11,0,5,6,0,3,0,0,24,41,90,74,52,46,3,0,310,54,43,33,7,11,0,0,156,3,3,0,0,0,0,0,9,101,136,109,60,64,7,0,473
30805,133,233,145,141,131,11,4,792,24,21,15,8,12,0,0,73,6,10,8,7,10,0,0,43,242,460,348,319,330,39,8,1742,21,48,29,19,23,4,0,138,44,66,46,22,12,0,0,184,63,110,74,45,30,4,0,324,303,569,414,357,364,45,11,2068,436,410,203,149,100,19,4,1322,10,14,8,11,0,0,0,42,754,991,626,519,464,63,11,3438
30901,94,187,134,108,137,51,20,720,13,36,31,15,28,8,4,135,4,0,4,5,4,5,0,35,182,350,289,231,338,131,54,1582,0,13,11,3,7,0,3,42,12,19,5,4,9,5,5,51,14,35,12,10,13,3,5,92,195,389,298,240,350,137,57,1673,88,121,85,52,71,23,13,450,0,3,6,3,0,0,0,9,287,511,382,300,418,164,73,2136
30902,89,220,166,107,154,34,7,779,24,30,29,16,21,6,0,122,0,4,5,4,5,3,0,17,152,400,318,234,351,102,40,1598,3,16,6,4,4,3,0,40,4,9,5,5,16,0,0,45,11,21,13,13,20,3,3,86,160,420,332,246,374,107,40,1688,114,140,86,62,73,11,9,487,8,9,4,3,4,4,0,22,283,566,421,312,448,121,49,2191
30903,104,235,168,119,131,41,22,825,29,48,38,16,28,11,7,173,0,8,3,10,4,0,3,33,210,482,351,253,388,119,59,1868,0,20,10,12,0,6,0,53,15,32,21,12,8,7,0,94,21,50,36,24,13,10,0,149,230,530,383,283,405,126,59,2015,230,248,131,83,101,36,16,851,6,9,4,5,0,0,0,25,467,783,516,364,510,163,78,2892
30904,15,54,37,45,45,5,4,201,5,6,15,7,7,0,0,44,0,5,3,4,0,0,0,15,42,96,93,81,84,18,11,431,0,0,0,0,0,0,0,13,0,5,4,6,5,0,0,19,4,9,3,3,8,0,0,31,48,110,102,87,96,18,10,455,43,54,17,9,17,3,0,147,0,0,0,0,0,0,0,5,88,167,120,100,113,22,16,617
30905,62,143,106,79,90,17,10,510,14,16,13,11,14,5,3,69,0,6,7,5,0,0,0,25,118,258,233,192,236,62,25,1131,5,10,0,3,3,0,0,26,7,6,5,5,9,0,0,28,7,19,11,9,9,0,0,49,121,273,248,196,245,65,25,1179,71,109,69,47,64,20,11,388,4,6,8,7,0,0,0,18,206,391,323,246,311,89,36,1592
30906,144,291,223,153,169,64,13,1055,38,46,37,22,41,13,4,202,15,15,18,6,4,0,4,61,267,569,464,318,437,151,51,2254,13,23,15,8,8,4,3,76,23,28,23,15,19,6,0,103,32,50,37,28,24,15,3,185,297,619,501,345,461,162,48,2436,170,240,122,110,96,27,6,767,11,14,6,4,5,0,0,42,477,874,626,462,562,191,57,3253
30907,418,682,427,275,357,84,38,2279,117,142,81,48,70,19,16,485,31,36,19,15,12,0,0,119,870,1465,1074,779,953,266,124,5532,45,65,29,32,24,7,4,207,55,89,51,19,23,8,0,247,105,147,85,58,45,17,4,461,973,1617,1155,838,995,285,129,5995,740,716,435,297,262,81,35,2559,20,31,20,11,7,4,0,93,1734,2365,1611,1142,1270,369,164,8645
30908,93,217,164,117,135,32,24,783,23,27,21,10,20,9,0,115,7,7,6,3,6,0,4,26,169,424,371,281,380,132,67,1826,5,17,6,10,12,3,4,55,14,29,16,8,11,5,0,80,19,41,21,18,17,3,4,137,190,467,397,304,399,135,68,1957,107,139,136,75,107,33,25,614,3,3,3,0,3,0,0,19,302,608,536,377,503,163,92,2592
30909,93,194,128,109,160,49,30,761,34,44,25,14,16,7,5,147,3,8,7,9,5,0,0,35,193,408,284,265,338,137,69,1688,0,14,16,6,8,3,0,49,26,28,11,9,13,3,0,96,25,43,31,19,22,3,0,146,221,453,309,283,360,136,69,1832,196,224,157,106,128,51,35,895,8,0,4,4,3,0,0,23,422,681,474,392,487,190,99,2749
30910,35,74,66,50,59,27,12,324,15,12,14,4,13,4,5,67,0,4,9,4,0,0,0,17,92,179,150,111,154,59,29,776,3,14,9,9,8,0,6,47,9,14,3,6,3,0,4,40,9,26,15,8,10,6,9,86,104,205,167,122,169,59,36,862,59,100,66,55,63,20,13,376,4,5,3,3,0,0,0,24,167,317,241,178,237,85,52,1264
31001,155,277,173,126,180,72,32,1005,49,52,23,19,42,20,9,217,17,23,12,10,11,4,0,75,365,599,423,320,447,193,95,2439,20,56,34,28,38,14,3,196,37,61,23,19,20,10,0,165,59,115,58,53,59,18,9,364,425,714,475,370,507,214,100,2801,494,519,295,213,208,98,65,1888,18,25,13,8,7,3,0,81,936,1260,787,587,720,307,163,4769
31002,112,241,164,125,130,22,9,808,34,49,41,26,17,3,0,165,5,13,6,6,9,0,3,48,220,474,355,268,325,57,22,1724,15,27,30,22,10,0,0,99,25,39,27,16,9,5,0,122,36,67,56,36,19,3,0,218,260,541,414,303,349,59,22,1940,375,420,244,174,119,16,6,1358,6,10,6,0,0,0,0,31,637,970,669,479,467,77,27,3329
31003,273,522,331,231,271,46,13,1683,100,109,69,47,53,13,4,395,30,27,7,19,6,0,0,89,612,1102,807,669,758,156,59,4167,31,84,48,38,33,3,0,242,59,106,46,29,32,10,0,282,94,190,96,68,65,8,0,522,706,1291,900,735,826,165,60,4690,876,901,489,342,264,36,18,2920,26,22,27,8,3,4,0,85,1606,2211,1414,1083,1094,204,81,7693
31004,304,488,320,225,229,59,26,1643,73,86,56,39,48,16,3,326,34,47,31,18,12,0,0,148,668,1181,800,611,705,190,73,4224,45,80,59,42,27,9,0,264,61,89,33,19,17,6,5,233,110,171,93,59,50,10,5,497,783,1352,892,672,752,199,78,4719,815,844,459,288,247,52,34,2745,18,27,19,9,10,0,0,82,1618,2224,1365,961,1015,252,107,7550
31101,22,53,52,45,31,8,0,217,3,9,9,15,0,0,0,38,6,0,0,3,0,0,0,10,42,90,90,93,81,11,3,408,0,6,0,4,3,0,0,20,10,15,9,7,5,0,0,36,14,15,6,7,8,0,0,56,55,107,99,106,88,11,3,462,120,121,69,51,44,9,3,421,3,3,9,3,0,0,0,17,178,226,173,152,131,17,8,900
31102,114,208,138,104,99,22,4,690,36,48,23,21,22,0,3,161,9,17,6,9,7,0,0,44,267,441,321,238,247,54,33,1601,16,27,18,16,14,0,0,93,29,47,14,15,12,3,0,119,44,75,31,29,25,3,0,215,308,517,351,270,272,55,29,1813,364,378,196,133,109,17,8,1205,14,11,10,3,0,0,0,42,690,906,556,407,387,69,42,3055
31103,227,382,300,182,222,48,17,1392,74,86,42,31,32,14,5,290,31,34,24,12,10,0,0,111,556,913,681,442,576,139,61,3364,36,52,44,26,30,9,0,199,45,68,31,25,28,5,0,199,81,122,73,43,59,16,3,399,641,1035,752,487,630,155,63,3767,788,781,425,267,269,59,27,2615,26,28,16,9,6,0,0,86,1455,1841,1189,763,910,210,94,6464
31104,137,189,163,88,98,27,8,710,40,61,30,24,15,9,0,169,14,8,7,8,3,0,0,48,312,470,384,258,255,67,21,1758,30,42,22,9,11,0,0,120,29,42,21,13,3,0,0,103,54,87,37,23,20,3,0,225,364,554,424,276,273,69,21,1983,395,389,216,115,125,13,8,1257,12,13,4,3,0,0,0,32,777,953,640,398,392,79,31,3269
31105,129,232,206,124,134,35,6,868,44,41,42,21,23,5,6,186,5,22,12,12,5,0,0,54,276,530,449,308,408,102,30,2108,24,34,15,24,11,6,4,116,42,45,14,22,6,0,0,135,60,79,37,44,18,6,4,252,337,609,490,348,431,105,38,2358,386,326,185,133,136,28,18,1216,15,10,7,6,4,0,0,37,734,951,678,487,568,136,61,3611
31106,153,280,181,146,171,42,25,998,51,44,28,25,32,9,5,199,15,27,11,3,6,3,0,62,339,623,411,365,464,130,74,2409,35,77,38,32,46,8,0,248,44,76,49,35,35,6,4,245,83,159,87,73,77,15,3,496,422,780,506,439,535,145,76,2903,673,604,368,254,269,69,37,2283,31,34,18,27,4,0,0,114,1130,1417,891,720,810,215,117,5294
31201,64,113,61,34,34,0,0,314,9,14,4,3,0,0,0,35,0,0,3,0,0,0,0,11,143,261,177,102,121,9,0,810,5,19,15,12,0,0,0,52,12,16,10,5,9,0,0,51,14,36,26,16,6,0,0,100,158,300,201,119,124,10,0,907,116,121,60,40,22,4,0,356,3,0,0,0,0,0,0,4,275,423,257,157,152,4,0,1269
31202,242,476,351,193,226,18,3,1517,34,37,11,12,13,3,0,108,16,33,15,10,9,0,0,84,454,988,748,523,652,74,22,3471,27,56,35,21,17,0,0,162,38,53,36,18,14,0,0,151,60,111,72,37,29,0,0,315,514,1098,822,562,686,73,26,3785,536,452,248,164,121,13,5,1537,7,14,12,9,4,0,0,49,1059,1570,1080,734,807,88,30,5368
31203,40,74,74,37,37,6,0,264,7,7,6,0,0,0,0,23,5,3,9,0,3,0,0,22,81,144,140,103,126,6,0,603,3,5,5,0,3,0,0,24,7,14,5,6,0,0,0,29,7,17,9,9,10,0,0,54,92,165,155,105,134,6,0,653,69,61,36,21,25,4,0,215,3,3,0,0,0,0,0,10,160,226,186,130,163,10,0,877
31301,50,107,86,57,71,7,5,382,19,29,12,9,14,0,3,94,4,8,3,0,3,0,0,22,97,196,176,120,177,33,14,815,0,3,11,10,3,0,0,37,13,4,8,3,7,0,0,42,17,10,22,18,12,0,0,80,112,213,197,138,191,39,13,893,114,153,90,73,70,4,3,509,9,4,3,4,0,0,0,24,235,369,283,209,266,42,17,1422
31302,200,431,274,167,174,32,14,1294,74,63,45,24,28,14,0,259,18,27,15,9,5,0,0,72,452,825,566,389,470,112,49,2870,45,63,42,22,26,4,4,203,56,82,42,25,23,3,0,236,102,142,82,48,56,6,4,444,552,969,654,439,521,118,57,3308,762,730,381,281,231,33,18,2429,13,20,11,4,5,4,0,58,1322,1714,1042,722,762,156,69,5792
31303,12,47,28,16,17,0,0,131,9,6,10,0,3,0,0,32,0,3,5,0,0,0,0,5,33,80,55,38,52,10,3,272,6,8,9,3,0,0,0,24,3,0,9,0,0,0,0,9,6,6,13,5,3,0,0,34,41,87,64,43,59,10,3,303,64,62,28,16,12,4,0,187,0,0,0,0,0,0,0,0,103,148,94,60,70,13,3,495
31304,168,293,200,154,182,42,11,1049,49,60,43,16,30,0,3,203,8,15,6,6,6,3,0,49,334,584,463,352,443,102,40,2328,18,34,19,17,14,0,0,101,31,50,20,12,16,4,0,136,52,81,40,30,30,6,0,239,390,668,503,384,480,109,40,2566,432,437,227,162,140,24,6,1430,8,7,4,4,0,0,0,24,825,1116,734,548,619,135,42,4019
31305,96,243,182,140,149,35,12,854,32,37,28,15,32,6,0,151,6,11,8,9,3,3,0,39,225,483,395,310,409,102,49,1972,6,34,23,17,22,0,0,98,24,34,21,14,13,3,0,103,31,67,40,28,27,3,0,205,256,544,437,335,440,112,49,2174,276,317,183,144,119,21,17,1077,0,5,6,5,4,0,0,13,531,869,628,488,562,126,63,3270
31401,98,214,164,98,153,54,20,811,28,34,28,13,25,12,6,148,10,0,3,0,0,6,0,17,237,561,452,288,450,177,76,2254,8,7,17,4,4,4,0,44,13,21,15,9,5,4,0,62,17,27,29,12,13,3,3,107,257,595,480,304,466,179,77,2358,127,174,98,72,78,22,8,574,3,4,0,0,0,0,0,6,383,766,579,375,546,202,86,2939
31402,198,410,244,174,210,47,25,1309,80,97,62,29,49,15,3,328,14,23,8,10,11,3,0,72,489,950,664,466,640,189,79,3488,19,45,20,13,13,0,0,119,36,48,22,7,9,0,0,133,53,97,47,27,26,4,0,249,545,1051,713,493,667,192,76,3737,449,478,261,181,156,43,19,1592,5,11,8,5,0,0,0,38,1006,1534,982,680,823,234,98,5363
31403,81,146,116,92,92,30,4,562,14,29,19,18,17,7,4,98,5,6,0,6,5,0,0,26,169,352,236,205,246,67,27,1308,8,15,11,0,8,0,0,46,22,24,12,6,8,0,0,74,30,40,20,8,19,0,0,118,201,393,257,216,264,67,26,1427,233,219,138,97,90,16,8,802,6,7,9,0,5,0,0,25,438,616,403,321,356,84,35,2248
31501,63,89,76,30,26,4,0,291,12,10,8,3,3,0,0,35,11,17,5,9,3,0,0,52,173,271,203,103,116,10,0,873,36,72,26,12,9,0,0,152,15,13,12,0,3,0,0,46,51,79,33,12,18,0,0,198,223,356,238,118,128,10,0,1070,414,393,175,98,53,0,4,1141,28,23,16,9,0,0,0,78,669,769,430,228,183,9,4,2289
31502,44,96,57,26,22,3,0,247,14,9,3,9,0,0,0,39,10,11,8,3,0,0,0,38,140,283,196,136,105,5,0,868,13,22,11,5,3,0,0,57,22,19,8,6,3,0,0,62,37,43,19,7,10,0,0,119,173,326,212,149,109,10,0,986,305,248,125,59,44,0,0,772,3,11,7,5,0,0,0,29,479,582,350,206,152,10,0,1783
31503,26,62,45,25,19,4,0,183,0,7,7,0,4,0,0,17,3,4,0,3,4,0,0,16,59,145,95,69,61,8,0,443,0,4,0,0,0,0,0,8,0,10,6,0,0,0,0,23,0,16,8,0,0,0,0,35,68,166,101,70,62,8,0,475,77,65,40,21,18,0,0,222,4,4,4,0,0,0,0,10,148,233,147,90,78,8,0,704
31601,113,242,188,114,140,33,13,842,28,43,28,23,26,10,4,159,9,16,13,5,5,0,0,46,206,455,399,286,406,101,47,1902,0,9,4,3,3,0,0,33,18,25,5,9,13,0,0,77,17,34,15,14,17,0,0,103,225,491,416,300,424,100,48,2000,121,154,115,79,81,15,11,574,8,9,4,6,4,0,0,32,352,649,537,388,505,114,59,2605
31602,176,367,264,197,226,55,24,1312,45,83,51,28,47,15,4,275,8,15,12,15,3,0,0,55,322,711,572,431,576,143,60,2814,10,26,24,11,12,0,0,91,23,44,23,19,16,5,0,124,35,71,43,31,28,7,0,215,354,782,621,461,600,149,59,3031,236,276,175,118,136,32,18,987,4,7,7,8,0,0,0,22,594,1063,803,583,741,183,81,4042
31603,99,207,151,104,137,29,21,741,29,32,25,27,29,8,3,142,0,4,0,3,3,0,0,13,194,400,303,232,351,65,47,1596,5,5,10,3,4,0,0,32,8,19,4,4,3,4,0,49,14,25,14,10,14,4,0,78,206,431,318,243,363,70,47,1675,119,148,73,72,79,21,10,513,6,7,0,6,0,3,0,28,333,585,397,317,443,95,56,2221
31605,88,186,163,106,129,19,4,701,14,24,33,19,25,6,3,125,0,0,5,5,3,0,0,17,136,305,308,233,328,49,19,1383,0,8,7,8,17,4,0,42,5,12,8,0,4,0,0,32,0,18,22,12,22,4,0,75,139,321,332,244,348,55,19,1460,78,106,63,58,60,12,4,383,3,4,0,0,0,0,0,5,216,433,393,304,411,62,24,1844
31606,108,208,142,103,132,26,6,732,29,28,24,16,20,5,0,126,4,6,10,4,9,4,0,39,186,366,287,219,301,62,21,1442,0,13,8,5,4,3,0,38,15,25,9,9,8,3,5,71,14,39,17,16,12,7,5,110,198,404,300,234,313,74,23,1554,162,187,122,84,69,24,7,647,0,0,4,0,0,0,0,11,365,594,431,320,382,94,29,2214
31607,75,183,155,74,116,22,11,633,16,27,24,26,27,6,0,121,5,9,4,4,4,0,6,30,141,341,299,184,267,56,36,1328,6,12,15,10,5,9,0,55,17,18,16,8,9,0,0,68,17,34,30,22,17,8,0,119,159,374,328,201,280,60,36,1444,140,179,128,93,76,13,6,627,4,5,0,0,0,0,0,12,300,559,458,292,356,81,40,2086
31608,27,59,55,46,62,9,0,259,6,16,7,10,13,0,0,48,3,5,3,0,0,0,0,13,38,117,105,78,121,18,3,480,0,7,0,0,6,0,0,10,0,5,10,4,0,0,0,20,5,7,9,9,3,0,0,30,39,127,110,87,122,18,3,511,38,57,38,31,34,5,0,205,0,3,8,7,6,0,0,18,79,189,160,117,157,23,8,734
31701,348,663,460,340,374,59,24,2276,55,68,46,35,33,10,0,247,13,31,12,12,11,0,0,79,658,1322,990,811,955,186,72,4978,37,71,30,29,37,0,0,206,57,98,63,29,28,3,4,283,95,170,96,59,59,3,4,489,747,1484,1082,868,1016,188,68,5459,765,716,448,340,298,67,30,2682,23,27,11,21,12,0,0,93,1534,2234,1549,1230,1330,259,102,8234
31801,61,144,102,59,61,11,0,436,6,12,8,6,10,5,0,43,13,19,3,9,3,0,0,52,133,308,229,186,177,23,0,1059,11,26,11,9,5,0,0,53,12,34,21,11,6,0,0,84,23,57,26,20,14,0,0,142,157,365,254,205,191,25,0,1199,219,216,146,79,58,7,0,723,4,14,8,3,0,0,0,33,375,601,407,286,247,34,0,1957
31802,421,799,524,362,426,100,40,2672,55,66,39,30,45,11,4,248,24,50,34,21,21,8,0,151,875,1778,1301,933,1195,256,109,6453,58,98,63,62,55,5,0,330,78,114,80,46,36,7,3,361,136,209,138,106,93,12,3,691,1012,1992,1436,1043,1288,266,112,7151,918,935,482,369,294,60,36,3092,25,35,19,16,5,3,0,105,1949,2961,1939,1422,1590,334,152,10346
31901,189,438,283,191,217,21,9,1339,33,28,10,15,16,7,0,108,22,22,18,18,11,0,0,84,364,758,599,413,501,59,18,2708,27,45,25,26,23,3,0,153,34,86,42,26,23,4,0,215,64,133,70,54,47,7,0,375,433,892,668,458,550,61,18,3081,528,488,312,216,166,14,6,1736,12,21,8,13,0,0,0,61,976,1402,993,689,719,71,27,4877
31902,82,183,135,85,99,12,0,599,6,13,6,6,8,0,0,41,4,12,8,6,5,0,0,39,141,315,248,204,221,31,10,1154,10,22,13,11,13,0,0,65,29,24,18,8,13,0,0,83,34,48,27,22,25,0,0,149,179,361,280,220,238,31,10,1302,349,391,228,160,122,8,5,1252,9,12,7,5,7,0,0,38,532,762,511,385,361,39,8,2596
31903,103,218,161,116,136,34,10,765,11,17,11,5,12,0,0,56,8,11,7,6,10,3,0,40,179,344,267,218,270,47,14,1333,17,14,6,9,11,0,0,54,6,19,14,14,6,0,0,61,24,31,23,21,15,0,0,114,196,372,288,243,286,52,14,1450,280,303,223,130,118,10,0,1071,7,6,4,6,0,0,0,20,489,681,516,374,404,60,16,2539
31904,132,290,232,162,147,10,4,977,17,23,9,15,12,3,0,78,12,16,11,0,3,4,0,52,229,503,414,309,354,38,13,1858,8,39,28,20,16,0,0,112,23,43,20,13,18,0,0,112,25,74,50,29,36,0,0,225,258,583,463,335,384,38,13,2078,323,392,227,168,161,11,10,1283,9,6,3,0,4,0,0,30,596,981,691,502,555,54,21,3394
31905,77,146,119,84,76,5,0,511,18,14,12,10,7,0,0,58,7,10,4,9,4,3,0,31,138,270,220,190,197,18,3,1028,15,24,18,18,14,0,0,89,28,38,19,15,4,3,0,111,43,64,37,35,16,3,0,201,178,335,252,227,213,14,5,1229,287,291,183,153,105,11,5,1041,6,11,3,0,4,0,0,22,469,639,438,381,323,23,9,2292
39797,0,0,0,0,0,0,0,0,0,0,0,0,0,0,0,0,0,0,0,0,0,0,0,0,0,0,0,0,0,0,0,0,0,0,0,0,0,0,0,0,0,0,0,0,0,0,0,0,0,0,0,0,0,0,0,0,0,0,0,0,0,0,0,0,0,0,0,0,0,0,0,0,0,0,0,0,0,0,0,0,0,0,0,0,0,0,0,0
39999,0,0,0,0,0,0,0,0,0,0,0,0,0,0,0,0,0,0,0,0,0,0,0,0,0,0,0,0,0,0,0,0,0,0,0,0,0,0,0,0,0,0,0,0,0,0,0,0,0,0,0,0,0,0,0,0,0,0,0,0,0,0,0,0,0,0,0,0,0,0,0,0,0,0,0,0,0,0,0,0,0,0,0,0,0,0,0,0
40101,18,41,22,13,15,16,5,119,0,0,0,0,0,3,0,6,4,0,0,0,0,0,0,3,37,79,54,38,41,40,21,298,0,4,3,0,0,0,0,8,0,8,0,0,3,3,5,15,6,6,5,0,4,3,5,24,38,85,55,39,41,38,21,322,18,28,12,17,29,22,16,141,0,0,0,0,0,0,0,0,57,113,70,59,69,65,40,460
40102,114,235,210,154,193,61,22,987,21,16,9,7,9,0,4,64,3,9,0,6,0,3,5,26,195,419,420,308,422,166,73,1999,5,3,10,3,8,0,0,33,13,17,13,9,6,0,0,59,15,21,21,14,12,0,0,87,210,446,441,323,433,166,76,2088,141,162,100,49,56,31,9,550,3,7,4,9,0,0,0,20,353,608,541,371,494,202,89,2657
40103,28,91,63,53,80,47,35,404,11,4,10,0,9,7,0,38,0,0,3,0,6,0,0,14,58,182,169,135,195,128,92,970,0,8,0,0,7,0,0,26,0,14,3,8,14,0,0,39,8,24,9,7,19,4,6,68,65,204,177,142,217,128,99,1033,28,49,47,35,63,35,25,297,0,0,3,0,3,0,0,11,97,255,232,188,284,169,122,1342
40104,62,138,99,85,108,59,40,588,17,12,6,0,7,10,6,52,0,4,7,0,5,0,0,18,123,270,222,165,281,172,113,1351,6,13,8,5,6,6,0,45,6,23,16,12,12,3,3,71,12,36,22,18,17,10,3,120,132,308,247,187,298,182,120,1465,110,126,74,77,74,32,16,506,5,3,6,5,0,0,0,15,246,438,319,262,376,214,136,1989
40105,35,85,58,47,61,24,11,317,5,7,0,0,7,0,0,24,6,9,0,0,0,0,0,14,67,176,122,102,164,94,51,780,4,4,0,0,12,0,0,16,0,11,9,6,4,0,0,33,3,9,10,6,14,0,0,52,75,190,133,113,181,91,56,832,52,61,34,29,41,19,25,258,0,0,0,4,0,0,0,8,125,254,173,142,218,115,71,1093
40106,27,56,43,33,46,24,11,233,5,6,7,0,0,0,0,19,5,0,5,0,0,0,0,7,66,134,123,105,132,71,31,660,0,0,3,5,4,0,0,8,0,8,5,5,0,0,0,14,0,10,7,5,4,0,0,24,66,139,129,106,140,71,33,686,48,41,22,14,20,10,9,177,0,0,0,0,0,0,0,4,111,181,152,124,163,85,44,860
40107,29,82,64,33,75,23,29,344,3,0,3,4,9,5,4,31,0,0,0,0,0,0,0,5,69,201,161,123,199,101,75,923,0,7,6,6,0,0,0,15,3,5,8,3,7,4,0,37,3,13,11,7,10,4,0,48,72,209,175,134,206,104,75,969,37,45,22,37,34,28,8,213,0,0,0,3,0,0,0,5,110,257,199,172,239,131,87,1191
40201,81,161,134,72,94,25,13,575,11,16,7,6,14,0,0,64,4,5,5,8,3,0,0,29,152,295,265,173,234,86,37,1245,8,13,11,8,9,0,0,55,0,12,8,9,6,4,0,42,13,27,20,17,17,0,0,95,167,324,282,186,256,88,34,1341,175,190,102,67,61,22,4,623,6,8,0,0,4,0,0,15,347,520,389,257,317,106,42,1982
40202,325,522,358,230,202,68,27,1724,61,52,15,15,29,4,0,174,28,28,17,13,6,3,4,92,599,1005,709,481,534,164,81,3574,36,89,44,33,44,15,6,273,64,135,71,53,45,12,10,392,98,225,125,91,92,25,12,665,698,1224,827,570,627,191,93,4237,1186,1132,622,400,365,89,60,3849,24,23,6,12,8,5,0,76,1909,2384,1462,983,1002,282,151,8170
40203,102,203,119,99,115,63,35,741,16,14,6,0,3,3,3,47,5,9,8,3,5,0,0,34,193,398,288,220,286,164,101,1644,8,19,15,12,9,11,4,81,13,37,23,9,24,4,9,123,25,55,44,16,30,14,5,203,219,452,333,238,319,184,108,1843,260,277,171,123,140,61,47,1068,7,6,9,5,0,6,0,31,485,742,508,361,460,243,154,2947
40204,318,576,389,295,350,131,66,2129,51,45,27,22,18,4,5,173,12,30,18,9,6,7,4,90,572,1047,802,592,785,311,165,4273,27,48,46,27,32,7,11,197,59,102,62,38,39,16,11,329,92,148,113,65,73,26,17,525,665,1199,914,658,852,336,179,4803,881,827,513,343,357,158,93,3173,14,19,9,12,9,3,0,61,1559,2041,1439,1013,1220,490,275,8031
40205,129,312,241,159,222,75,61,1207,25,25,13,8,17,12,0,99,7,7,8,6,7,0,0,32,228,611,493,365,533,222,144,2604,4,19,15,13,18,7,0,84,19,27,21,16,3,4,3,99,25,47,34,35,25,8,9,181,256,660,529,399,555,236,149,2782,226,243,157,113,117,44,20,917,3,4,3,3,5,0,0,21,485,901,691,521,677,272,168,3718
40301,39,93,59,35,53,23,10,318,3,4,11,4,3,0,4,33,0,0,3,0,0,0,0,6,67,168,145,102,152,66,31,738,0,5,6,7,10,0,0,28,0,0,0,4,4,0,0,19,0,9,6,7,15,5,0,45,65,181,151,114,166,66,36,780,41,40,28,16,27,13,11,175,0,0,4,0,0,0,0,5,108,220,191,135,189,85,43,963
40302,159,308,227,150,199,75,48,1166,18,23,12,3,14,3,0,75,0,5,3,0,3,0,0,15,259,572,433,336,483,222,139,2449,9,16,11,3,12,10,0,64,7,27,18,4,10,3,4,81,21,49,36,12,24,12,4,150,283,623,467,349,512,230,143,2594,209,254,159,109,117,45,34,926,0,0,5,6,6,0,0,24,488,877,631,457,637,274,177,3545
40303,55,144,131,85,120,61,36,635,0,4,3,8,7,5,6,32,0,8,3,0,3,0,0,14,95,298,266,212,310,178,105,1460,3,4,7,3,3,0,0,20,4,8,0,4,4,0,0,23,4,15,4,6,8,6,5,48,103,317,273,218,317,180,105,1508,59,66,40,40,57,30,24,308,0,4,0,0,4,0,0,7,161,380,309,254,381,207,126,1827
40304,330,861,609,406,434,144,57,2845,66,54,31,29,37,11,7,242,24,17,18,12,12,0,0,79,594,1403,1105,800,995,357,182,5432,22,39,37,16,33,9,0,158,50,100,66,36,30,4,4,299,78,149,101,52,57,12,3,455,673,1549,1211,853,1058,371,186,5886,742,894,506,362,354,91,44,2993,8,13,11,8,5,0,0,47,1421,2449,1726,1224,1415,461,230,8928
40401,155,309,231,153,187,96,42,1185,18,16,14,15,20,3,4,89,9,13,7,8,10,4,3,57,284,614,502,379,530,247,169,2717,12,31,14,11,20,13,4,110,16,35,28,18,20,10,0,127,33,72,36,26,41,23,5,239,313,680,537,406,572,269,177,2956,353,314,215,173,178,70,59,1357,5,4,14,11,5,3,0,44,667,1006,765,587,749,339,245,4367
40402,109,181,129,104,118,53,40,731,22,11,8,4,11,8,4,66,7,11,7,6,0,0,0,36,199,371,284,227,271,126,85,1574,9,6,9,8,9,3,0,49,15,32,14,5,11,0,0,86,24,36,28,10,19,7,3,136,223,406,312,237,293,131,93,1708,260,286,186,164,136,46,45,1120,9,6,0,4,0,4,0,29,493,699,502,402,430,181,141,2853
40403,75,141,98,55,104,49,30,545,11,3,6,9,11,3,3,49,7,0,5,0,0,0,0,19,140,294,230,166,270,119,85,1306,7,14,11,4,4,0,4,40,16,15,8,4,4,6,0,53,20,30,15,5,14,4,4,89,160,320,248,172,280,128,91,1397,103,102,71,52,50,22,24,424,0,0,0,0,4,0,0,10,264,426,324,229,335,149,112,1826
40501,68,116,105,82,61,15,6,454,9,10,11,13,8,0,0,46,5,5,0,0,0,0,0,12,112,239,177,169,180,43,15,939,5,15,3,6,4,0,0,27,4,16,9,4,5,0,0,37,6,30,14,3,5,0,0,67,120,264,199,172,194,51,15,1002,101,116,76,53,54,10,6,413,3,0,3,0,0,0,0,7,222,382,273,225,245,55,17,1425
40502,44,88,52,43,53,8,4,284,0,0,3,3,0,0,0,11,0,0,0,0,4,0,0,10,57,139,89,74,87,12,7,469,4,3,10,3,0,0,0,25,5,7,0,3,0,0,0,20,9,12,14,4,5,0,0,45,67,149,97,82,95,13,7,513,91,97,47,39,41,5,5,320,4,4,3,0,0,0,0,12,157,249,157,117,134,24,7,844
40503,37,106,86,55,69,7,0,361,9,9,0,5,3,0,0,31,0,0,0,0,4,0,0,6,66,155,141,113,140,20,3,632,0,8,8,8,13,0,0,30,7,18,9,6,6,0,0,42,6,26,11,6,18,0,0,73,73,182,147,120,150,19,3,706,168,148,83,78,63,10,4,543,7,3,4,0,0,0,0,16,247,331,241,203,212,28,4,1266
40504,41,82,53,37,47,4,3,263,7,8,8,8,6,0,0,35,3,7,0,3,0,0,0,22,59,148,83,78,100,5,3,476,5,11,10,6,0,0,0,32,10,9,9,3,9,0,0,34,11,17,16,12,9,0,0,63,68,162,105,87,109,5,3,537,144,123,89,51,46,4,0,454,3,0,0,4,0,0,0,10,217,290,196,140,152,9,3,1003
40601,128,235,154,108,113,14,4,762,11,17,12,11,16,0,0,61,11,7,4,11,6,3,0,48,190,397,309,227,286,41,8,1460,11,19,17,10,8,0,0,65,14,37,15,6,3,0,0,81,30,57,24,19,16,6,0,150,214,450,334,244,306,47,8,1613,350,315,174,115,99,15,0,1073,10,12,7,5,0,0,0,44,577,783,522,372,403,66,12,2727
40602,50,96,69,39,38,3,0,298,12,18,5,4,6,0,0,42,0,8,9,0,3,0,0,13,92,191,139,75,101,9,0,601,12,19,12,4,7,0,0,62,11,22,11,9,9,0,0,57,19,45,26,11,11,0,0,119,108,233,172,86,112,9,4,723,201,198,101,87,45,3,0,635,5,15,11,7,0,0,0,41,317,448,279,178,161,16,3,1391
40701,75,206,136,93,137,31,11,685,11,6,11,3,12,0,0,41,8,9,9,0,4,0,3,32,114,311,237,179,228,65,26,1162,0,13,0,5,4,0,0,21,3,12,3,9,9,0,0,35,11,25,3,12,18,0,0,59,123,334,241,188,246,67,26,1220,151,167,112,71,69,12,3,586,3,0,6,0,0,0,0,13,273,504,356,260,321,78,24,1817
40702,169,284,179,118,144,27,5,924,22,18,13,9,14,3,0,88,13,8,10,6,4,0,0,41,245,441,333,252,335,55,11,1674,7,23,19,14,12,4,0,71,9,19,14,8,3,4,0,57,16,39,30,19,14,5,0,133,257,481,372,272,350,63,14,1800,280,229,121,80,84,23,3,823,3,13,10,0,0,0,0,29,548,725,501,355,438,82,20,2660
40703,124,277,198,140,155,21,9,915,19,22,13,20,12,0,0,85,8,15,8,7,4,0,0,46,190,466,366,283,350,50,10,1728,17,39,24,14,16,4,0,108,15,22,13,10,14,0,0,74,31,57,34,25,23,4,0,182,227,530,402,313,374,54,14,1905,376,371,220,141,125,21,3,1263,10,11,4,5,0,0,0,28,606,910,628,458,505,81,16,3200
49797,0,0,0,0,0,0,0,0,0,0,0,0,0,0,0,0,0,0,0,0,0,0,0,0,0,0,0,0,0,0,0,0,0,0,0,0,0,0,0,0,0,0,0,0,0,0,0,0,0,0,0,0,0,0,0,0,0,0,0,0,0,0,0,0,0,0,0,0,0,0,0,0,0,0,0,0,0,0,0,0,0,0,0,0,0,0,0,0
49999,0,0,0,0,0,0,0,0,0,0,0,0,0,0,0,0,0,0,0,0,0,0,0,0,0,0,0,0,0,0,0,0,0,0,0,0,0,0,0,0,0,0,0,0,0,0,0,0,0,0,0,0,0,0,0,0,0,0,0,0,0,0,0,0,0,0,0,0,0,0,0,0,0,0,0,0,0,0,0,0,0,0,0,0,0,0,0,0
50101,103,283,244,152,158,15,0,949,8,12,14,14,8,0,5,55,0,10,3,5,0,0,0,20,138,417,402,296,350,23,0,1626,0,12,12,3,0,0,0,29,4,12,4,3,6,0,0,32,8,23,14,4,4,0,0,54,144,443,408,306,356,23,0,1680,130,145,67,56,57,5,4,467,0,12,0,0,0,0,0,24,280,593,480,363,416,26,4,2174
50102,188,448,330,270,257,31,3,1528,36,26,25,17,18,0,0,129,13,12,11,7,12,0,0,57,354,782,654,531,618,60,15,3011,15,34,28,27,11,3,0,119,30,66,44,27,18,0,0,188,46,103,63,55,30,0,0,305,401,887,715,583,653,66,15,3317,565,529,288,183,167,16,4,1756,9,0,0,3,3,0,0,22,977,1422,1007,770,821,86,18,5100
50103,32,63,40,47,58,3,0,244,0,3,7,11,5,0,0,22,0,0,6,0,0,0,0,8,48,93,99,85,108,11,0,448,3,3,3,0,3,0,0,11,7,12,0,0,0,0,0,23,8,14,0,0,0,0,0,36,53,108,101,90,113,7,0,481,81,71,33,18,26,0,0,235,0,3,0,0,0,0,0,6,133,182,139,115,139,9,0,716
50201,228,527,365,209,237,46,22,1632,28,29,11,16,29,9,0,116,7,12,8,10,5,0,0,40,359,830,646,445,541,138,63,3011,27,51,40,25,25,8,5,180,51,92,53,27,26,0,4,259,74,145,89,51,58,12,6,435,433,973,734,501,596,143,68,3447,634,625,307,227,198,32,17,2042,13,16,19,4,7,0,0,64,1083,1615,1060,735,795,180,83,5552
50301,46,133,106,91,128,83,44,630,6,8,5,3,6,6,0,40,0,0,0,0,3,0,0,11,73,255,250,205,326,217,119,1439,0,3,4,9,14,5,3,42,3,10,5,6,15,3,5,47,0,18,10,18,25,7,6,87,80,274,269,221,348,220,122,1527,45,57,61,48,79,50,31,379,0,5,0,0,0,0,0,6,126,338,326,269,428,270,156,1918
50302,82,198,153,104,122,62,30,751,7,7,8,3,3,9,4,41,6,5,0,3,9,0,3,29,194,454,358,281,372,189,129,1977,0,14,15,3,5,0,6,44,7,23,8,8,14,0,0,68,7,36,23,19,14,4,7,110,202,494,378,299,392,194,138,2091,92,105,76,73,75,43,22,481,6,0,0,0,0,0,0,8,299,595,452,371,465,239,165,2578
50401,119,228,153,143,149,46,30,869,20,11,9,0,3,0,3,49,7,7,4,9,3,3,0,30,220,456,336,317,376,148,93,1942,12,30,19,18,12,8,6,99,12,37,29,15,11,7,3,117,19,68,50,27,25,15,7,213,244,521,386,344,402,164,101,2153,243,234,128,92,82,43,22,844,5,9,0,0,0,4,0,25,492,769,516,434,486,205,119,3024
50402,58,117,113,66,93,22,5,470,9,0,6,3,10,5,0,35,0,0,5,0,3,0,0,16,111,214,215,160,225,64,32,1009,5,10,7,6,3,0,0,29,8,19,10,8,11,0,0,52,10,31,11,11,13,0,0,77,123,240,226,165,237,64,34,1093,122,118,79,45,49,5,9,415,0,4,3,0,3,0,0,15,242,365,313,215,284,73,39,1523
50403,310,614,351,266,294,86,55,1969,55,44,24,27,22,7,4,187,19,25,24,14,21,9,0,118,623,1224,852,635,813,258,148,4556,25,53,37,16,26,9,4,173,44,89,37,25,20,8,5,222,69,137,74,44,50,12,8,397,690,1362,925,679,866,272,152,4951,726,720,373,252,236,75,26,2411,17,18,16,8,8,0,0,65,1436,2109,1306,934,1107,350,178,7426
50501,192,473,341,234,311,120,62,1730,25,19,9,17,25,8,5,110,9,7,12,7,10,4,0,43,335,911,760,610,874,348,219,4054,4,25,25,13,22,3,9,102,23,57,29,20,14,5,4,159,24,87,54,34,37,10,15,263,360,997,816,639,911,365,233,4312,259,260,168,125,139,45,21,1022,7,5,9,0,4,0,0,26,624,1263,988,769,1053,410,255,5363
50502,296,610,414,260,349,164,92,2192,31,23,25,22,16,5,6,131,14,22,12,10,13,8,3,71,546,1188,894,654,905,460,298,4946,14,52,34,20,36,13,7,178,43,78,48,25,40,10,3,259,59,129,80,47,83,30,16,443,601,1315,978,704,981,485,308,5385,500,555,291,205,225,83,68,1938,17,36,15,3,6,0,0,73,1121,1903,1285,914,1220,573,380,7395
50503,454,923,617,423,492,143,73,3120,60,48,32,19,33,7,12,210,30,39,22,15,16,4,0,136,797,1664,1257,931,1196,393,256,6492,33,71,56,44,53,16,10,291,79,119,70,54,42,7,6,389,114,197,131,93,100,24,20,675,910,1855,1388,1026,1293,415,276,7169,974,966,510,360,373,105,52,3338,19,21,14,18,11,4,6,92,1897,2843,1913,1404,1679,524,335,10600
50601,178,316,203,172,177,47,28,1117,27,15,10,10,12,7,4,84,10,12,11,8,16,0,0,59,351,650,487,391,465,124,84,2562,27,42,27,24,26,9,0,151,45,78,41,19,19,0,0,214,67,123,68,48,45,10,0,366,422,769,555,437,517,134,86,2923,538,490,289,188,138,26,16,1693,14,16,10,14,0,0,0,54,972,1272,853,638,660,165,111,4672
50602,100,160,104,79,92,38,38,613,10,9,6,3,7,7,0,42,0,5,0,3,4,0,0,14,185,342,240,193,269,112,94,1427,7,15,18,9,17,6,5,72,17,34,20,17,21,0,0,111,27,51,32,27,38,9,6,183,207,395,276,216,306,118,96,1609,188,208,104,88,71,36,24,714,0,3,6,4,0,0,0,12,400,602,384,303,373,153,116,2335
50603,91,223,181,140,206,77,53,971,16,18,5,6,11,0,0,64,3,14,9,0,3,0,3,35,195,440,376,313,491,224,134,2171,5,19,5,11,16,4,3,73,14,31,21,22,20,0,5,109,22,46,25,32,39,3,10,184,212,488,403,346,529,228,144,2358,219,220,153,100,137,46,30,899,20,12,12,4,0,0,0,47,456,715,570,451,662,279,174,3309
50604,181,401,270,195,224,79,49,1397,27,38,21,11,21,3,3,124,10,13,12,8,15,4,7,72,364,745,549,415,563,223,156,3020,28,47,34,21,29,9,10,173,45,88,40,30,29,4,5,240,72,139,72,50,59,15,11,416,433,889,624,467,621,237,171,3436,602,540,315,200,189,79,43,1974,23,22,15,14,6,0,4,86,1062,1447,950,678,816,316,224,5497
50605,95,221,175,109,92,30,9,729,6,9,14,4,9,4,3,48,8,5,4,3,3,0,0,23,172,412,364,260,287,84,53,1633,4,14,20,3,12,0,0,48,17,43,17,11,15,0,4,105,23,52,38,17,22,0,3,156,191,464,401,276,303,90,57,1786,154,182,109,55,69,12,9,585,6,4,4,3,3,0,0,23,345,653,513,334,380,102,71,2388
50606,76,153,76,53,67,11,4,442,11,17,11,8,0,0,0,36,5,3,5,0,4,0,0,14,154,276,168,132,134,21,15,906,3,12,10,6,10,3,0,38,7,17,5,0,8,0,0,37,16,23,16,7,11,4,0,75,170,303,189,138,148,26,15,982,151,120,58,32,24,3,4,395,4,0,0,0,0,0,0,6,323,424,245,172,173,33,19,1380
50607,39,77,70,37,51,38,14,318,3,7,3,0,0,0,0,18,0,0,0,3,0,0,0,12,84,159,144,102,130,93,57,768,0,4,3,9,0,4,5,27,5,4,9,4,4,0,0,21,8,8,11,15,10,4,5,49,87,168,152,108,136,97,61,814,57,83,54,34,45,20,15,305,0,3,0,0,0,4,0,9,148,254,208,146,182,114,81,1129
50701,190,468,324,211,240,75,34,1537,14,33,9,12,15,8,10,102,8,20,13,9,0,0,3,50,353,866,625,461,585,204,128,3220,10,25,16,13,16,3,0,78,36,51,28,16,22,7,4,160,41,73,41,33,33,13,8,242,391,938,668,493,619,215,133,3462,362,349,189,141,143,24,23,1222,9,9,3,4,0,0,0,28,762,1290,863,636,759,242,153,4717
50702,41,79,80,56,83,23,18,390,9,5,3,3,7,0,0,27,0,0,0,0,3,4,0,8,85,189,169,134,188,79,54,900,0,7,8,0,13,7,4,34,12,17,7,3,6,0,0,37,8,25,13,5,12,7,4,72,94,215,190,140,198,84,56,968,66,66,52,34,44,14,11,283,5,0,0,0,0,0,0,8,166,280,240,169,243,98,65,1258
50703,117,174,113,81,96,22,18,619,17,13,6,7,4,0,0,51,15,10,10,5,5,0,3,47,219,348,260,190,217,66,40,1332,27,31,9,13,11,5,0,97,18,47,17,10,11,0,0,110,44,81,24,32,24,3,0,203,262,421,282,221,237,66,43,1534,327,290,141,96,75,13,9,953,0,8,8,0,6,0,0,21,590,719,424,326,316,87,49,2505
50704,113,233,200,166,202,95,42,1059,8,10,9,10,16,5,3,58,6,13,3,3,3,0,0,32,181,462,450,386,533,267,137,2416,7,14,13,5,12,4,0,51,14,27,24,13,10,3,5,96,21,35,39,21,22,6,5,151,203,498,483,410,562,275,137,2564,118,150,117,90,99,46,36,654,0,7,9,8,6,0,0,34,319,661,604,508,664,318,172,3248
50705,314,612,421,317,316,72,32,2075,49,51,32,22,26,4,0,182,14,18,17,7,13,0,0,66,580,1131,909,664,793,185,114,4376,41,64,46,34,36,9,0,225,55,82,62,33,18,0,0,260,99,144,107,67,55,13,3,483,680,1278,1015,732,849,198,114,4859,766,777,410,285,267,37,26,2574,29,19,14,14,3,0,0,76,1473,2071,1441,1029,1116,237,138,7516
50901,107,253,173,121,151,15,0,822,12,13,14,4,5,0,0,50,5,3,6,7,3,0,0,23,166,384,319,251,309,28,5,1459,4,16,4,11,9,3,0,46,11,27,12,6,9,0,0,65,18,42,19,15,21,3,0,115,175,427,337,263,328,29,10,1571,244,286,137,103,95,13,3,874,7,11,14,5,4,0,0,40,426,716,483,372,430,43,8,2485
50902,66,121,122,64,90,5,5,468,11,8,13,4,7,0,0,36,4,7,4,6,0,0,0,24,121,252,230,152,206,13,8,976,11,16,8,9,11,0,0,43,22,26,24,12,12,0,0,92,29,45,31,20,15,0,0,142,144,295,260,171,220,13,8,1115,231,227,121,93,63,3,0,733,4,19,8,7,0,0,0,39,382,546,387,272,284,21,8,1888
50903,16,56,36,25,23,0,0,155,3,5,3,3,0,0,0,19,0,0,0,0,0,0,0,3,40,96,73,49,59,0,0,315,4,13,10,5,8,0,0,32,0,11,0,3,0,0,0,21,10,15,9,9,5,5,0,52,41,110,83,59,63,0,5,373,68,74,41,21,19,0,0,225,4,0,0,0,0,0,0,15,116,185,128,83,91,0,5,612
51001,55,137,71,40,29,4,0,345,10,10,7,12,0,0,0,42,5,8,11,6,0,0,0,28,136,311,214,144,124,9,5,941,4,14,8,4,5,0,0,42,10,14,11,7,8,0,0,46,15,29,17,13,8,0,0,85,150,338,230,159,129,9,5,1027,402,399,234,136,94,8,0,1279,20,41,23,3,5,0,0,85,573,779,490,305,228,15,5,2392
51002,15,39,14,23,6,0,0,96,5,0,0,0,3,0,0,10,10,7,0,0,3,0,0,18,74,159,84,60,61,8,0,455,6,9,0,9,3,0,0,28,6,10,3,3,0,0,0,24,11,16,7,11,0,0,0,54,92,179,87,69,67,8,0,506,87,88,51,31,22,4,0,295,5,3,8,0,0,0,0,12,183,272,151,106,91,14,0,814
51003,19,37,21,17,19,0,0,116,4,9,3,3,8,0,0,23,4,11,0,3,0,0,0,19,78,131,105,76,81,0,0,480,4,3,4,6,6,0,0,13,0,6,0,3,0,0,0,13,4,8,4,6,6,0,0,25,84,146,104,79,87,0,0,503,48,47,34,27,18,0,0,173,0,3,3,0,0,0,0,9,127,196,146,111,102,0,0,685
51101,23,49,14,20,25,0,0,142,0,5,5,3,5,0,0,15,0,4,0,0,3,0,0,4,42,106,52,54,77,3,3,337,0,0,0,0,0,0,0,8,0,5,0,0,4,0,0,13,0,7,3,4,4,0,0,25,40,111,60,54,76,3,3,357,88,55,31,24,25,0,0,224,4,4,4,0,0,0,0,10,138,177,90,82,99,7,3,592
51102,12,25,20,9,7,0,0,80,0,0,0,0,3,0,0,5,0,0,0,0,3,0,0,3,24,46,48,20,25,0,0,164,5,3,0,0,0,0,0,13,0,3,4,4,0,0,0,17,7,7,4,3,7,0,0,32,34,59,54,24,28,0,0,194,44,36,17,16,4,0,0,121,0,3,6,0,0,0,0,5,76,96,74,37,39,0,0,324
51103,60,106,62,48,34,3,0,310,0,8,9,3,0,0,0,25,8,9,7,4,0,0,0,29,132,267,197,139,139,13,0,889,4,5,8,3,5,0,0,35,3,13,7,8,4,0,0,30,7,20,14,12,12,0,0,63,142,288,215,152,144,17,0,950,204,166,84,53,34,3,0,539,23,20,13,11,3,0,0,61,367,469,309,209,181,15,0,1550
51104,99,192,153,75,102,3,0,625,14,14,14,12,11,4,0,64,0,9,7,3,0,0,0,20,155,359,333,211,269,16,11,1350,3,17,25,12,4,0,0,66,17,31,16,10,17,0,0,92,21,52,40,25,17,0,0,161,175,409,372,239,284,16,7,1505,298,311,170,106,85,12,3,1000,5,23,7,7,4,0,0,46,484,748,554,358,374,35,7,2552
59797,0,0,0,0,0,0,0,0,0,0,0,0,0,0,0,0,0,0,0,0,0,0,0,0,0,0,0,0,0,0,0,0,0,0,0,0,0,0,0,0,0,0,0,0,0,0,0,0,0,0,0,0,0,0,0,0,0,0,0,0,0,0,0,0,0,0,0,0,0,0,0,0,0,0,0,0,0,0,0,0,0,0,0,0,0,0,0,0
59999,0,0,0,0,0,0,0,0,0,0,0,0,0,0,0,0,0,0,0,0,0,0,0,0,0,0,0,0,0,0,0,0,0,0,0,0,0,0,0,0,0,0,0,0,0,0,0,0,0,0,0,0,0,0,0,0,0,0,0,0,0,0,0,0,0,0,0,0,0,0,0,0,0,0,0,0,0,0,0,0,0,0,0,0,0,0,0,0
60101,83,141,80,56,46,9,0,413,19,16,9,10,4,0,0,51,9,11,5,4,5,0,0,31,133,223,140,123,106,26,13,769,10,18,13,10,9,0,0,64,22,40,14,11,8,4,0,92,31,61,26,22,13,3,0,158,163,283,165,143,119,32,13,922,263,255,116,77,71,11,5,804,0,7,4,0,0,0,0,13,433,541,286,225,193,40,17,1739
60102,115,271,186,132,124,46,13,885,17,15,17,9,7,6,0,68,5,6,3,4,0,4,0,21,203,456,360,240,302,106,42,1710,0,16,17,12,11,4,3,71,19,28,14,11,9,5,0,91,20,50,33,24,23,11,3,158,222,503,398,262,322,120,47,1875,236,245,120,108,93,27,11,836,8,7,0,4,0,4,0,17,462,758,518,370,416,144,59,2730
60103,131,264,206,138,149,40,11,937,21,14,20,9,19,5,5,88,3,10,11,9,0,0,0,42,233,477,404,285,384,97,41,1915,13,21,15,15,14,3,0,84,21,50,29,23,22,8,0,146,43,63,44,39,36,8,4,229,270,537,444,323,418,105,43,2137,353,354,231,159,119,39,25,1287,5,11,7,3,5,0,0,28,633,906,680,483,545,143,72,3456
60104,68,123,107,71,98,24,5,499,12,3,0,3,3,3,4,31,0,5,0,0,0,0,0,7,100,225,225,154,225,81,32,1048,4,11,4,0,3,0,0,20,5,3,0,8,4,0,0,24,13,12,7,8,9,0,0,42,113,238,228,162,231,83,36,1091,106,129,63,46,52,17,10,425,0,5,0,0,0,0,0,4,219,368,295,211,284,99,45,1525
60105,57,85,87,39,87,36,21,421,19,12,3,3,10,3,9,58,0,0,0,0,0,0,0,5,108,202,193,148,254,104,55,1061,0,4,4,10,10,5,0,27,6,10,13,7,4,0,0,41,11,21,16,12,8,4,0,66,117,217,207,156,268,111,55,1128,58,74,46,35,43,19,16,290,0,6,0,0,0,0,0,10,179,294,249,191,313,130,76,1431
60106,34,74,55,43,46,15,0,265,13,0,5,0,9,0,0,23,0,4,4,5,3,0,0,17,73,140,112,75,101,27,9,531,0,8,3,3,3,0,0,23,4,15,5,0,3,0,0,35,7,22,10,8,8,0,0,50,77,161,125,82,103,26,11,581,69,72,48,33,32,9,3,266,0,3,4,0,0,0,0,10,151,234,178,109,131,41,15,855
60201,186,354,247,185,229,62,16,1283,28,17,11,11,18,0,0,89,8,11,8,9,3,0,0,46,307,602,478,374,504,139,46,2445,17,25,22,16,15,0,0,101,33,75,42,22,21,4,0,190,47,103,59,41,33,5,0,291,352,698,539,412,537,152,49,2742,485,497,292,192,184,42,19,1707,12,14,11,11,3,5,0,43,850,1207,839,609,726,195,69,4486
60202,24,99,58,50,40,11,6,283,8,7,3,9,0,0,0,25,0,0,0,0,0,5,0,4,52,146,107,95,87,21,6,522,3,14,11,0,3,0,0,30,6,12,6,3,5,4,0,36,4,22,17,0,14,6,0,61,57,173,126,100,100,26,9,584,88,92,56,43,41,15,0,332,6,0,0,5,3,0,0,10,145,258,188,146,140,37,10,927
60203,46,133,103,80,78,18,4,459,4,7,5,3,5,4,0,27,0,10,3,9,3,0,0,27,77,225,176,156,156,32,14,827,4,15,11,9,11,0,3,44,15,29,13,11,4,0,0,77,21,48,21,14,15,0,3,121,97,278,195,172,169,31,16,952,201,238,119,84,70,12,3,721,3,0,0,0,0,0,0,10,299,513,317,253,239,47,14,1685
60301,21,28,21,20,22,3,0,112,3,0,0,3,3,0,0,7,0,0,0,0,0,0,0,3,34,54,41,46,44,10,4,232,3,4,4,0,0,0,0,17,3,12,11,0,0,0,0,26,9,14,13,5,0,0,0,47,48,74,53,45,49,9,4,278,48,46,34,31,21,10,0,195,0,6,3,0,0,0,0,8,96,122,91,79,70,21,6,480
60302,30,79,51,51,64,3,0,285,6,4,6,0,10,0,0,22,0,0,3,0,3,0,0,11,49,125,97,79,111,17,9,479,3,5,6,6,0,0,0,23,3,4,5,0,0,0,0,12,9,10,11,7,0,0,0,35,56,127,111,84,114,20,9,520,84,84,53,35,33,3,0,290,0,6,0,0,0,0,0,3,140,223,162,119,148,23,5,819
60303,7,27,16,9,6,0,0,72,0,6,0,0,0,0,0,0,0,0,5,0,0,0,0,11,13,36,30,22,14,0,0,112,0,3,6,0,0,0,0,9,3,3,0,0,0,0,0,5,5,5,7,5,0,0,0,15,14,42,32,23,20,0,0,128,15,21,19,9,16,0,0,77,0,0,0,0,0,0,0,7,29,71,48,29,35,0,0,210
60401,106,188,148,124,126,17,3,710,13,10,11,6,11,3,0,62,10,9,10,7,5,0,0,44,162,303,268,213,280,45,12,1286,0,20,9,14,13,0,0,56,14,37,19,13,17,3,0,111,18,60,31,24,29,4,0,169,180,364,301,244,309,52,12,1450,323,292,164,115,117,16,11,1042,5,10,9,10,0,0,0,35,508,666,476,365,428,69,18,2527
60402,127,208,158,101,131,19,8,752,15,10,8,12,12,0,0,57,10,3,8,5,5,0,0,28,193,331,299,199,258,53,21,1347,6,18,10,10,10,3,0,50,9,26,20,13,18,4,0,84,12,43,29,25,20,9,0,134,206,377,324,223,283,59,21,1488,234,285,157,107,100,16,0,904,7,6,6,0,0,0,0,17,440,665,483,329,378,77,31,2412
60403,24,38,45,23,21,8,0,166,8,9,0,0,0,0,0,14,0,0,4,0,0,0,0,14,45,78,79,60,48,9,0,332,5,9,10,5,4,0,0,35,3,13,4,0,4,0,0,28,3,18,20,11,10,0,0,62,53,100,97,69,55,16,0,391,88,83,38,30,28,0,0,271,0,0,3,0,0,0,0,0,139,177,137,100,85,19,0,664
69797,0,0,0,0,0,0,0,0,0,0,0,0,0,0,0,0,0,0,0,0,0,0,0,0,0,0,0,0,0,0,0,0,0,0,0,0,0,0,0,0,0,0,0,0,0,0,0,0,0,0,0,0,0,0,0,0,0,0,0,0,0,0,0,0,0,0,0,0,0,0,0,0,0,0,0,0,0,0,0,0,0,0,0,0,0,0,0,0
69999,0,0,0,0,0,0,0,0,0,0,0,0,0,0,0,0,0,0,0,0,0,0,0,0,0,0,0,0,0,0,0,0,0,0,0,0,0,0,0,0,0,0,0,0,0,0,0,0,0,0,0,0,0,0,0,0,0,0,0,0,0,0,0,0,0,0,0,0,0,0,0,0,0,0,0,0,0,0,0,0,0,0,0,0,0,0,0,0
70101,29,42,17,17,15,3,0,123,0,6,0,0,8,0,0,16,0,0,0,0,0,0,0,5,70,149,98,70,102,17,10,525,4,3,3,0,0,0,0,15,0,0,3,0,3,0,0,16,8,9,6,5,3,0,3,27,80,158,101,68,104,19,13,553,37,39,21,11,9,6,3,125,0,3,0,3,0,0,0,12,121,201,120,85,116,24,21,689
70102,76,155,85,75,65,17,7,480,17,12,8,10,7,3,0,54,9,8,0,8,0,0,0,27,186,424,281,211,280,64,33,1470,8,28,13,8,11,3,0,66,9,25,13,11,3,0,0,63,11,56,22,22,13,3,0,130,200,477,303,232,288,62,33,1600,245,221,137,93,68,13,12,780,17,23,7,11,0,0,0,61,464,719,445,334,363,80,39,2443
70103,22,30,21,18,16,0,0,110,5,18,7,4,0,0,0,37,0,4,0,0,0,0,0,8,51,122,92,65,70,9,0,414,6,4,0,0,6,0,0,17,5,3,4,3,0,0,0,18,7,7,9,5,6,0,0,35,59,134,105,71,73,9,0,450,33,44,32,16,14,0,0,141,4,5,0,7,0,0,0,12,93,180,133,87,89,9,0,604
70104,75,137,84,63,37,6,0,398,16,14,3,0,3,4,0,49,3,5,7,0,0,0,0,19,239,426,295,217,192,34,13,1408,6,28,11,16,9,0,0,70,11,21,14,6,5,0,0,50,20,44,24,19,13,0,0,119,255,470,317,234,198,34,13,1525,195,211,100,77,63,5,8,646,14,10,4,6,7,0,0,44,462,691,422,313,269,39,12,2216
70201,48,96,71,36,38,4,0,294,14,17,13,4,0,0,0,45,9,10,8,3,3,5,0,36,145,279,204,136,139,14,3,931,24,22,14,9,9,0,0,75,9,7,10,6,0,0,0,35,24,37,25,16,14,0,0,112,176,314,235,147,157,14,3,1042,334,329,199,120,59,3,0,1048,10,7,11,10,4,0,0,48,524,658,437,282,221,20,3,2138
70202,10,17,14,3,6,0,0,53,3,0,3,0,0,0,0,6,0,0,7,0,3,0,0,7,21,34,32,14,17,0,0,114,9,14,9,3,0,0,0,29,7,5,0,0,0,0,0,15,17,15,9,7,3,0,0,45,37,53,36,19,20,0,0,166,95,84,40,27,8,0,0,259,5,3,4,0,0,0,0,13,137,139,83,44,27,0,0,433
70203,16,32,20,9,7,0,0,92,3,11,3,9,4,0,0,28,0,0,5,0,0,0,0,9,37,92,50,38,19,5,0,239,4,15,7,13,3,0,0,41,3,16,4,5,5,0,0,37,10,28,13,18,12,0,0,79,50,119,64,51,31,5,0,320,128,191,123,90,29,3,0,565,3,12,5,9,0,0,0,28,183,321,190,146,59,3,0,915
70204,17,33,25,13,12,0,0,98,4,7,0,0,0,0,0,12,4,3,3,0,6,0,0,11,42,68,63,44,36,4,0,257,4,9,3,8,0,0,0,22,0,5,11,5,0,0,0,28,3,18,14,12,0,0,0,51,45,89,74,51,35,4,0,308,137,155,112,67,38,8,4,518,3,6,5,0,0,0,0,21,188,254,194,115,82,13,4,850
70205,29,41,28,19,12,0,0,121,9,6,3,3,0,0,0,21,6,6,3,3,3,6,0,22,72,103,93,61,46,7,0,383,17,18,14,16,4,3,0,70,12,15,3,7,0,0,0,44,30,33,19,21,3,3,0,114,102,143,109,83,49,11,0,494,147,218,141,73,40,6,0,628,9,16,5,3,5,0,0,38,256,376,253,167,95,12,0,1161
79797,0,0,0,0,0,0,0,0,0,0,0,0,0,0,0,0,0,0,0,0,0,0,0,0,0,0,0,0,0,0,0,0,0,0,0,0,0,0,0,0,0,0,0,0,0,0,0,0,0,0,0,0,0,0,0,0,0,0,0,0,0,0,0,0,0,0,0,0,0,0,0,0,0,0,0,0,0,0,0,0,0,0,0,0,0,0,0,0
79999,0,0,0,0,0,0,0,0,0,0,0,0,0,0,0,0,0,0,0,0,0,0,0,0,0,0,0,0,0,0,0,0,0,0,0,0,0,0,0,0,0,0,0,0,0,0,0,0,0,0,0,0,0,0,0,0,0,0,0,0,0,0,0,0,0,0,0,0,0,0,0,0,0,0,0,0,0,0,0,0,0,0,0,0,0,0,0,0
80101,161,254,203,111,141,45,31,935,31,27,16,11,22,5,0,114,8,11,7,0,6,0,0,29,331,703,519,376,505,194,105,2731,4,13,7,12,14,4,5,56,21,34,20,13,20,3,0,108,24,47,32,18,30,3,6,163,354,745,552,401,536,201,109,2889,271,276,161,96,125,32,24,989,9,6,6,3,4,0,0,30,628,1032,717,495,671,231,138,3913
80103,0,3,0,0,5,0,0,5,0,0,0,0,0,0,0,0,0,0,0,0,0,0,0,0,4,12,6,0,3,0,0,27,0,0,0,0,0,0,0,0,0,0,0,0,0,0,0,0,0,0,0,0,0,0,0,0,4,12,6,0,3,0,0,26,5,7,0,4,0,0,0,8,0,0,0,0,0,0,0,0,7,11,9,4,3,0,0,35
80104,131,186,138,70,111,24,15,674,25,24,13,0,3,8,4,78,15,4,0,3,5,3,0,32,348,617,445,272,412,147,55,2306,11,12,6,5,6,5,0,44,8,19,3,8,9,3,0,51,20,33,17,8,15,6,0,98,370,651,462,284,427,153,55,2397,164,185,95,56,83,28,20,631,6,8,4,0,4,4,0,28,538,846,563,335,513,181,75,3059
80105,35,89,66,39,51,17,14,316,8,7,3,6,4,3,0,26,0,0,0,0,5,0,0,0,111,234,185,155,202,84,39,1013,4,7,5,9,3,0,4,35,4,5,4,3,3,4,0,18,7,15,9,11,6,3,4,50,115,247,200,161,207,89,42,1058,80,71,33,28,44,21,16,293,3,3,0,0,0,0,0,9,195,324,234,191,252,111,60,1362
80106,23,44,23,10,32,12,3,150,7,4,4,0,3,0,0,20,0,0,0,0,0,0,0,0,66,154,117,77,150,55,26,638,3,3,0,8,3,0,0,24,6,7,0,0,0,0,0,17,8,13,0,8,5,0,0,39,71,164,115,85,154,54,25,679,33,29,21,19,25,16,13,160,0,0,0,0,4,0,0,9,107,200,141,105,182,70,37,845
80107,171,255,147,97,153,48,20,897,37,33,14,11,18,8,6,117,12,10,9,0,8,0,0,36,369,684,482,367,552,190,83,2731,11,17,10,8,6,5,3,51,8,25,18,9,11,5,0,77,24,38,28,16,15,9,9,123,391,724,509,376,566,197,91,2859,259,317,166,113,124,34,20,1037,0,6,9,9,0,0,0,18,657,1047,683,498,695,227,110,3918
80108,28,51,33,25,45,15,7,200,6,7,8,3,4,0,0,23,9,0,0,0,0,0,0,11,69,164,106,103,119,46,34,644,0,5,4,5,5,0,0,22,0,3,0,3,0,0,0,6,0,13,3,7,5,0,0,30,72,173,115,112,121,46,39,675,36,42,37,15,27,7,0,162,0,3,0,0,0,0,0,3,106,222,145,127,151,52,40,844
80109,25,63,48,30,49,22,12,246,12,9,3,0,0,3,0,28,0,0,4,3,0,0,0,9,69,205,159,127,169,86,38,847,3,3,7,5,5,5,4,30,5,4,7,9,3,0,0,26,6,13,12,7,10,6,4,59,78,212,169,136,178,92,46,908,45,45,55,20,34,12,6,210,4,3,0,0,0,0,0,8,120,258,226,153,214,105,47,1125
80110,19,34,9,9,13,3,0,95,6,0,0,0,0,0,0,7,0,0,0,0,0,0,0,3,37,106,53,27,49,18,14,302,0,0,0,0,0,0,0,3,3,0,0,0,0,0,0,7,7,5,0,0,0,0,0,9,46,111,53,25,51,18,14,319,26,22,7,8,4,5,8,80,0,0,0,0,0,0,0,0,67,134,61,35,56,25,20,400
80111,0,0,0,0,0,0,0,3,0,0,0,0,0,0,0,0,0,0,0,0,0,0,0,0,0,6,3,6,0,0,0,13,0,0,0,0,0,0,0,0,0,0,0,0,0,0,0,4,0,0,0,0,0,0,0,4,0,6,5,5,0,0,0,17,10,4,0,3,0,0,0,19,0,0,0,0,0,0,0,0,7,8,12,7,5,0,0,34
89797,0,0,0,0,0,0,0,0,0,0,0,0,0,0,0,0,0,0,0,0,0,0,0,0,0,0,0,0,0,0,0,0,0,0,0,0,0,0,0,0,0,0,0,0,0,0,0,0,0,0,0,0,0,0,0,0,0,0,0,0,0,0,0,0,0,0,0,0,0,0,0,0,0,0,0,0,0,0,0,0,0,0,0,0,0,0,0,0
89999,0,0,0,0,0,0,0,0,0,0,0,0,0,0,0,0,0,0,0,0,0,0,0,0,0,0,0,0,0,0,0,0,0,0,0,0,0,0,0,0,0,0,0,0,0,0,0,0,0,0,0,0,0,0,0,0,0,0,0,0,0,0,0,0,0,0,0,0,0,0,0,0,0,0,0,0,0,0,0,0,0,0,0,0,0,0,0,0
90101,3,0,0,0,0,0,0,6,0,0,0,0,0,0,0,0,0,0,0,0,0,0,0,0,0,10,3,4,4,0,0,21,0,0,0,0,0,0,0,0,0,0,0,0,0,0,0,5,0,0,0,0,0,0,0,5,0,8,3,3,4,0,0,24,0,5,0,0,3,0,0,10,0,0,0,0,0,0,0,0,6,7,6,3,13,0,0,33
90102,0,0,0,0,0,0,0,0,0,0,0,0,0,0,0,0,0,0,0,0,0,0,0,0,0,0,0,0,0,0,0,0,0,0,0,0,0,0,0,0,0,0,0,0,0,0,0,0,0,0,0,0,0,0,0,0,0,5,0,0,0,0,0,3,0,0,0,0,0,0,0,0,0,0,0,0,0,0,0,0,0,5,0,0,0,0,0,6
90103,0,4,6,0,0,0,0,9,0,0,0,0,0,0,0,0,0,0,0,0,0,0,0,0,4,4,6,0,0,0,0,18,0,0,0,0,0,0,0,0,0,0,0,0,0,0,0,0,0,0,0,0,0,0,0,0,4,4,4,0,0,0,0,17,0,0,0,0,0,0,0,6,4,0,0,0,0,0,0,5,4,4,7,3,0,0,0,23
90104,7,11,5,3,3,0,0,33,0,0,0,0,0,0,0,4,0,0,0,0,0,0,0,0,9,15,12,10,10,0,0,59,0,0,0,0,0,0,0,0,0,0,0,0,0,0,0,0,0,0,0,0,0,0,0,0,9,15,12,10,10,0,0,59,0,4,0,4,0,0,0,7,0,0,0,0,0,0,0,0,6,20,16,11,12,0,0,70
99797,0,0,0,0,0,0,0,0,0,0,0,0,0,0,0,0,0,0,0,0,0,0,0,0,0,0,0,0,0,0,0,0,0,0,0,0,0,0,0,0,0,0,0,0,0,0,0,0,0,0,0,0,0,0,0,0,0,0,0,0,0,0,0,0,0,0,0,0,0,0,0,0,0,0,0,0,0,0,0,0,0,0,0,0,0,0,0,0
99999,0,0,0,0,0,0,0,0,0,0,0,0,0,0,0,0,0,0,0,0,0,0,0,0,0,0,0,0,0,0,0,0,0,0,0,0,0,0,0,0,0,0,0,0,0,0,0,0,0,0,0,0,0,0,0,0,0,0,0,0,0,0,0,0,0,0,0,0,0,0,0,0,0,0,0,0,0,0,0,0,0,0,0,0,0,0,0,0
