SUA_CODE_2021,F_Chile_0_4,F_Chile_5_14,F_Chile_15_24,F_Chile_25_44,F_Chile_45_54,F_Chile_55_64,F_Chile_65_74,F_Chile_75_84,F_Chile_85ov,F_Chile_Tot,F_China_0_4,F_China_5_14,F_China_15_24,F_China_25_44,F_China_45_54,F_China_55_64,F_China_65_74,F_China_75_84,F_China_85ov,F_China_Tot,F_Croatia_0_4,F_Croatia_5_14,F_Croatia_15_24,F_Croatia_25_44,F_Croatia_45_54,F_Croatia_55_64,F_Croatia_65_74,F_Croatia_75_84,F_Croatia_85ov,F_Croatia_Tot,F_Egypt_0_4,F_Egypt_5_14,F_Egypt_15_24,F_Egypt_25_44,F_Egypt_45_54,F_Egypt_55_64,F_Egypt_65_74,F_Egypt_75_84,F_Egypt_85ov,F_Egypt_Tot,F_England_0_4,F_England_5_14,F_England_15_24,F_England_25_44,F_England_45_54,F_England_55_64,F_England_65_74,F_England_75_84,F_England_85ov,F_England_Tot,F_Fiji_0_4,F_Fiji_5_14,F_Fiji_15_24,F_Fiji_25_44,F_Fiji_45_54,F_Fiji_55_64,F_Fiji_65_74,F_Fiji_75_84,F_Fiji_85ov,F_Fiji_Tot,F_France_0_4,F_France_5_14,F_France_15_24,F_France_25_44,F_France_45_54,F_France_55_64,F_France_65_74,F_France_75_84,F_France_85ov,F_France_Tot,F_Germany_0_4,F_Germany_5_14,F_Germany_15_24,F_Germany_25_44,F_Germany_45_54,F_Germany_55_64,F_Germany_65_74,F_Germany_75_84,F_Germany_85ov,F_Germany_Tot,F_Greece_0_4,F_Greece_5_14,F_Greece_15_24,F_Greece_25_44,F_Greece_45_54,F_Greece_55_64,F_Greece_65_74,F_Greece_75_84,F_Greece_85ov,F_Greece_Tot,F_Hong_Kong_SAR_Ch_0_4,F_Hong_Kong_SAR_Ch_5_14,F_Hong_Kong_SAR_Ch_15_24,F_Hong_Kong_SAR_Ch_25_44,F_Hong_Kong_SAR_Ch_45_54,F_Hong_Kong_SAR_Ch_55_64,F_Hong_Kong_SAR_Ch_65_74,F_Hong_Kong_SAR_Ch_75_84,F_Hong_Kong_SAR_Ch_85ov,F_Hong_Kong_SAR_Ch_Tot,F_India_0_4,F_India_5_14,F_India_15_24,F_India_25_44,F_India_45_54,F_India_55_64,F_India_65_74,F_India_75_84,F_India_85ov,F_India_Tot,F_Indonesia_0_4,F_Indonesia_5_14,F_Indonesia_15_24,F_Indonesia_25_44,F_Indonesia_45_54,F_Indonesia_55_64,F_Indonesia_65_74,F_Indonesia_75_84,F_Indonesia_85ov,F_Indonesia_Tot,F_Iran_0_4,F_Iran_5_14,F_Iran_15_24,F_Iran_25_44,F_Iran_45_54,F_Iran_55_64,F_Iran_65_74,F_Iran_75_84,F_Iran_85ov,F_Iran_Tot,F_Iraq_0_4,F_Iraq_5_14,F_Iraq_15_24,F_Iraq_25_44,F_Iraq_45_54,F_Iraq_55_64,F_Iraq_65_74,F_Iraq_75_84,F_Iraq_85ov,F_Iraq_Tot,F_Ireland_0_4,F_Ireland_5_14,F_Ireland_15_24,F_Ireland_25_44,F_Ireland_45_54,F_Ireland_55_64,F_Ireland_65_74,F_Ireland_75_84,F_Ireland_85ov,F_Ireland_Tot,F_Italy_0_4,F_Italy_5_14,F_Italy_15_24,F_Italy_25_44,F_Italy_45_54,F_Italy_55_64,F_Italy_65_74,F_Italy_75_84,F_Italy_85ov,F_Italy_Tot,F_Japan_0_4,F_Japan_5_14,F_Japan_15_24,F_Japan_25_44,F_Japan_45_54,F_Japan_55_64,F_Japan_65_74,F_Japan_75_84,F_Japan_85ov,F_Japan_Tot,F_Korea_South_0_4,F_Korea_South_5_14,F_Korea_South_15_24,F_Korea_South_25_44,F_Korea_South_45_54,F_Korea_South_55_64,F_Korea_South_65_74,F_Korea_South_75_84,F_Korea_South_85ov,F_Korea_South_Tot,F_Lebanon_0_4,F_Lebanon_5_14,F_Lebanon_15_24,F_Lebanon_25_44,F_Lebanon_45_54,F_Lebanon_55_64,F_Lebanon_65_74,F_Lebanon_75_84,F_Lebanon_85ov,F_Lebanon_Tot,F_Malaysia_0_4,F_Malaysia_5_14,F_Malaysia_15_24,F_Malaysia_25_44,F_Malaysia_45_54,F_Malaysia_55_64,F_Malaysia_65_74,F_Malaysia_75_84,F_Malaysia_85ov,F_Malaysia_Tot
1000,0,0,3,60,46,51,44,23,3,218,12,33,43,434,215,166,87,32,12,1033,0,0,0,14,22,68,72,53,10,245,0,0,5,25,12,17,35,27,5,124,17,175,244,1338,1678,3428,3694,2413,757,13733,4,16,25,169,95,76,52,24,0,456,4,13,30,170,69,78,65,20,9,459,6,17,44,326,213,413,693,394,138,2245,0,0,0,10,11,31,54,53,14,175,0,21,9,59,40,49,41,12,4,233,20,90,70,873,121,130,112,54,29,1493,6,14,28,150,74,59,61,15,8,414,0,5,3,37,18,4,9,6,0,84,0,4,3,37,12,12,7,0,0,80,3,18,29,191,109,147,131,61,20,718,0,5,10,66,62,126,206,165,83,727,6,21,16,150,94,59,28,3,3,372,0,4,12,147,22,20,12,3,0,221,0,0,6,41,40,57,31,9,3,192,6,13,28,232,133,127,68,19,8,625
1001,0,0,0,7,0,5,0,0,0,15,3,5,10,61,23,27,13,0,0,134,0,0,0,7,4,18,17,29,19,85,0,4,3,10,0,0,0,0,0,18,5,25,35,122,113,210,195,166,54,928,0,0,0,16,9,9,0,0,0,37,0,0,5,10,5,8,0,0,0,23,0,0,4,22,19,31,105,77,25,278,0,0,0,0,3,0,5,15,4,35,0,0,0,13,3,0,5,0,0,28,11,35,40,472,34,25,21,9,4,641,0,0,0,21,10,3,0,0,0,44,0,0,0,8,0,4,0,0,0,24,0,0,0,0,0,0,0,0,0,10,0,3,0,8,0,11,4,6,0,46,0,4,0,3,0,3,19,15,16,61,0,0,0,10,3,0,0,0,0,14,0,0,4,24,3,0,0,0,0,30,0,0,0,6,3,0,4,0,0,14,0,0,3,27,14,6,3,4,0,65
1002,0,0,0,3,3,0,0,0,0,4,0,3,7,46,11,5,4,0,0,85,0,0,0,0,3,0,0,0,0,4,0,0,0,0,0,0,0,0,0,0,0,9,18,36,23,50,54,45,7,239,0,0,0,8,3,0,0,0,0,10,0,0,5,13,0,0,0,0,0,15,0,3,0,6,5,11,5,6,7,40,0,3,0,0,0,0,0,0,3,9,0,0,0,3,6,7,0,0,0,13,0,13,19,88,8,7,3,0,0,136,0,0,3,5,6,4,0,0,0,17,0,0,0,19,0,0,0,0,0,19,12,94,85,78,26,8,0,0,0,310,0,0,0,0,5,4,0,0,0,8,0,0,0,0,0,3,3,0,0,12,0,0,0,8,3,5,0,0,0,25,0,0,0,8,0,0,0,0,0,11,0,0,0,0,0,0,4,0,0,8,0,0,0,3,3,0,3,0,0,18
1003,0,0,0,13,5,3,7,0,0,24,0,0,4,8,10,8,7,0,0,38,0,0,0,0,0,0,5,3,0,4,0,0,0,5,0,0,0,0,0,6,5,22,30,150,112,162,178,155,66,878,0,0,0,7,0,8,5,5,0,21,0,0,0,27,8,3,5,0,0,46,0,0,0,30,10,14,26,20,5,106,0,0,0,0,0,0,3,0,0,6,0,0,0,7,8,6,0,0,0,21,0,3,4,47,12,7,4,5,5,86,0,0,3,6,5,4,7,0,0,31,0,0,0,5,3,0,5,0,0,9,0,0,0,0,0,0,0,0,0,0,0,0,0,7,3,8,6,0,0,31,0,0,4,9,4,3,14,5,0,42,0,0,4,31,9,6,5,3,0,57,0,0,0,9,4,0,0,0,0,12,0,0,0,0,0,0,0,0,0,0,0,3,0,10,3,3,13,0,0,38
1004,0,0,0,5,0,0,3,0,0,12,0,0,0,5,11,0,0,0,0,25,0,0,0,0,3,4,17,9,6,36,0,0,0,0,0,4,0,0,0,4,0,3,5,22,33,97,141,106,37,444,0,0,0,3,0,3,0,0,0,7,0,0,0,4,0,4,0,3,0,13,0,0,0,0,7,7,22,17,10,63,0,0,0,0,0,0,11,6,0,15,0,0,0,0,0,0,0,0,0,0,0,4,0,26,0,7,5,0,0,47,0,0,0,7,0,3,0,0,0,12,0,0,0,0,0,0,0,0,0,0,0,0,0,0,0,0,0,0,0,0,0,3,0,0,0,7,10,3,5,32,0,0,0,0,0,11,11,3,0,25,0,0,0,4,0,0,4,0,0,12,0,0,0,4,0,0,0,0,0,6,0,0,0,0,0,0,0,0,0,0,0,0,0,3,3,3,4,0,0,13
1005,0,0,0,6,0,0,4,3,0,8,0,6,0,21,4,8,6,0,0,54,0,0,0,5,0,9,0,4,0,16,0,0,0,3,0,0,6,0,0,9,0,4,13,46,53,72,68,58,27,340,0,0,0,5,10,5,4,3,0,23,0,0,0,7,0,0,3,0,0,14,0,0,0,7,0,8,14,11,0,40,0,0,0,0,0,0,0,0,0,11,0,0,0,4,0,0,0,0,0,6,0,16,10,102,8,6,3,0,0,151,0,4,0,3,3,0,4,0,0,18,0,0,0,8,3,0,4,0,0,18,0,0,0,4,0,0,0,0,0,3,0,0,0,5,3,4,14,5,3,33,0,0,0,0,0,0,5,3,7,18,0,0,4,0,12,0,0,0,0,19,0,0,4,12,5,0,0,0,0,16,0,0,0,0,0,0,6,0,0,9,0,0,0,10,16,4,3,0,0,28
1006,0,0,0,5,7,3,6,6,0,22,0,5,5,32,17,23,8,6,0,102,0,0,0,0,3,3,9,0,0,21,0,0,0,0,0,0,0,6,0,5,0,18,25,98,129,208,323,240,92,1138,0,0,0,12,5,4,11,3,0,32,0,0,0,7,5,8,8,3,0,37,0,0,0,16,11,17,40,31,8,117,0,0,0,6,3,11,13,3,0,24,0,5,5,10,3,10,8,3,0,47,0,9,10,105,15,16,4,8,3,169,0,0,0,14,5,3,4,4,0,26,0,0,0,6,4,3,0,0,0,22,0,0,0,0,0,3,0,0,0,6,0,0,3,5,10,7,8,10,3,46,0,3,3,6,4,12,24,16,13,72,0,0,0,9,5,3,4,0,0,20,0,0,4,7,3,0,0,0,0,16,0,0,0,3,5,4,7,0,0,14,0,6,0,6,9,6,6,3,0,34
1007,0,0,0,0,0,0,0,0,0,0,0,0,0,6,6,3,0,0,0,6,0,0,0,0,0,0,0,0,3,0,0,0,0,0,0,0,0,0,0,0,0,0,0,7,14,16,16,14,0,61,0,3,0,0,0,0,0,0,0,8,0,0,0,0,0,0,0,0,0,6,0,0,0,0,3,0,9,3,4,21,0,0,0,0,0,0,0,6,0,6,0,0,0,0,0,0,0,0,0,0,3,6,0,24,0,3,0,0,0,40,0,0,0,3,0,0,0,0,0,3,0,0,0,0,0,0,0,0,0,0,0,0,0,0,0,0,0,0,0,0,0,0,0,4,0,0,0,0,0,4,0,0,0,0,0,0,3,8,4,18,0,0,0,0,0,0,0,0,0,0,0,0,0,0,0,0,0,0,0,0,0,0,0,0,0,0,0,0,0,0,0,0,0,4,3,0,0,0,0,8
1008,0,0,0,28,0,0,0,0,0,23,0,4,0,3,0,0,0,0,0,11,0,0,0,0,0,0,0,0,0,0,0,0,0,0,0,0,0,0,0,4,0,7,18,101,51,46,41,24,12,297,0,0,0,0,0,0,0,0,0,4,0,0,4,50,4,4,0,3,0,67,0,0,15,43,9,15,16,0,0,86,0,0,0,0,0,0,0,0,0,0,0,0,0,0,0,0,0,0,0,7,0,0,0,9,0,0,0,0,0,9,0,0,0,4,0,0,0,0,0,4,0,0,0,0,0,0,0,0,0,0,0,0,0,0,0,0,0,0,0,0,0,0,0,9,0,6,0,3,0,19,0,0,8,43,0,0,5,0,0,54,3,0,5,35,10,7,0,0,0,55,0,0,0,0,0,0,0,0,0,3,0,0,0,0,0,0,0,0,0,0,0,0,0,4,0,0,0,0,0,9
1009,0,0,0,0,0,0,0,0,0,4,0,0,0,0,4,0,0,0,0,17,0,0,0,0,0,0,0,3,0,5,0,0,0,0,0,0,0,0,0,0,0,3,3,21,49,74,129,115,34,427,0,0,0,0,0,0,0,0,0,8,0,0,0,0,0,3,3,0,0,6,0,0,0,5,4,10,9,20,6,52,0,0,0,0,0,3,0,4,0,7,0,0,0,0,0,0,5,0,0,5,0,0,0,4,0,0,3,3,0,12,0,0,0,4,0,3,0,0,0,8,0,0,0,0,0,0,0,0,0,0,0,0,0,0,0,0,0,0,0,0,0,0,0,0,3,0,5,3,4,17,0,0,0,0,0,3,6,0,0,6,0,0,0,0,4,0,0,0,0,6,0,0,0,4,5,0,0,0,0,6,0,0,0,0,0,0,0,0,0,0,0,0,0,0,0,5,0,0,0,5
1010,0,3,3,34,47,26,58,28,4,206,0,22,32,380,235,250,194,47,14,1179,0,0,0,10,15,31,35,36,14,145,3,17,0,33,4,31,37,43,22,195,16,222,289,1146,1044,1672,1626,1284,564,7868,0,4,11,80,53,44,33,12,4,244,0,0,4,64,32,28,23,10,4,168,0,5,11,111,58,95,180,144,66,670,0,0,7,6,5,22,53,55,20,160,0,8,8,45,24,48,40,5,0,184,12,69,73,668,88,76,73,47,14,1123,0,12,16,122,65,34,36,15,3,300,0,4,6,44,20,24,11,4,0,106,0,0,4,10,4,7,0,4,0,25,0,42,17,111,104,101,117,69,30,585,0,7,3,34,25,67,117,82,46,375,5,18,12,89,71,31,20,8,0,252,5,19,30,194,104,55,28,14,0,462,0,0,4,17,17,26,18,12,3,99,0,6,17,78,48,60,61,18,7,292
1011,0,0,0,8,3,0,6,0,0,11,0,5,10,55,23,23,12,0,3,130,0,0,0,0,0,4,5,8,0,12,0,0,0,6,0,0,5,0,0,13,0,26,41,144,139,262,290,218,107,1232,0,0,4,10,13,15,4,0,0,47,0,0,5,13,10,3,7,4,4,42,0,0,3,25,19,37,48,38,11,182,0,0,0,0,0,0,3,0,0,9,0,3,4,17,3,9,9,3,0,39,0,28,43,370,75,72,53,21,8,672,0,4,3,28,9,8,10,4,0,58,0,0,0,0,0,3,0,0,0,8,11,66,38,70,10,6,3,0,0,205,0,4,3,25,11,7,15,14,0,71,0,0,4,9,5,5,16,11,6,56,0,0,6,42,19,3,3,0,0,73,0,0,0,26,0,0,6,0,0,31,0,0,0,0,3,8,0,0,0,10,14,33,12,57,23,14,11,5,0,167
1012,0,0,0,0,0,0,0,0,0,0,0,6,5,39,15,9,0,0,0,79,0,0,0,0,0,0,0,0,0,0,0,0,0,0,0,3,0,0,0,6,3,13,5,34,15,51,37,26,9,201,0,3,0,19,5,5,0,0,0,27,0,0,0,6,0,5,0,0,0,11,0,0,0,8,0,0,5,11,0,27,0,0,0,0,0,4,3,4,0,14,0,0,0,8,0,3,6,0,0,15,6,38,9,252,20,19,3,8,0,354,0,0,0,3,0,6,0,0,0,12,0,0,0,7,0,0,0,0,0,9,0,0,0,0,3,0,0,0,0,0,0,4,0,8,0,5,0,0,0,15,0,0,0,6,0,0,5,3,5,13,0,0,0,3,0,0,0,0,0,9,0,0,4,20,0,0,0,0,0,30,0,0,0,0,7,0,3,0,0,20,0,0,0,12,3,4,0,0,0,21
1013,0,0,0,0,0,0,0,0,0,3,0,0,0,7,5,3,3,0,0,22,0,0,0,0,0,0,4,3,0,10,0,0,0,5,0,0,0,5,0,7,0,0,4,16,20,63,122,94,49,365,0,0,0,0,0,3,0,3,0,9,0,0,0,9,3,3,3,0,0,17,0,0,0,4,0,6,11,9,11,50,0,0,0,0,0,0,0,3,0,4,0,0,0,0,0,0,0,0,0,4,0,0,0,17,3,0,0,4,0,32,0,0,0,5,3,0,0,0,0,15,0,0,0,0,0,0,0,0,0,10,0,0,0,4,0,0,0,0,0,4,0,0,0,8,0,3,3,6,4,23,0,0,0,0,0,0,5,7,4,14,0,0,0,0,0,0,0,0,0,4,0,0,0,6,4,0,0,0,0,11,0,0,0,0,0,3,0,0,0,3,0,0,0,3,4,0,7,0,0,10
1014,0,0,0,0,5,0,4,0,0,6,0,0,5,27,7,9,4,0,0,61,0,0,0,0,0,5,4,4,0,11,0,0,0,0,0,0,0,0,0,4,0,4,5,31,19,47,65,42,15,227,0,0,0,12,8,0,0,0,0,21,0,0,3,0,0,0,0,0,0,8,0,0,0,0,0,0,5,5,5,29,0,0,0,0,0,5,0,5,0,14,0,0,0,0,0,0,0,0,0,9,3,6,5,76,4,7,3,0,3,109,0,0,0,7,6,6,0,0,0,19,0,0,0,4,0,0,0,0,0,4,0,0,0,0,0,0,0,0,0,0,0,0,0,0,3,0,4,0,0,12,0,0,0,0,0,3,3,6,0,17,0,0,0,4,0,0,0,0,0,5,0,0,0,18,0,0,0,0,0,27,0,3,0,3,0,0,0,0,0,3,0,0,0,11,5,3,4,0,0,23
1015,0,0,0,0,0,0,0,0,0,0,0,0,0,0,8,3,5,0,0,12,0,0,0,0,0,0,0,0,0,0,0,0,0,0,0,0,0,0,0,0,0,6,0,18,5,38,26,25,13,138,0,0,0,4,0,0,3,0,0,8,0,0,0,0,0,3,0,6,0,4,0,0,0,5,0,0,7,5,0,25,0,0,0,0,0,0,0,0,0,0,0,0,0,0,0,6,0,0,0,7,3,0,0,31,0,0,3,0,0,42,0,0,0,4,0,0,0,0,0,10,0,0,0,0,0,0,0,0,0,5,0,0,0,0,0,0,0,0,0,0,0,0,0,0,0,0,0,0,0,7,0,0,0,0,0,0,0,0,0,4,0,0,0,0,0,0,4,0,0,8,0,0,0,0,0,0,0,0,0,0,0,0,0,0,0,0,0,0,0,0,0,0,0,0,4,0,0,0,0,11
1016,0,0,0,3,0,5,0,0,0,12,0,0,4,21,13,8,4,0,0,44,0,0,0,0,0,0,0,0,0,0,0,0,0,0,0,0,0,0,0,3,0,7,4,17,16,22,12,10,0,81,0,4,7,22,20,14,5,0,0,76,0,0,0,5,0,0,0,0,0,0,0,0,0,7,0,3,0,0,0,13,0,0,0,0,0,0,0,0,0,0,0,0,0,4,0,0,0,0,0,8,7,31,44,494,133,77,26,5,0,830,0,0,0,11,0,0,0,0,0,14,0,0,0,0,0,0,0,0,0,3,0,0,0,0,0,0,0,0,0,0,0,0,3,4,0,3,0,0,0,10,0,0,3,14,8,21,95,137,105,383,0,0,0,0,0,0,0,0,0,3,0,0,0,8,0,0,0,0,0,8,0,0,0,0,0,0,3,0,0,5,0,4,12,82,9,0,0,0,0,109
1017,0,0,0,0,3,0,0,0,0,4,0,0,0,10,8,5,4,0,0,19,0,0,0,0,0,0,0,0,0,0,0,0,0,0,0,0,0,0,0,4,0,0,0,7,11,22,37,30,10,119,0,0,0,0,0,5,0,0,0,5,0,0,0,0,0,0,0,0,0,3,0,0,0,0,0,3,15,5,8,32,0,0,0,0,0,0,0,0,0,0,0,0,0,0,0,0,0,0,0,0,0,8,0,16,0,0,0,0,0,23,0,0,0,0,3,6,0,0,0,4,0,0,0,0,0,0,0,0,0,0,0,0,0,0,0,0,0,0,0,0,0,0,0,0,0,4,0,0,0,3,0,0,0,0,0,0,0,0,0,0,0,0,0,0,0,0,0,0,0,0,0,0,0,4,0,0,0,0,0,4,0,0,0,0,0,0,0,0,0,0,0,0,0,0,0,0,0,0,0,5
1018,0,0,0,3,0,0,0,0,0,4,0,0,0,22,4,3,4,3,0,33,0,0,0,5,0,0,4,0,0,7,0,0,0,6,0,0,0,0,0,11,0,3,7,37,48,73,61,42,28,300,0,0,0,0,0,0,0,0,0,10,0,0,0,7,0,0,5,5,0,16,0,0,0,14,11,8,18,8,0,58,0,0,0,0,0,0,0,0,0,0,0,0,0,6,4,0,0,0,0,6,3,5,3,37,0,8,7,3,0,67,0,0,0,3,4,0,0,0,0,13,0,0,0,3,0,0,0,0,0,7,0,0,0,0,0,0,0,0,0,0,0,0,0,5,0,3,0,0,0,10,0,0,0,7,0,3,10,15,17,46,0,0,4,12,9,5,0,0,0,31,0,0,0,15,0,0,0,0,0,12,0,0,0,0,0,0,0,0,0,0,0,0,0,6,9,3,0,0,0,18
1019,0,0,0,4,0,5,0,0,0,8,0,0,0,3,7,0,8,0,0,20,0,0,0,0,0,0,0,0,0,8,0,0,0,0,0,0,0,0,0,0,0,0,0,7,12,37,39,29,15,144,0,0,0,0,5,0,0,0,0,6,0,0,0,0,0,0,0,4,0,6,0,0,0,0,0,0,8,3,0,21,0,0,0,0,4,0,3,0,0,3,0,0,0,0,0,4,4,0,0,10,0,0,0,14,4,3,0,4,0,33,0,0,0,3,3,0,0,0,0,3,0,0,0,0,0,0,0,0,0,0,0,0,0,0,0,0,0,0,0,0,0,0,0,3,0,0,0,0,3,12,0,0,0,0,0,3,5,5,0,17,0,0,0,0,0,0,0,0,0,0,0,0,0,0,0,0,0,0,0,4,0,0,0,4,0,0,0,0,0,5,0,0,0,0,3,5,3,0,0,11
1020,0,0,0,0,0,0,0,0,0,0,0,0,0,6,4,6,0,0,0,13,0,0,0,0,0,0,0,0,0,4,0,0,0,0,0,0,0,0,0,3,0,6,11,23,44,61,61,26,7,246,0,0,0,5,0,3,0,0,0,8,0,0,0,3,0,0,0,0,0,3,0,0,0,4,0,4,5,8,0,21,0,0,0,0,0,0,0,0,0,4,0,0,0,0,0,0,0,0,0,0,0,0,0,3,0,0,0,0,0,13,0,0,0,3,0,3,0,0,0,8,0,0,0,0,0,0,0,0,0,0,0,0,0,0,0,0,0,0,0,0,0,0,0,3,0,0,0,0,0,5,0,0,0,0,0,0,0,0,0,4,0,0,0,0,0,0,0,0,0,5,0,0,0,3,5,0,0,0,0,4,0,0,0,0,0,0,0,0,0,0,0,0,0,7,7,8,3,0,0,22
1021,0,0,0,3,0,0,0,0,0,9,0,0,6,9,0,5,3,6,0,28,0,0,0,0,0,0,0,0,0,3,0,0,0,0,0,0,3,0,0,10,0,9,11,35,59,121,90,115,45,475,0,0,0,4,5,6,7,0,0,25,0,0,0,0,0,0,3,0,0,6,0,0,0,4,0,11,13,9,6,43,0,0,0,0,0,0,6,0,0,7,0,0,0,4,0,3,0,0,0,11,0,3,5,18,0,0,10,4,4,43,0,0,0,0,0,3,3,3,0,14,0,0,0,0,0,0,0,0,0,7,0,0,0,0,0,0,3,0,0,8,0,0,5,3,3,4,4,3,0,30,0,0,0,10,0,7,4,3,0,22,0,0,0,5,4,0,0,0,0,13,0,0,0,10,3,0,0,0,0,19,0,0,0,0,5,0,0,6,0,6,0,0,0,3,6,4,7,4,3,18
1022,0,0,0,0,0,0,0,0,0,0,0,0,4,3,0,0,0,0,0,9,0,0,0,0,0,0,0,0,0,0,0,0,0,0,0,0,0,0,0,0,0,5,5,13,26,31,27,25,14,140,0,0,0,0,3,0,0,0,0,4,0,0,0,6,0,0,3,0,0,6,0,0,0,8,0,3,9,6,0,24,0,0,0,0,0,0,0,0,0,3,0,0,0,0,0,0,0,0,0,0,0,0,0,9,5,0,3,3,0,22,0,0,0,3,0,0,0,0,0,8,0,0,0,0,0,0,0,0,0,0,0,0,0,0,0,0,0,0,0,0,0,0,0,6,3,0,5,0,3,16,0,0,0,0,0,0,0,0,0,0,0,0,0,0,3,0,0,0,0,8,0,0,0,8,0,0,0,0,0,11,0,0,0,0,0,0,0,0,0,3,0,0,0,3,0,5,0,0,0,7
1023,0,0,0,0,0,0,0,0,0,0,0,0,0,12,5,0,0,0,0,20,0,0,0,0,0,0,3,0,0,3,0,0,0,0,0,0,0,0,0,0,0,0,0,7,15,15,13,4,0,61,0,0,0,0,3,0,4,0,0,8,0,0,0,0,0,0,0,0,0,3,0,0,0,0,0,0,0,0,0,3,0,0,0,0,0,0,0,0,0,0,0,4,0,0,0,0,0,0,0,4,0,0,7,29,0,0,0,0,0,42,0,0,0,0,0,0,0,0,0,6,0,0,0,0,0,0,0,0,0,0,0,0,0,0,0,0,0,0,0,0,0,0,0,0,0,0,0,3,0,4,0,0,0,0,0,0,0,0,4,4,0,0,0,0,3,0,0,0,0,0,0,0,0,0,0,0,0,0,0,0,0,0,0,0,0,0,0,0,0,0,0,0,0,0,4,5,0,0,0,9
1024,0,0,0,3,0,4,7,5,0,12,0,5,4,12,8,0,4,3,4,42,0,0,0,0,0,4,10,11,3,34,0,0,0,0,0,0,7,0,0,8,5,14,14,63,98,152,223,190,54,823,0,0,0,3,4,3,0,0,0,10,0,0,0,6,0,0,3,5,0,21,0,0,0,9,0,9,44,22,13,97,0,0,0,0,0,9,3,9,0,17,0,0,0,5,0,0,0,0,0,5,0,0,0,28,0,0,0,5,0,41,0,0,0,8,4,4,0,0,0,15,0,0,0,0,0,0,0,0,0,0,0,0,0,0,0,0,0,0,0,0,0,3,4,4,6,8,7,7,6,37,0,0,0,4,0,11,14,10,9,45,0,3,0,5,6,0,0,0,0,20,0,0,0,0,0,0,0,0,0,9,0,0,0,0,0,3,5,0,0,6,0,0,0,4,4,8,3,0,3,24
1025,0,0,4,37,22,16,13,4,0,100,0,37,96,582,216,166,100,35,12,1240,0,0,5,18,21,44,27,45,14,168,5,6,8,31,7,14,22,12,3,103,23,162,295,966,755,1016,1117,786,307,5434,0,3,10,59,29,47,30,10,3,197,0,5,7,66,26,26,10,10,0,153,0,8,25,144,72,92,334,230,67,973,0,5,3,10,18,20,71,97,56,266,0,16,66,93,19,57,32,6,5,299,11,124,141,1006,176,94,74,54,12,1697,3,7,30,138,69,25,20,7,4,307,3,14,14,117,15,9,3,4,0,176,0,18,10,32,8,3,0,0,0,72,0,29,23,124,66,48,49,28,16,384,0,4,7,56,26,57,127,117,112,501,4,12,14,88,48,18,15,7,9,205,0,9,46,231,67,33,9,4,3,409,0,0,7,17,13,7,6,0,0,54,4,13,63,209,84,100,73,28,4,566
1026,0,0,0,0,0,5,3,3,0,17,0,4,7,31,14,10,8,0,0,78,0,0,0,0,0,6,0,6,5,15,0,0,0,0,0,3,3,0,0,7,0,10,20,68,74,164,151,153,63,700,0,0,0,0,0,7,3,0,4,17,0,0,0,4,0,7,0,0,3,13,0,0,0,5,12,13,25,13,10,75,0,0,0,0,0,0,5,3,0,9,0,3,0,0,0,3,0,0,0,10,0,16,16,120,20,8,14,4,0,198,0,4,0,12,0,3,0,4,0,30,0,0,0,11,0,0,0,0,0,12,0,0,0,4,0,0,0,0,0,3,0,0,0,3,5,6,0,4,0,20,0,0,0,3,0,7,6,4,0,28,0,0,0,3,3,0,0,0,0,12,0,0,0,13,0,3,4,0,0,22,0,0,0,3,0,5,4,0,0,10,0,0,5,6,0,6,0,0,0,16
1027,0,0,0,0,0,0,0,0,0,0,0,0,0,39,13,9,13,6,5,98,0,0,0,0,0,0,7,3,0,10,0,0,0,0,0,0,0,0,0,3,4,5,14,55,37,79,61,63,23,349,0,0,0,8,7,7,4,0,0,25,0,0,0,6,3,4,0,0,0,9,0,0,5,13,6,3,11,15,11,66,0,0,0,0,0,0,3,0,4,12,0,0,0,7,4,4,3,0,0,22,3,20,14,154,19,11,6,5,0,235,0,0,0,16,4,0,0,0,0,23,0,0,0,4,0,0,0,0,0,7,0,3,3,3,0,0,0,0,0,12,0,0,0,4,0,0,0,0,0,11,0,0,0,0,0,3,12,11,4,42,0,0,0,8,5,8,0,0,0,19,0,7,5,28,4,0,0,0,0,39,0,0,0,0,0,5,0,0,0,6,0,0,0,11,6,5,3,0,0,27
1028,0,0,0,0,4,0,3,0,0,11,3,0,4,32,12,14,5,0,3,80,0,0,0,0,0,0,8,6,4,14,0,4,0,3,3,4,9,0,0,20,0,25,31,102,138,176,238,293,129,1134,0,0,0,3,5,4,0,4,0,23,0,6,0,10,11,0,5,4,0,33,0,0,3,18,10,14,23,37,12,120,0,0,0,5,0,0,0,0,4,9,0,0,0,9,5,7,4,0,0,25,0,12,8,91,18,7,10,7,0,147,0,0,0,12,9,3,0,4,0,32,0,0,0,4,0,0,3,0,0,10,0,0,0,3,0,0,0,0,0,3,0,4,0,11,11,9,11,12,5,58,0,0,0,0,7,3,10,6,5,37,0,5,4,14,8,0,0,0,0,28,0,0,0,18,5,5,0,0,0,29,0,0,0,0,0,4,0,0,0,4,0,0,0,10,4,9,3,0,0,29
1029,0,0,0,0,0,0,0,0,0,3,0,0,0,5,7,0,0,0,0,18,0,0,0,0,0,0,0,0,0,0,0,0,0,0,0,0,0,0,0,0,0,5,4,31,21,31,20,16,11,130,0,0,0,8,0,0,0,0,0,13,0,0,0,0,0,0,0,0,0,0,0,0,0,0,0,0,3,0,0,12,0,0,0,0,0,0,0,0,0,0,0,0,0,0,0,0,0,0,0,3,0,0,9,17,5,6,0,0,0,37,0,0,0,3,0,0,0,0,0,4,0,0,0,0,0,0,0,0,0,0,0,0,0,0,0,0,0,0,0,0,0,3,0,0,0,0,6,0,0,18,0,0,0,0,0,0,0,0,0,3,0,0,0,0,0,0,0,0,0,0,0,0,0,4,0,0,0,0,0,4,0,0,0,0,0,0,0,0,0,0,0,0,0,0,0,0,0,0,0,9
1030,0,0,0,5,0,0,7,0,0,15,0,0,0,7,8,7,4,0,0,22,0,0,0,0,6,3,15,4,3,31,0,0,0,0,0,0,7,3,0,10,3,0,5,34,34,102,139,124,48,489,0,0,0,0,0,0,3,0,0,5,0,0,0,0,0,6,0,0,0,9,0,0,0,7,7,5,21,12,14,69,0,0,0,0,0,5,11,16,7,37,0,0,0,0,0,0,0,0,0,3,0,0,0,5,0,0,5,0,0,19,0,0,0,8,0,0,3,4,0,10,0,0,0,0,0,0,0,0,0,0,0,0,0,5,0,0,0,0,0,5,0,0,0,4,0,3,3,6,0,29,0,0,0,0,0,5,9,11,3,33,0,0,0,3,3,0,0,0,0,5,0,0,0,0,0,0,0,0,0,0,0,0,0,0,0,0,0,0,0,4,0,0,0,0,0,5,0,0,0,10
1031,7,74,143,1670,1055,1165,1140,673,166,6096,323,3122,9027,54925,20385,21954,13431,5696,3102,131972,0,13,33,791,663,1264,1798,1479,545,6585,42,510,491,2271,974,1448,1836,1186,553,9311,344,2886,3669,17165,10359,10885,8685,6378,2661,63032,22,222,720,6184,3879,3730,2176,1012,233,18174,37,255,348,2680,677,404,312,174,110,4993,45,175,356,2436,1129,876,1637,1363,635,8647,13,122,266,650,605,1559,3609,5318,2115,14260,183,1117,1726,7615,3328,5264,4070,741,286,24336,1138,7035,6125,51542,8786,5584,3783,1691,619,86309,51,339,2225,8975,3237,2066,1624,678,195,19397,34,425,764,6239,1665,1526,1038,404,172,12270,46,1814,2950,9910,4401,3533,2172,976,375,26175,32,306,367,4991,1363,1060,802,569,236,9748,15,113,263,2274,971,2427,4408,4681,3082,18236,67,357,494,3606,2148,1144,443,212,87,8554,87,741,1910,11855,5731,3618,2001,930,320,27201,137,500,891,6650,6151,7352,5035,2220,763,29708,50,456,1309,6417,2779,2645,2828,1060,263,17801
1032,0,0,0,0,0,0,0,0,0,0,0,6,6,81,10,14,3,0,0,119,0,0,0,0,6,0,0,0,0,6,0,8,0,9,0,0,0,0,0,21,4,3,5,32,31,56,55,56,15,248,0,6,4,20,0,4,0,0,0,33,0,3,4,5,0,0,3,0,0,14,0,0,4,5,0,5,7,6,0,25,0,0,0,0,0,0,0,0,0,3,0,0,5,9,0,0,0,0,0,13,7,17,13,154,8,12,0,0,0,209,0,3,6,14,4,0,0,0,0,24,0,0,0,7,0,0,0,0,0,13,0,0,0,0,3,0,0,0,0,7,0,0,4,3,0,0,5,4,0,18,0,0,0,0,0,0,0,4,4,7,3,0,0,9,0,0,0,0,0,13,0,0,0,12,6,0,0,0,0,19,0,0,0,0,4,4,0,0,0,11,0,0,8,16,8,0,3,3,0,30
1033,0,0,0,0,0,0,0,0,0,0,0,0,3,12,3,8,11,0,0,39,0,0,0,0,0,4,3,0,0,3,0,0,0,0,4,0,0,4,0,8,0,5,0,17,28,57,78,70,39,287,0,0,0,4,3,5,0,0,0,11,0,0,0,0,0,0,0,0,0,8,0,0,0,0,6,5,14,3,5,33,0,0,0,0,0,0,0,0,0,0,0,0,0,3,0,0,0,0,0,4,3,9,0,52,9,5,5,0,0,82,0,0,0,0,5,0,0,0,0,4,0,0,0,0,0,0,0,0,0,0,0,0,0,0,0,0,0,0,0,5,0,0,0,0,0,0,3,0,0,11,0,0,0,0,0,0,0,5,0,4,0,0,0,0,3,0,0,0,0,10,0,0,0,3,4,0,0,0,0,5,0,0,0,0,3,3,5,0,0,10,0,0,0,7,3,0,0,0,0,17
1034,0,0,0,5,0,0,0,0,0,12,0,0,0,0,6,9,0,7,0,17,0,0,0,0,0,4,4,3,0,14,0,0,0,0,0,0,3,0,0,4,0,9,5,34,28,79,113,85,26,374,0,0,0,0,4,0,0,0,0,6,0,0,0,0,0,3,4,0,0,4,0,0,0,8,5,9,13,12,9,48,0,0,0,0,0,0,0,0,0,5,0,0,3,5,0,0,0,0,0,8,0,0,0,17,0,0,3,0,0,18,0,0,0,0,0,0,0,0,0,5,0,0,0,0,0,0,0,4,0,4,0,0,0,0,0,0,0,0,0,0,0,0,0,0,0,0,8,0,0,11,0,0,0,0,0,5,11,7,3,28,0,4,0,3,0,4,5,0,0,13,0,0,0,8,0,0,0,0,0,7,0,0,0,0,0,0,0,0,0,0,0,0,0,5,0,5,0,0,0,8
1035,0,0,0,3,0,0,0,0,0,9,0,15,10,87,17,20,8,0,0,163,0,0,0,0,0,0,0,4,0,12,0,13,0,23,3,6,6,0,0,58,4,13,17,55,35,78,67,52,31,351,0,0,5,35,0,9,4,0,0,47,0,0,0,5,0,3,0,4,0,12,0,0,0,14,3,3,18,10,9,57,0,0,0,0,0,0,0,4,4,13,0,0,0,10,5,7,4,0,0,24,5,41,35,252,35,15,7,3,0,390,4,0,0,13,0,0,0,0,0,27,0,4,7,12,3,0,4,0,0,33,7,100,111,136,33,25,16,3,0,430,0,12,6,10,8,3,6,0,4,39,0,0,0,8,0,0,8,5,10,25,0,0,0,0,0,0,0,0,0,9,0,0,4,14,3,0,0,0,0,22,0,6,0,4,0,0,0,0,0,11,7,24,10,13,10,7,3,0,0,68
1036,0,4,4,50,87,67,91,80,13,396,3,37,89,518,180,141,83,38,20,1100,0,0,0,61,60,91,114,112,55,492,4,21,3,40,8,17,30,11,9,144,12,141,203,674,816,1517,1303,1135,413,6206,0,8,7,53,22,37,24,15,4,169,0,5,8,40,19,35,17,7,6,142,6,3,9,102,67,112,290,176,106,879,0,5,7,9,15,60,111,135,89,423,0,12,12,48,18,29,14,5,0,132,11,54,131,623,86,65,63,25,16,1070,0,14,26,83,55,19,24,6,3,229,0,7,21,100,19,26,10,3,0,185,0,33,34,92,35,36,19,7,0,256,0,37,14,67,52,59,50,49,20,340,0,10,11,57,52,202,399,390,328,1439,0,11,11,60,35,20,21,8,0,162,0,11,11,106,43,23,7,5,0,205,0,9,8,92,72,92,66,30,9,377,4,16,22,77,46,41,21,14,4,237
2000,0,0,0,31,28,23,21,12,0,121,3,23,43,293,127,110,55,22,4,685,0,0,0,9,23,33,88,57,8,218,0,4,4,9,5,11,34,9,3,84,23,147,225,1018,1271,2808,3116,2001,692,11306,0,8,8,50,49,29,29,10,0,183,0,7,7,104,26,40,39,15,5,247,3,15,26,234,133,248,553,311,129,1652,0,3,0,11,19,58,84,85,30,290,0,15,11,56,15,28,15,0,3,132,8,75,98,688,79,97,92,48,9,1198,0,15,19,132,52,23,41,10,12,309,0,0,0,28,7,6,3,4,0,42,0,9,8,21,6,8,0,0,0,41,0,19,16,152,62,98,109,79,24,556,0,4,10,44,46,163,378,304,183,1128,0,9,15,99,49,30,26,6,0,234,0,6,3,53,8,5,3,0,0,81,0,0,4,15,14,11,12,3,0,58,0,32,68,392,142,121,41,12,4,809
2001,0,0,4,3,3,0,0,0,0,12,0,0,0,13,4,9,0,0,0,29,0,0,0,5,3,9,4,0,0,21,0,0,0,0,0,0,5,0,0,3,0,5,9,51,55,100,97,65,23,409,0,0,0,5,0,0,0,0,0,16,0,0,0,0,0,0,0,0,0,7,0,3,0,4,4,6,30,6,8,56,0,0,0,0,0,6,3,6,0,16,0,0,0,6,0,0,0,0,0,6,7,27,29,247,6,23,10,0,0,344,0,0,0,8,0,0,0,0,0,11,0,0,0,0,0,4,0,0,0,4,0,0,0,0,0,0,0,0,0,0,0,0,0,3,12,0,5,0,0,29,0,0,0,0,3,7,6,9,3,29,0,0,0,3,0,3,0,0,0,5,0,0,0,3,0,0,0,0,0,3,0,0,0,0,0,0,0,0,0,4,0,0,4,3,0,0,3,0,0,18
2002,0,0,0,0,0,0,0,0,0,0,0,0,0,12,8,4,0,0,0,22,0,0,0,0,0,0,0,0,0,7,0,0,0,3,0,0,0,0,0,4,0,0,3,20,22,50,68,54,17,231,0,0,0,0,0,0,0,0,0,8,0,0,0,0,0,0,0,0,0,3,0,0,0,6,0,0,10,22,3,46,0,0,0,0,0,0,0,0,0,0,0,0,0,0,0,5,0,0,0,0,0,8,7,27,3,0,5,0,0,46,0,0,0,3,0,0,0,0,0,3,0,0,0,6,0,0,0,0,0,4,0,0,0,4,0,0,0,0,0,4,0,0,3,0,0,0,0,3,0,9,0,0,0,0,0,3,6,15,3,32,0,0,0,0,0,0,0,0,0,4,0,0,3,7,0,0,0,0,0,12,0,0,0,0,0,0,0,0,0,0,0,0,4,12,5,3,0,0,0,22
2003,0,6,0,0,5,0,0,0,0,13,0,19,29,197,54,40,37,5,0,384,0,0,0,0,7,12,15,17,8,61,0,0,4,4,0,4,4,3,0,16,5,63,48,156,146,221,300,198,92,1231,0,4,4,14,8,8,3,4,0,43,0,4,4,12,7,3,5,3,0,29,0,0,9,23,12,19,53,32,17,171,0,0,0,0,0,0,7,11,3,28,0,3,5,7,3,3,0,0,0,35,3,52,140,527,48,30,19,11,0,831,0,3,8,22,10,0,7,0,3,53,0,0,7,16,3,0,5,0,0,35,0,0,4,11,8,0,0,0,0,21,0,4,6,21,18,9,17,3,10,87,0,0,0,4,4,11,21,6,20,70,0,0,3,27,17,4,3,0,7,66,0,0,3,20,5,5,0,0,0,37,0,0,0,0,0,3,0,0,0,4,0,8,12,50,23,25,9,0,0,137
2004,0,0,0,4,0,0,0,0,0,7,0,6,22,110,35,29,11,3,0,210,0,0,0,5,3,11,0,8,0,29,0,5,3,20,0,3,0,0,0,34,0,30,30,85,110,192,184,149,67,840,0,0,4,10,3,5,0,0,0,33,0,0,0,19,5,0,4,0,0,24,0,0,3,6,14,11,25,21,7,100,0,0,0,6,3,3,4,0,7,27,0,3,3,7,4,4,5,0,0,25,6,36,55,369,31,19,19,4,0,548,0,0,7,24,18,12,0,0,0,57,0,7,10,10,3,3,0,0,0,24,0,0,0,6,0,0,0,0,0,12,0,5,0,15,7,3,8,3,6,47,0,0,0,5,3,12,20,7,5,60,0,0,0,13,3,6,0,0,0,20,5,0,0,26,3,6,0,0,0,42,0,0,0,0,0,4,0,0,0,3,0,6,12,63,21,17,13,5,4,139
2005,0,0,0,0,0,0,0,0,0,0,0,0,0,0,0,0,0,0,0,4,0,0,0,5,0,0,4,0,0,9,0,0,0,0,0,0,0,0,0,0,4,6,4,18,30,38,49,35,13,203,0,0,0,0,0,0,0,0,0,3,0,0,0,7,0,0,0,0,0,10,0,0,0,0,3,10,11,3,0,35,0,0,0,0,0,0,3,0,0,6,0,0,0,0,0,0,0,0,0,0,0,0,0,12,0,0,0,3,0,17,0,0,0,3,0,0,0,0,0,5,0,0,0,0,0,0,0,0,0,0,0,0,0,0,0,0,0,0,0,0,0,0,0,3,0,0,4,0,0,5,0,0,0,0,0,0,6,0,0,10,0,0,0,6,0,0,0,0,0,8,0,0,0,0,0,0,0,0,0,4,0,0,0,0,0,0,0,0,0,0,0,0,0,6,5,7,4,0,0,13
2006,0,0,0,0,0,0,0,0,0,0,0,12,9,39,4,7,0,0,0,79,0,0,0,0,0,0,0,0,0,3,0,0,0,0,0,0,0,0,0,0,0,0,0,5,8,16,18,22,7,82,0,0,0,0,0,0,0,0,0,5,0,0,0,0,0,0,0,0,0,5,0,0,0,0,0,0,0,3,5,9,0,0,0,0,0,0,0,0,0,0,0,0,0,3,0,0,0,0,0,10,0,3,0,19,0,0,0,0,0,29,0,0,0,0,0,0,0,0,0,0,0,0,0,0,0,0,0,0,0,3,0,0,0,0,0,0,0,0,0,0,0,0,0,0,0,0,0,0,0,0,0,0,0,0,0,0,3,6,4,19,0,3,0,5,5,0,0,0,0,3,0,0,0,8,0,0,0,0,0,9,0,0,0,0,0,0,0,0,0,0,0,0,0,7,3,0,0,0,0,8
2007,0,0,0,0,0,0,0,0,0,0,0,0,0,12,0,0,0,0,0,17,0,0,0,3,0,0,0,0,0,3,0,0,0,4,0,0,0,0,0,7,0,4,4,19,15,45,73,56,21,237,0,0,0,0,0,0,0,0,0,3,0,0,0,7,0,3,0,0,0,7,0,0,0,3,0,5,10,3,8,29,0,0,0,0,0,0,0,0,0,7,0,0,0,0,0,0,0,0,0,6,0,7,4,42,7,3,4,0,4,62,0,0,0,0,5,0,0,0,0,8,0,0,0,6,0,0,0,0,0,6,0,0,0,0,0,0,0,0,0,0,0,3,0,9,3,0,6,4,0,17,0,0,0,0,0,0,5,8,5,16,0,0,0,4,0,0,0,0,0,6,0,0,0,4,0,0,0,0,0,4,0,0,0,0,0,0,0,0,0,0,0,0,0,5,5,4,0,0,0,18
2008,0,0,0,19,18,3,11,3,0,46,5,51,87,448,148,104,66,28,3,951,0,0,4,54,61,122,181,184,66,679,5,13,11,33,0,12,8,8,0,92,20,172,210,678,565,990,1053,749,323,4754,0,3,5,47,19,19,10,0,0,101,4,7,9,53,17,18,6,4,5,114,3,10,7,110,45,69,270,149,106,769,0,4,0,11,7,31,54,68,29,213,0,20,12,66,15,20,14,0,0,151,20,99,229,1436,99,64,61,24,12,2042,3,7,16,103,45,9,20,4,3,212,0,21,42,123,20,23,4,6,0,245,0,14,11,54,23,15,9,4,0,123,0,24,13,114,55,47,52,29,19,359,0,0,8,36,35,92,233,212,147,777,0,19,7,66,33,12,6,0,0,149,0,11,11,74,17,5,3,0,0,120,0,6,3,14,4,19,6,3,0,58,0,24,33,159,63,73,30,10,3,390
2009,0,0,0,4,0,0,0,0,0,8,0,6,3,12,8,3,0,4,0,29,0,0,0,0,3,4,7,0,0,13,0,0,0,0,0,0,0,6,0,4,0,11,20,53,92,128,86,75,12,476,0,0,0,0,0,0,0,0,0,7,0,0,0,3,0,3,0,4,0,9,0,0,0,8,0,8,25,12,7,62,0,0,0,0,0,0,3,0,0,10,0,0,0,0,0,0,0,0,0,3,0,0,5,22,6,9,0,9,0,48,0,0,0,0,0,0,0,0,0,9,0,0,0,0,0,0,0,0,0,0,0,0,0,0,0,0,0,0,0,4,0,0,0,9,9,3,9,0,3,41,0,0,0,5,0,14,16,0,6,40,0,0,0,5,3,0,0,0,0,12,0,0,0,3,0,0,0,0,0,3,0,0,0,0,0,0,0,0,0,4,0,0,0,0,3,0,5,0,0,16
2010,0,0,0,0,0,0,0,0,0,0,0,0,0,9,7,0,0,0,0,18,0,0,0,0,0,0,0,0,0,0,0,0,0,0,0,0,0,0,0,0,0,0,5,10,5,21,18,14,10,84,0,0,0,3,0,0,0,0,0,5,0,0,0,0,0,0,0,0,0,4,0,0,0,0,0,0,4,7,4,12,0,0,0,0,0,0,0,4,0,3,0,0,0,0,0,0,0,0,0,0,6,12,0,57,11,3,0,0,0,90,0,0,0,0,0,0,0,0,0,6,0,0,0,0,0,0,0,0,0,0,0,0,0,0,0,0,0,0,0,0,0,0,0,3,0,0,0,0,0,5,0,0,0,4,0,3,3,8,6,24,0,0,0,0,0,0,0,0,0,3,0,0,0,3,0,0,0,0,0,0,0,0,0,0,0,0,0,0,0,3,0,0,0,4,0,0,0,0,0,3
2011,18,54,79,1200,820,756,721,378,70,4097,292,3529,10299,42427,13836,12130,7010,2612,1294,93423,3,10,26,725,653,1455,1763,1500,553,6677,20,346,516,1462,629,1005,1372,921,434,6719,275,2556,3646,12706,9359,11764,10593,8123,3672,62691,10,107,323,2363,1326,1130,624,260,84,6224,19,136,210,1564,480,336,303,145,108,3311,28,127,351,2063,1043,998,2343,1924,968,9847,15,217,463,1025,1202,3048,6096,8568,3385,24012,110,732,1127,5085,1745,2103,1557,296,110,12858,1037,6816,9935,70492,9030,6528,4494,1901,705,110939,52,293,1652,5697,1617,725,746,230,71,11085,43,688,1048,5516,1176,722,401,172,51,9812,28,1057,1453,5055,2089,1412,797,392,103,12391,19,280,277,3121,798,817,786,542,283,6935,15,177,315,1833,1049,3855,8175,8647,5469,29535,55,273,432,2890,1397,442,286,96,52,5925,47,321,810,4805,1415,555,228,83,18,8289,47,186,361,2251,2007,2055,1336,505,165,8909,143,1351,3199,12595,4123,4011,3523,1163,297,30408
2012,0,0,0,10,0,0,0,0,0,9,0,4,11,80,19,11,6,4,0,125,0,0,0,0,0,9,10,8,14,46,0,0,0,10,0,0,6,5,0,10,0,5,11,42,54,76,77,52,27,347,0,0,0,8,11,5,0,0,0,26,0,0,0,3,0,6,0,0,0,13,0,0,0,13,3,8,24,12,0,58,0,0,0,0,0,8,18,24,14,60,0,0,4,22,0,3,0,0,0,34,0,20,13,168,31,12,10,4,0,252,0,0,0,15,6,0,0,0,0,24,0,3,0,4,0,0,0,0,0,12,0,8,0,10,7,0,0,0,0,24,0,5,0,5,0,4,0,3,0,17,0,0,0,8,6,27,68,87,58,258,0,0,0,19,0,0,0,0,0,17,0,0,4,21,3,0,0,0,0,32,0,0,0,0,0,0,0,0,0,0,0,16,51,264,65,17,0,3,0,416
2013,0,0,0,0,0,0,0,0,0,4,0,3,0,15,8,4,3,4,0,34,0,0,0,0,0,0,7,3,4,18,0,0,0,0,0,0,0,0,0,5,0,3,3,12,24,62,101,96,37,341,0,0,0,0,0,0,0,0,0,5,0,0,0,0,0,0,0,0,0,3,0,0,0,0,5,3,35,17,12,65,0,0,0,0,0,0,4,0,5,16,0,0,0,0,0,0,0,0,0,3,0,0,3,9,4,0,4,0,0,14,0,0,0,0,0,0,5,0,0,0,0,0,0,0,0,0,0,0,0,0,0,0,0,0,0,0,0,0,0,0,0,0,0,0,0,0,6,4,6,19,0,0,0,0,0,0,10,10,13,36,0,0,0,0,0,0,0,0,0,3,0,0,0,7,0,0,0,0,0,3,0,0,0,0,0,0,0,0,0,4,0,0,0,3,8,9,0,0,0,15
2014,0,0,0,0,0,0,0,0,0,0,0,0,0,5,0,0,0,0,0,10,0,0,0,0,0,0,4,0,0,6,0,4,0,4,0,0,0,0,0,0,0,3,3,13,9,33,57,21,8,143,0,0,0,0,5,0,0,0,0,3,0,0,0,0,0,0,0,0,0,0,0,0,0,0,5,0,6,3,6,12,0,0,0,0,0,0,0,0,0,0,0,0,0,0,0,0,0,0,0,0,0,0,3,16,0,5,0,0,0,21,0,0,0,0,0,0,0,0,0,6,0,0,0,0,0,4,0,0,0,0,0,0,0,0,0,0,0,0,0,0,0,0,0,0,0,0,0,0,0,3,0,0,0,0,0,3,0,0,0,4,0,0,0,3,4,0,0,0,0,6,0,0,0,0,0,0,0,0,0,0,0,0,0,0,0,0,0,0,0,0,0,0,0,4,0,0,0,0,0,3
2015,0,0,0,0,0,0,0,0,0,3,0,0,0,14,3,7,0,0,0,21,0,0,0,0,3,0,0,8,0,13,0,0,0,5,0,0,0,0,0,5,4,5,9,22,23,49,51,48,25,227,0,0,0,5,3,0,6,0,0,10,0,0,0,0,0,0,0,0,0,0,0,0,0,4,0,0,10,7,3,28,0,0,0,0,0,0,0,0,0,4,0,0,0,4,0,0,0,0,0,3,3,4,4,50,5,3,3,0,0,73,0,0,0,4,0,0,0,0,0,7,0,0,0,3,0,0,0,0,0,3,0,0,0,0,0,0,0,0,0,4,0,0,0,9,4,0,0,5,0,20,0,0,0,0,0,0,3,14,4,23,0,0,0,0,0,0,0,0,0,4,0,0,0,4,0,0,0,0,0,4,0,0,0,0,0,0,0,0,0,0,0,0,0,8,5,9,4,0,0,34
2016,0,0,0,5,0,0,0,0,0,5,0,4,8,93,24,21,10,3,0,150,0,0,0,3,4,3,4,5,0,19,0,6,5,10,0,0,0,0,0,21,0,11,6,41,31,74,87,62,21,338,0,0,4,20,10,0,6,0,0,41,0,0,0,3,0,5,0,0,0,11,0,0,3,12,4,4,18,11,3,48,0,0,5,7,5,0,17,24,17,73,4,0,3,12,0,0,0,0,0,26,5,49,53,585,79,60,32,8,0,869,0,0,3,16,16,6,0,0,0,39,0,21,18,16,0,0,0,0,0,54,0,17,21,126,43,19,8,4,0,238,0,7,0,4,3,0,6,3,0,27,0,4,0,9,3,37,97,94,51,283,0,0,0,3,0,0,0,0,0,9,0,0,0,5,0,0,0,0,0,8,0,0,0,0,0,0,0,0,0,3,0,22,25,202,46,20,4,4,0,324
2017,0,0,0,0,0,0,0,0,0,0,0,0,8,26,4,4,3,0,0,46,0,0,0,0,0,0,0,0,0,0,0,0,0,0,0,0,0,0,0,0,0,0,7,4,10,15,12,5,5,53,0,0,0,0,4,0,0,0,0,4,0,0,0,0,0,0,0,0,0,3,0,0,0,0,0,0,0,0,0,4,0,0,0,0,0,0,0,0,0,0,0,0,0,5,0,0,0,0,0,4,0,10,4,71,4,3,0,0,0,93,0,4,0,8,5,0,0,0,0,22,0,0,0,0,0,0,0,0,0,0,0,0,0,0,0,0,0,0,0,0,0,0,0,4,0,0,0,0,0,8,0,0,0,0,0,7,13,32,14,60,0,0,0,0,0,0,0,0,0,0,0,0,0,6,0,0,0,0,0,6,0,0,0,0,0,0,0,0,0,0,0,5,8,66,11,8,0,0,0,99
2018,0,0,0,0,3,3,5,0,0,12,0,6,8,44,21,11,4,0,0,95,0,0,0,0,6,3,6,0,0,22,0,0,0,3,0,0,0,0,0,5,0,20,5,42,37,127,154,141,69,586,0,0,0,12,0,3,0,0,0,19,0,0,0,0,4,5,4,3,0,14,0,0,0,3,4,10,52,37,18,123,0,0,0,0,0,0,11,13,4,27,0,3,0,3,0,4,0,0,0,13,3,9,56,140,7,9,4,0,5,239,0,0,0,17,0,0,10,3,0,34,0,0,0,3,0,0,0,0,0,8,0,0,0,0,0,0,0,0,0,0,0,0,0,4,4,11,9,3,4,32,0,0,0,4,6,40,57,74,52,229,3,0,0,9,0,0,0,0,0,13,0,0,0,3,0,0,0,0,0,6,0,0,0,0,0,0,0,0,0,3,0,15,14,18,5,8,8,0,0,68
2019,0,0,0,0,0,0,0,0,0,5,0,0,0,6,7,4,0,0,0,16,0,0,0,0,0,0,0,3,0,10,0,0,0,0,0,0,0,0,0,0,0,6,3,26,29,42,44,31,15,195,0,0,0,0,0,0,0,0,0,3,0,0,0,3,0,0,0,0,0,8,0,0,0,0,0,0,14,9,6,33,0,0,0,0,0,0,0,0,0,8,0,0,0,0,0,0,3,0,0,3,8,0,7,44,4,0,0,0,0,70,0,0,0,7,0,0,0,0,0,7,0,0,0,0,0,0,0,0,0,0,0,0,0,0,0,0,0,0,0,0,0,0,0,0,0,0,0,0,0,8,0,0,0,4,0,11,27,38,23,109,0,0,0,6,0,0,0,0,0,12,0,0,0,0,0,0,0,0,0,3,0,0,0,0,0,0,0,0,0,0,0,4,5,12,7,7,0,0,0,40
2020,0,0,0,3,5,0,0,0,0,10,0,3,4,28,15,15,5,0,0,71,0,0,0,0,4,5,4,3,0,13,0,0,0,0,0,0,5,0,0,0,0,18,29,76,95,173,191,149,43,773,0,0,0,6,4,5,0,0,0,18,0,0,0,7,3,0,0,0,0,10,0,0,0,15,8,9,34,18,11,94,0,0,0,0,0,0,3,0,0,13,0,0,0,6,0,4,0,0,0,11,0,10,10,90,15,6,3,5,0,141,0,0,0,13,6,0,0,0,0,23,0,0,0,0,3,0,0,0,0,8,0,5,0,4,0,0,0,0,0,10,0,0,0,9,3,5,5,0,4,25,0,0,0,0,0,3,9,15,7,50,0,0,0,11,5,5,0,0,0,16,0,0,0,8,0,0,0,0,0,6,0,0,0,0,0,0,0,0,0,0,0,0,0,8,3,13,4,0,0,23
2021,0,0,0,0,0,0,0,0,0,0,0,7,10,73,16,9,8,0,0,119,0,0,0,0,0,0,0,0,0,0,0,0,3,0,0,0,3,0,0,15,0,15,7,34,27,66,71,54,23,310,0,0,0,9,0,0,0,0,0,14,0,0,0,4,4,5,0,0,0,12,0,0,0,12,0,7,13,6,4,40,0,0,0,0,0,3,0,0,0,6,0,0,0,3,0,0,0,0,0,10,0,9,7,48,8,0,0,0,0,74,0,3,3,15,5,0,0,0,0,23,0,0,0,3,0,0,0,0,0,3,0,0,0,0,0,0,0,0,0,0,0,0,4,11,4,3,3,4,0,37,0,0,0,0,0,0,0,0,0,14,0,0,0,9,7,0,0,0,0,17,0,0,0,13,0,0,0,0,0,17,0,0,0,0,0,0,0,0,0,0,0,3,5,13,6,5,0,0,0,24
3000,0,0,0,111,8,8,7,0,0,145,3,18,38,361,101,92,35,16,8,682,0,4,0,8,5,26,34,30,6,115,0,5,3,9,4,3,5,7,0,39,9,124,273,1227,1327,2708,2473,1576,381,10097,0,17,25,121,74,88,45,6,3,388,0,4,35,166,32,60,50,26,7,388,0,9,55,339,164,293,369,257,63,1557,0,0,0,8,0,6,15,19,13,62,0,11,26,67,15,31,14,4,0,176,12,49,83,686,75,68,51,37,4,1056,5,22,27,188,90,44,59,21,5,469,0,0,0,18,10,4,8,0,0,34,0,5,0,9,0,3,3,0,0,15,3,16,27,186,50,64,62,52,22,473,0,3,16,125,29,73,246,305,243,1039,0,12,20,232,90,33,17,4,4,418,4,5,22,231,18,13,0,0,0,291,0,0,0,0,3,6,0,4,0,17,5,18,13,117,74,106,58,16,9,409
3001,0,0,0,42,0,0,0,0,0,36,0,0,3,34,0,3,0,0,0,41,0,0,0,0,0,0,0,0,0,4,0,0,0,0,0,0,0,0,0,0,0,0,20,106,57,73,51,27,5,341,0,0,0,3,0,3,0,0,0,8,0,0,0,20,3,3,0,4,0,38,0,0,3,32,8,3,4,5,0,65,0,0,0,0,0,0,0,0,0,0,0,0,0,9,0,4,0,0,0,11,0,0,8,29,0,0,0,0,0,41,0,0,8,13,4,0,0,0,0,20,0,0,0,0,0,0,0,0,0,0,0,0,0,0,0,0,0,0,0,0,0,0,4,19,5,7,0,0,0,26,0,0,0,10,0,5,0,0,0,17,0,0,0,8,0,3,0,0,0,14,0,0,0,7,0,0,0,0,0,13,0,0,0,0,0,0,0,0,0,0,0,0,3,14,3,4,0,0,0,16
3002,13,41,59,380,157,156,118,59,13,993,90,920,2928,11565,3201,2678,1641,582,276,23883,0,5,8,186,146,231,198,160,65,993,9,82,100,231,50,67,99,65,27,726,182,1906,3425,8246,7455,8645,7207,5526,2020,44602,12,90,316,2137,1196,1030,703,270,60,5810,21,85,137,743,241,221,132,96,41,1712,29,80,201,1187,653,598,1078,653,257,4732,0,18,33,87,60,99,267,324,191,1080,42,306,693,1932,587,834,566,106,49,5121,204,1518,2091,15028,2217,1295,903,404,155,23823,17,132,322,1312,614,297,286,166,51,3197,6,195,305,1753,358,184,134,44,21,2995,4,131,202,525,206,98,67,21,3,1255,18,209,191,1316,535,359,359,258,136,3378,6,54,90,571,209,316,624,668,474,3006,34,183,321,1898,982,306,146,57,36,3967,37,378,704,4192,1260,416,174,64,8,7234,8,22,29,138,120,116,76,25,17,542,28,288,687,2398,1007,956,736,270,64,6441
3003,0,0,0,0,3,0,0,0,0,4,0,0,14,44,20,13,8,0,0,96,0,0,0,0,0,0,0,8,0,13,0,3,0,6,0,3,3,0,0,15,4,18,39,108,115,235,286,267,93,1171,0,0,3,21,8,15,11,3,0,62,0,0,4,7,0,4,5,5,0,30,0,0,3,15,10,18,35,48,20,152,0,0,0,0,0,0,3,0,0,0,0,0,0,22,0,5,4,0,0,31,3,17,6,101,22,3,3,11,0,168,0,0,0,19,13,4,7,5,0,50,0,0,0,6,0,0,0,0,0,10,0,3,0,5,0,0,0,0,0,10,0,0,0,13,9,7,7,11,0,44,0,0,0,8,9,3,20,20,23,76,0,0,9,23,3,0,0,0,0,38,0,5,13,76,6,0,0,0,0,97,0,0,0,0,0,0,0,0,0,6,0,0,18,69,13,15,4,0,0,128
3004,0,0,4,57,3,3,0,3,0,73,0,19,28,242,114,81,35,16,4,547,0,0,0,0,4,5,10,7,6,44,3,0,11,4,0,4,6,3,4,41,4,90,120,642,551,655,549,337,100,3038,0,8,19,50,31,20,15,7,3,156,0,11,11,87,20,20,19,9,0,184,0,10,35,144,86,91,104,82,29,579,0,0,0,0,9,3,4,9,4,34,0,3,4,65,15,27,14,6,0,147,6,69,80,520,85,49,34,12,7,855,3,12,13,95,58,27,25,3,8,246,0,0,0,10,3,6,5,0,0,30,0,0,5,0,0,0,0,0,0,4,0,15,12,54,37,19,25,16,3,181,0,6,11,76,14,37,56,59,39,301,0,33,42,490,454,121,29,21,5,1179,6,13,24,277,63,7,4,0,0,394,0,0,0,8,0,8,0,0,0,13,0,10,3,42,31,38,25,3,3,173
3005,0,0,0,4,0,0,0,0,0,4,0,0,0,37,3,6,0,0,0,42,0,0,0,0,0,0,0,0,0,0,0,0,0,0,0,0,0,0,0,0,0,0,3,22,16,23,5,3,0,77,0,0,0,8,5,0,0,0,0,13,0,0,0,0,0,3,0,0,0,3,0,0,0,3,0,0,0,0,0,8,0,0,0,0,0,0,0,0,0,0,0,0,0,0,0,0,0,0,0,0,0,7,0,41,5,0,0,0,0,55,0,0,0,7,0,3,0,0,0,17,0,0,0,0,0,0,0,0,0,0,0,0,0,0,0,0,0,0,0,0,0,0,0,8,3,0,0,0,0,11,0,0,0,0,0,0,0,0,0,0,0,0,0,4,0,0,0,0,0,3,0,0,0,6,0,0,0,0,0,6,0,0,0,0,0,0,0,0,0,0,0,0,4,12,0,0,0,0,0,20
3006,0,0,0,3,0,0,0,0,0,3,0,5,4,25,18,6,5,0,0,52,0,3,0,0,0,4,0,0,0,12,0,4,0,9,0,0,0,0,0,16,0,21,13,70,99,123,70,64,22,488,0,0,3,15,15,6,3,3,0,41,0,0,0,3,0,0,4,3,0,11,0,0,0,7,10,10,19,10,0,55,0,0,0,0,0,0,0,0,6,5,0,0,0,6,0,0,0,0,0,4,8,21,14,118,22,7,0,0,0,185,0,0,8,19,9,0,0,0,0,37,0,0,0,6,5,4,0,0,0,13,0,0,0,0,6,0,0,0,0,6,0,0,9,10,3,3,0,3,3,31,0,5,0,7,0,0,4,0,0,21,0,0,0,8,0,0,0,0,0,16,0,0,0,4,6,0,0,0,0,10,0,0,0,0,0,0,0,0,0,0,0,0,3,14,3,5,0,0,0,30
3007,3,0,15,204,57,48,33,29,6,409,28,262,459,2460,893,710,318,125,53,5301,0,0,5,54,55,107,122,98,35,477,0,15,13,52,24,39,76,57,26,312,58,631,1126,3036,2649,3135,3010,2458,1042,17133,0,10,42,208,130,130,80,53,18,667,6,31,30,248,78,79,72,52,27,620,4,11,59,404,162,219,387,377,160,1780,0,4,3,30,17,39,66,83,28,266,14,77,114,317,134,166,108,17,3,944,21,163,354,2018,265,175,148,85,36,3266,0,31,76,326,189,101,82,28,13,846,0,29,35,257,48,75,45,15,9,502,0,6,11,63,16,20,13,5,6,150,0,44,50,249,122,116,115,98,37,827,0,16,28,172,68,103,229,141,88,846,22,106,213,1253,909,392,177,68,24,3158,7,107,191,918,408,224,68,34,7,1971,0,3,4,29,31,32,26,19,5,151,4,29,94,320,200,238,148,56,20,1106
3008,0,0,0,0,0,0,0,0,0,0,0,0,0,5,4,6,0,0,0,14,0,0,0,0,0,4,3,0,0,9,0,0,0,0,0,0,0,0,0,3,0,0,12,20,46,69,68,67,19,309,0,0,0,4,4,0,0,0,0,9,0,0,0,3,0,3,5,0,0,14,0,0,0,3,3,8,9,17,5,42,0,0,0,0,0,0,0,0,0,0,0,0,0,0,0,0,0,0,0,0,0,3,0,34,4,0,0,0,0,44,0,0,0,3,0,0,5,0,0,13,0,0,0,0,0,0,0,0,0,0,0,0,0,0,0,0,0,0,0,0,0,0,0,0,0,0,4,0,0,5,0,0,0,3,0,0,0,0,0,12,0,0,0,3,5,0,0,0,0,10,0,0,0,9,0,0,0,0,0,13,0,0,0,0,0,0,0,0,0,0,0,0,0,0,4,4,0,0,0,8
3009,0,0,0,0,0,0,0,0,0,7,0,3,0,19,11,21,5,0,0,73,0,0,0,0,0,0,3,3,5,11,0,0,0,3,4,0,4,0,0,21,0,14,42,118,156,327,476,411,121,1679,0,0,3,11,9,10,4,5,0,49,0,0,0,4,0,5,3,8,0,22,0,4,5,10,9,30,76,54,33,225,0,0,0,0,0,0,4,0,0,8,0,0,0,3,4,3,0,0,0,12,6,11,6,77,12,8,4,10,0,139,0,0,0,13,9,9,3,11,0,43,0,0,0,0,0,0,0,0,0,8,0,0,0,0,0,0,0,0,0,0,0,5,4,8,10,9,11,10,3,58,0,0,0,7,3,14,7,6,0,47,0,0,3,6,6,0,4,0,0,24,0,0,3,13,0,0,0,0,0,20,0,0,0,0,4,0,0,0,0,5,0,0,0,16,5,12,16,5,0,59
3010,0,0,0,0,0,0,0,0,0,0,0,0,0,8,0,0,0,0,0,8,0,0,0,0,0,0,0,0,0,0,3,0,0,0,0,0,0,0,0,6,0,4,0,5,8,17,28,19,3,81,0,0,0,0,0,0,0,0,0,4,0,0,0,0,0,0,0,0,0,6,0,0,0,5,0,6,4,4,3,21,0,0,0,0,0,0,0,0,0,0,0,0,0,3,0,0,0,0,0,5,0,4,0,18,0,0,4,0,0,23,0,0,0,4,0,0,0,0,0,5,0,0,0,0,0,0,0,0,0,4,0,0,0,0,0,0,0,0,0,0,0,0,0,0,0,0,0,0,0,8,0,0,0,0,0,0,0,0,0,0,0,0,0,0,0,0,0,0,0,6,0,0,0,5,0,0,0,0,0,9,0,0,0,0,0,0,0,0,0,0,0,0,0,9,0,0,0,0,0,9
3011,0,0,0,4,5,0,0,0,0,12,4,0,9,83,40,20,8,8,0,180,0,0,0,0,0,3,0,3,0,12,0,0,0,9,0,0,0,0,0,13,0,35,66,155,157,192,124,99,21,849,0,3,7,35,15,6,6,3,0,77,0,0,3,8,10,5,0,0,0,29,0,4,4,29,13,31,29,22,3,125,0,0,0,0,0,0,0,0,0,8,0,0,0,6,0,0,0,0,0,8,11,25,21,190,26,6,7,4,0,305,0,5,6,26,13,0,5,0,0,56,0,0,0,14,0,0,0,0,0,17,0,0,0,4,0,0,0,0,0,4,0,5,7,32,6,6,0,0,0,55,3,3,0,10,6,6,13,8,14,60,0,4,3,16,5,4,0,0,0,26,0,0,0,33,5,0,0,0,0,32,0,0,0,0,0,0,0,0,0,0,0,0,4,26,9,10,7,0,0,52
3012,0,0,0,0,0,0,0,0,0,0,0,0,0,8,7,3,5,0,0,23,0,0,0,0,0,0,6,0,0,3,0,0,0,0,0,0,0,0,0,0,0,3,3,21,42,81,119,85,19,375,0,0,0,3,0,3,3,0,0,11,0,0,0,0,0,5,0,0,0,7,0,0,0,0,3,10,19,9,9,46,0,0,0,0,0,0,0,0,0,0,0,0,0,0,0,0,0,0,0,0,0,0,4,21,0,0,0,0,0,24,0,0,0,7,5,0,6,0,0,6,0,0,0,0,0,0,0,0,0,0,0,0,0,0,0,0,0,0,0,0,0,0,0,3,0,5,4,3,0,14,0,0,0,0,0,0,3,0,0,5,0,0,0,0,3,0,0,0,0,6,0,0,0,0,0,0,0,0,0,0,0,0,0,0,0,0,0,0,0,0,0,0,0,0,3,8,4,0,0,11
3013,0,0,0,3,0,0,0,0,0,4,0,0,0,11,5,0,0,0,0,21,0,0,0,0,0,0,0,0,0,0,0,0,0,0,0,0,0,0,0,3,0,3,5,37,20,23,15,3,8,115,0,0,6,27,12,14,3,0,0,55,0,0,0,7,3,0,0,0,0,12,0,0,0,4,0,0,0,3,0,12,0,0,0,0,0,0,0,0,0,0,0,0,0,3,0,0,0,0,0,3,0,6,0,61,0,5,0,0,0,77,0,0,0,11,0,0,0,0,0,17,0,0,0,0,0,0,0,0,0,0,0,0,0,0,0,0,0,0,0,0,0,0,0,7,0,0,0,0,0,8,0,0,0,0,0,5,6,3,0,11,0,0,0,4,0,0,0,0,0,4,0,0,0,4,0,0,0,0,0,4,0,0,0,0,0,0,0,0,0,0,0,0,0,0,0,0,0,0,0,7
3014,0,0,0,0,0,0,0,0,0,3,5,19,15,131,26,20,9,0,0,223,0,0,0,0,0,0,0,0,0,3,0,0,0,6,0,0,0,0,0,5,4,22,20,86,70,107,94,68,21,483,0,5,3,27,12,17,7,0,0,67,0,0,0,0,3,6,5,0,0,11,0,0,0,16,0,5,7,14,0,53,0,0,0,0,0,0,0,0,0,3,0,0,4,7,3,5,0,0,0,16,4,10,38,202,26,11,3,0,0,304,4,0,0,10,7,0,3,0,0,27,0,0,0,5,0,0,0,3,0,14,0,0,0,0,0,0,0,0,0,0,0,3,0,6,3,0,0,7,3,27,0,0,0,0,0,0,0,0,0,10,0,4,0,7,8,3,0,0,0,22,0,0,0,14,10,3,0,0,0,28,0,0,0,0,0,0,0,0,0,0,4,3,4,20,7,3,3,0,0,48
3015,0,0,0,39,22,8,10,9,0,96,4,21,36,250,75,67,37,16,5,512,0,0,0,14,14,24,26,19,7,107,0,0,4,8,8,3,14,17,8,67,41,476,739,1917,1981,2294,2161,1614,658,11871,0,3,11,56,40,44,39,15,3,216,0,13,22,166,46,39,45,24,17,375,3,14,27,266,152,213,309,234,87,1307,0,0,3,4,9,12,9,13,9,58,3,33,18,49,18,28,17,7,5,180,10,67,102,714,77,62,44,37,21,1134,4,12,18,100,45,20,44,15,11,277,0,6,7,43,9,4,6,6,0,80,0,0,0,0,0,0,0,0,0,11,0,25,25,131,96,73,75,53,23,502,0,18,11,103,34,48,64,45,46,371,6,12,38,170,94,42,18,0,3,386,0,20,21,282,29,11,4,0,0,368,0,0,0,0,8,4,0,0,0,19,0,6,12,86,79,75,61,11,5,333
3016,0,3,0,0,0,0,0,7,0,16,7,21,25,159,69,40,19,4,11,355,0,0,0,4,0,3,5,3,0,19,0,4,7,12,4,0,3,0,0,27,0,31,51,203,162,273,298,232,96,1363,0,0,9,40,17,17,6,0,3,100,0,0,0,13,8,0,4,0,5,30,0,4,7,24,18,23,51,37,19,175,0,0,0,3,0,3,4,0,3,15,0,0,4,23,7,6,6,0,0,47,12,56,150,562,50,41,13,7,6,889,0,0,6,23,18,4,8,0,0,64,0,0,17,30,3,11,6,9,0,76,43,329,274,311,72,40,25,13,0,1121,0,3,0,20,14,8,11,14,6,83,0,0,5,7,3,4,8,9,9,50,0,0,6,28,13,3,0,0,4,67,0,5,8,90,11,0,0,0,0,126,0,0,0,0,5,0,3,0,0,10,0,3,4,76,32,28,17,5,5,169
3017,0,0,0,8,3,0,4,0,0,15,0,9,19,122,47,29,13,9,7,248,0,0,0,5,0,6,3,4,0,14,0,3,8,12,4,3,0,0,0,32,11,60,148,350,330,450,345,269,91,2047,0,0,15,45,24,30,17,4,4,142,0,0,4,27,17,15,9,11,0,87,0,10,16,91,39,48,61,39,18,314,0,0,0,4,3,12,10,10,13,49,0,0,11,28,6,6,10,3,0,73,4,48,111,429,140,48,27,13,4,826,4,7,14,43,26,17,3,3,0,125,0,0,0,19,9,3,4,3,0,37,0,4,3,11,4,3,4,0,0,22,0,21,6,56,18,22,19,8,8,167,0,0,9,24,18,24,49,29,22,182,0,3,8,55,18,12,3,0,0,113,3,18,12,114,28,3,4,0,0,179,0,0,0,0,3,0,0,4,0,3,0,5,23,72,32,50,11,15,5,212
3018,0,0,0,0,0,0,0,0,0,5,0,0,0,3,3,4,5,0,0,13,0,0,0,0,0,0,0,0,0,0,0,0,0,0,0,0,0,0,0,0,0,0,3,7,17,31,45,54,6,158,0,0,0,3,3,0,0,0,0,6,0,0,0,0,0,0,0,0,0,5,0,0,0,3,0,6,4,6,0,18,0,0,0,0,0,0,0,0,0,0,0,0,0,0,0,0,0,0,0,0,0,0,0,13,0,0,0,0,0,21,0,0,0,3,0,0,0,0,0,8,0,0,0,0,0,0,0,0,0,0,0,0,0,0,0,0,0,0,0,0,0,0,0,0,6,0,0,0,0,4,0,0,0,0,0,0,0,0,0,0,0,0,0,0,7,0,0,0,0,5,0,0,0,19,0,0,0,0,0,21,0,0,0,0,0,0,0,0,0,0,0,0,0,0,0,0,0,0,0,0
3019,0,0,0,0,0,0,0,0,0,4,0,0,0,14,3,0,0,0,0,11,0,0,0,0,0,0,4,0,0,5,0,0,0,0,0,0,0,0,0,0,0,15,16,53,64,77,43,46,26,339,0,0,0,0,0,0,0,0,0,3,0,0,0,0,0,3,0,5,0,16,0,0,0,7,3,11,11,7,0,46,0,0,0,0,0,0,0,0,0,0,0,0,0,0,0,0,0,0,0,0,0,0,0,4,0,4,0,3,0,9,0,0,0,0,6,0,0,0,3,8,0,0,0,0,0,0,0,0,0,0,0,0,0,0,0,0,0,0,0,0,0,6,0,10,4,0,0,0,0,20,0,0,0,0,0,0,0,0,0,7,0,0,0,8,5,0,0,0,0,10,0,0,0,0,0,0,0,0,0,4,0,0,0,0,0,0,0,0,0,3,0,0,0,7,3,0,0,0,0,12
4000,0,0,4,0,3,5,5,0,0,10,0,9,16,130,39,43,14,0,0,256,0,0,0,4,4,7,16,14,3,47,0,0,0,5,0,0,6,0,0,10,3,39,134,412,740,1902,1602,1004,317,6161,0,0,3,17,4,10,3,0,4,49,0,0,3,28,12,13,11,7,0,90,0,0,9,86,47,110,183,134,58,618,0,0,0,3,4,21,51,88,32,207,0,4,4,31,11,9,7,0,0,59,8,28,50,268,51,59,31,17,8,521,0,5,9,64,27,10,8,0,6,126,0,0,4,12,3,0,0,0,0,22,0,0,0,0,0,0,0,0,0,3,0,3,8,46,16,24,19,15,5,139,0,10,0,21,11,33,57,57,36,227,0,0,9,29,14,8,5,0,0,60,0,0,0,32,3,0,4,0,0,45,0,0,0,3,5,0,0,0,4,11,0,12,23,120,30,24,15,0,0,226
4001,0,10,16,135,74,87,51,33,9,411,57,541,1846,7268,1789,1357,865,276,117,14103,0,4,6,167,130,273,326,270,138,1308,12,80,61,232,57,61,107,98,45,753,73,865,1910,4050,5294,9800,8063,6199,3022,39274,0,19,30,201,114,122,81,36,11,617,9,45,22,254,107,120,71,46,39,722,17,32,75,487,331,501,1187,928,570,4130,3,21,58,124,114,420,1069,1450,764,4021,30,108,382,866,182,215,206,32,11,2026,197,1476,2384,12365,1594,758,570,266,115,19712,3,67,136,614,200,102,93,33,16,1269,18,178,348,1228,307,210,126,61,26,2491,0,45,90,320,130,86,34,14,5,729,0,68,66,273,198,226,222,192,140,1380,3,43,80,324,243,869,2310,2463,1735,8070,12,42,83,485,291,84,48,23,20,1088,6,103,284,1095,397,99,24,5,6,2015,10,26,41,230,137,180,156,89,33,888,34,298,655,1861,622,497,491,200,41,4692
4002,0,0,0,0,0,0,0,0,0,0,0,0,7,15,3,5,0,0,0,33,0,0,0,0,0,0,0,3,0,6,0,3,0,0,0,0,0,0,0,9,0,13,8,38,32,110,94,63,31,388,0,0,0,0,0,0,0,0,0,7,0,0,0,0,0,0,0,0,0,8,0,0,0,0,0,5,25,14,16,66,0,0,0,0,0,0,0,3,6,15,0,0,0,0,3,0,0,0,0,6,0,0,11,48,0,3,0,4,0,74,0,0,0,4,3,0,3,0,0,10,0,0,0,0,0,4,0,0,0,8,4,0,4,7,0,0,0,0,0,18,0,0,0,5,0,0,0,0,0,7,0,0,0,0,0,6,20,23,19,68,0,0,0,0,0,0,0,0,0,7,0,0,0,0,0,0,0,0,0,0,0,0,0,0,0,0,0,0,0,0,0,0,3,5,3,3,4,6,0,24
4003,0,0,0,0,0,0,0,0,0,0,5,10,4,48,17,15,0,0,0,99,0,0,0,0,0,0,0,0,0,6,0,0,0,0,0,0,0,0,0,0,0,0,5,7,26,68,64,61,27,260,0,0,0,0,0,0,0,0,0,6,0,0,0,0,3,0,0,3,0,6,0,0,0,5,0,8,15,8,4,45,0,0,0,0,0,0,0,0,0,0,0,0,0,0,0,0,0,0,0,0,3,11,6,20,5,0,4,0,0,48,0,0,0,4,0,0,0,0,0,6,0,0,0,0,0,0,0,0,0,0,0,0,0,0,0,0,0,0,0,0,0,0,0,0,0,0,0,0,0,0,0,0,0,0,0,4,13,17,10,48,0,0,0,0,0,0,0,0,0,4,0,0,0,5,0,0,0,0,0,8,0,0,0,0,0,0,0,0,0,6,0,0,0,7,3,3,0,0,0,16
4004,0,0,0,0,0,0,0,0,0,0,0,0,0,10,6,0,0,0,0,20,0,0,0,0,0,0,0,0,0,0,0,0,0,0,0,0,0,0,0,0,0,0,0,10,9,32,34,21,11,108,0,0,0,4,0,0,0,0,0,5,0,0,0,0,0,0,0,0,0,6,0,0,0,4,0,0,12,5,0,26,0,0,0,0,0,0,0,0,0,0,0,0,0,0,0,0,0,0,0,0,0,5,5,62,5,3,3,0,0,85,0,0,0,0,0,0,0,0,0,0,0,0,0,0,0,0,0,0,0,0,0,0,0,0,0,0,0,0,0,0,0,0,0,0,0,3,0,0,0,5,0,0,0,0,0,0,0,3,6,18,0,0,0,0,0,0,0,0,0,0,0,0,0,0,0,0,0,0,0,0,0,0,0,0,0,0,0,0,0,0,0,0,0,6,0,0,0,0,0,4
4005,0,0,0,0,0,0,0,0,0,0,0,0,0,4,0,0,0,0,0,3,0,0,0,0,3,4,12,11,3,27,0,0,0,0,0,0,0,0,0,0,0,8,0,14,25,67,52,40,14,213,0,0,0,3,0,0,0,0,0,8,0,0,0,0,0,0,0,0,0,9,0,0,0,3,0,8,8,8,3,34,0,0,0,0,0,0,0,0,3,3,0,0,0,5,0,0,0,0,0,5,0,0,6,16,0,0,0,0,0,30,0,0,0,3,0,0,0,0,0,7,0,0,0,0,0,0,0,0,0,0,0,0,0,0,0,0,0,0,0,0,0,0,0,0,0,0,3,0,0,7,0,0,0,0,0,0,6,4,0,10,0,0,0,0,0,0,3,0,0,5,0,0,0,4,0,0,0,0,0,6,0,0,0,0,0,0,0,0,0,0,0,0,0,4,0,0,0,0,0,7
4006,0,0,0,0,0,0,0,0,0,0,0,0,0,3,0,0,0,0,0,10,0,0,0,0,0,0,0,0,0,0,0,3,0,3,0,0,0,0,0,4,0,0,4,3,19,45,39,27,10,148,0,0,0,3,0,0,0,0,0,4,0,0,0,0,0,0,0,0,0,0,0,0,0,0,0,3,16,3,0,25,0,0,3,0,0,0,6,11,0,10,0,0,0,0,0,0,0,0,0,3,0,0,4,11,6,0,0,0,0,19,0,0,0,0,0,3,0,0,0,3,0,0,0,0,0,0,0,0,0,0,0,0,0,0,0,0,0,0,0,0,0,0,0,0,0,0,0,0,0,5,0,0,0,0,0,0,7,21,10,42,0,0,0,0,0,0,0,0,0,0,0,0,0,0,0,0,0,0,0,0,0,0,0,0,0,0,0,0,0,0,0,0,0,6,0,0,0,0,0,6
4007,0,3,0,0,0,0,0,0,0,0,0,0,0,5,8,0,5,4,0,24,0,0,0,0,0,0,5,0,0,6,0,0,0,0,0,0,0,0,0,0,0,14,11,56,91,317,544,458,183,1677,0,0,0,3,0,0,0,0,0,5,0,0,0,0,0,0,0,0,0,8,0,0,3,5,4,26,43,38,20,138,0,0,0,0,0,3,0,0,0,6,0,6,0,3,0,0,0,0,0,4,0,0,0,16,0,0,5,0,0,25,0,0,0,4,3,0,3,0,0,7,0,0,0,0,0,0,0,0,0,4,0,0,0,0,0,0,0,0,0,0,0,0,0,4,3,8,7,16,5,37,0,0,0,6,0,3,8,0,5,21,0,0,0,4,7,0,3,0,0,10,0,0,0,5,0,0,0,0,0,6,0,0,0,0,0,0,0,0,0,0,0,0,0,0,5,0,4,3,0,14
4008,0,0,0,3,0,0,0,0,0,6,0,4,4,14,3,5,0,0,0,30,0,0,0,0,0,4,4,10,0,20,0,0,0,4,0,0,0,0,0,8,0,0,7,14,69,256,156,146,57,694,0,0,0,4,0,3,0,0,0,8,0,0,0,0,0,0,3,0,0,3,0,0,0,7,3,13,24,14,5,59,0,0,0,0,0,0,4,11,0,15,0,0,0,0,0,0,0,0,0,0,0,3,6,47,5,5,0,0,0,74,0,0,0,6,3,0,0,0,0,14,0,0,0,0,0,0,0,0,0,0,0,0,0,0,0,0,0,0,0,0,0,0,0,3,4,4,0,3,6,17,0,0,0,0,0,0,8,11,7,26,0,0,0,0,0,0,0,0,0,3,0,0,0,5,0,0,0,0,0,8,0,0,0,0,0,0,0,0,0,0,0,0,0,4,0,0,5,3,0,12
5000,0,0,4,27,9,3,5,0,0,49,0,7,15,119,55,26,8,4,0,229,0,0,0,9,4,7,11,5,0,50,0,0,0,6,0,0,10,0,0,15,4,68,191,1093,1220,2187,1658,1006,291,7712,0,5,3,22,12,12,3,0,0,63,0,5,13,137,21,23,13,10,0,228,0,6,34,226,105,105,166,79,17,746,0,0,0,4,3,4,0,6,0,24,0,0,6,31,10,15,6,0,0,65,6,24,12,178,30,49,37,34,10,386,0,19,7,139,61,23,25,5,3,282,0,0,5,13,4,0,0,0,0,19,0,0,0,0,0,0,0,0,0,6,0,11,21,177,50,58,42,36,7,400,4,3,5,104,12,36,91,83,43,384,0,3,0,70,23,10,9,0,0,120,0,6,3,58,3,5,0,0,0,69,0,0,0,0,0,0,3,0,0,5,4,3,16,98,44,54,30,12,0,256
5001,0,0,0,0,0,0,0,0,0,0,0,0,3,29,4,15,0,0,0,47,0,0,0,0,0,5,0,0,0,7,0,0,0,0,0,0,0,0,0,3,0,12,31,119,155,318,321,298,119,1376,0,0,0,0,5,0,0,0,0,3,0,0,0,9,3,0,0,0,0,14,0,0,4,21,8,15,40,19,10,118,0,0,0,0,0,0,0,0,0,4,0,0,0,6,0,0,0,0,0,10,0,0,0,27,9,0,10,3,0,58,0,0,4,25,6,3,9,0,0,51,0,0,0,0,0,0,0,0,0,8,0,0,0,0,0,0,0,0,0,0,0,0,0,9,0,4,4,11,3,36,0,0,0,8,4,3,13,21,10,64,0,0,0,10,3,0,0,0,0,17,0,0,3,4,0,0,0,0,0,12,0,0,0,0,0,0,0,0,0,0,0,0,3,14,3,4,4,5,0,30
5002,0,0,0,14,0,0,0,0,0,14,0,0,8,56,0,0,0,0,0,61,0,0,0,0,0,0,0,0,0,0,0,0,0,0,0,0,0,0,0,0,3,7,12,81,50,55,22,11,0,232,0,0,0,0,0,0,0,0,0,0,0,0,0,27,0,4,0,0,0,28,0,0,5,22,9,9,0,5,0,53,0,0,0,0,0,0,0,0,0,0,0,0,0,6,0,0,0,0,0,9,0,3,0,16,0,5,5,0,0,30,0,0,0,9,0,0,0,0,0,15,0,0,0,0,0,0,0,0,0,3,0,0,0,0,0,0,0,0,0,0,0,0,0,21,3,0,0,0,0,25,0,0,0,14,4,3,0,0,0,22,0,0,0,14,7,0,0,0,0,17,0,0,0,7,0,0,0,0,0,5,0,0,0,0,0,0,0,0,0,0,0,0,0,10,0,6,4,0,0,13
5003,0,0,0,5,4,0,0,0,0,8,0,4,13,66,32,17,3,0,0,135,0,0,0,0,0,3,3,0,0,11,0,0,0,5,0,0,0,0,0,10,5,43,106,290,326,550,413,310,111,2164,0,0,0,4,0,0,0,0,0,7,0,0,0,14,6,3,0,9,0,33,0,0,8,34,15,23,41,30,12,159,0,0,0,3,0,0,4,4,0,16,0,3,3,17,0,5,0,0,0,29,3,25,13,176,17,13,13,9,3,276,0,3,4,59,15,3,9,0,0,95,0,0,0,13,0,0,0,0,0,16,0,3,3,13,3,0,0,0,0,22,0,8,21,49,24,17,25,6,6,154,0,0,0,8,6,13,56,38,31,153,0,0,0,16,10,0,0,0,0,36,0,0,5,46,3,0,0,0,0,56,0,0,0,6,0,3,3,4,0,21,0,5,3,48,24,16,14,8,0,109
5004,0,0,0,0,0,0,0,0,0,3,0,0,0,12,7,10,0,3,0,35,0,0,0,0,0,0,4,0,0,3,0,0,0,0,0,0,0,0,0,3,0,39,34,228,250,338,407,281,108,1690,0,0,0,0,4,0,0,0,0,7,0,0,0,26,11,7,7,0,0,46,3,0,5,60,18,15,27,17,3,141,0,0,0,0,0,0,0,0,0,3,0,0,0,3,0,4,0,0,0,18,0,0,0,38,6,8,3,5,3,69,0,4,0,28,16,3,0,0,0,53,0,0,0,0,0,0,0,0,0,0,0,0,0,0,0,0,0,0,0,0,0,6,5,33,10,12,17,11,7,101,0,0,0,15,0,0,7,8,7,40,0,0,0,27,4,0,0,0,0,37,0,0,0,29,0,0,0,0,0,32,0,0,0,0,0,0,0,0,0,0,0,0,4,3,4,7,6,0,0,25
5005,0,0,0,5,0,0,0,0,0,5,0,0,0,6,0,0,0,0,0,9,0,0,0,0,0,0,0,0,0,0,0,0,0,0,0,0,0,0,0,0,0,3,7,41,23,53,44,39,14,232,0,0,0,0,0,0,0,0,0,0,0,0,0,0,0,0,0,0,0,3,0,0,0,9,3,3,6,4,0,34,0,0,0,0,0,0,0,0,0,0,3,0,0,5,0,0,0,0,0,8,0,0,0,10,0,0,0,0,0,8,0,0,0,4,6,0,5,0,0,14,0,0,0,0,0,0,0,0,0,0,0,0,0,0,0,0,0,0,0,0,0,0,0,10,0,0,0,0,0,13,0,0,0,0,0,0,4,0,0,6,0,0,0,0,0,0,0,0,0,0,0,0,0,4,0,0,0,0,0,4,0,0,0,0,0,0,0,0,0,0,0,0,0,0,3,0,0,0,0,3
5006,0,0,0,0,0,0,0,0,0,5,0,0,0,14,11,0,5,0,0,41,0,0,0,0,0,0,0,3,0,3,4,0,0,5,0,0,0,0,0,12,0,16,33,109,147,178,134,116,44,771,0,0,3,9,0,0,0,0,0,17,0,0,0,5,0,4,0,0,0,20,0,0,7,25,14,18,19,9,5,85,0,0,0,0,0,6,0,0,0,7,0,0,0,5,0,0,0,0,0,6,3,11,3,60,8,8,7,10,0,112,0,8,4,28,11,0,0,0,0,58,0,0,0,0,0,0,0,0,0,4,0,0,0,0,0,0,0,0,0,0,0,0,3,13,8,3,10,4,0,45,0,0,0,3,0,8,16,17,15,60,0,0,0,3,4,0,0,0,0,8,0,0,0,7,0,0,0,0,0,7,0,0,0,0,0,0,0,0,0,0,0,0,0,16,9,8,0,0,0,37
5007,0,0,0,12,7,5,0,0,0,28,0,0,0,42,13,4,3,0,0,57,0,0,0,0,5,3,0,0,0,15,0,0,0,5,0,0,4,0,0,7,0,11,8,75,53,85,43,16,3,299,0,4,5,26,4,4,0,0,0,49,0,0,0,7,0,0,0,0,0,14,0,0,0,12,8,0,10,0,3,37,0,0,0,0,0,0,0,0,0,6,0,0,0,0,0,0,0,0,0,9,0,11,8,105,16,4,4,9,0,161,0,0,3,27,10,4,3,0,0,46,0,0,0,11,0,0,0,0,0,12,0,0,0,4,0,0,0,0,0,4,0,5,0,23,0,3,0,4,0,39,0,0,0,0,0,5,0,0,4,15,0,0,0,0,4,0,0,0,0,4,0,0,0,11,0,0,0,0,0,16,0,0,0,0,0,0,0,0,0,0,0,0,3,15,0,3,0,0,0,25
5008,0,0,0,0,0,4,0,0,0,0,0,0,5,26,4,0,0,0,0,35,0,0,0,0,0,0,0,0,0,5,0,0,0,0,0,0,0,0,0,3,0,3,5,87,36,43,12,5,0,189,0,0,0,3,0,0,3,0,0,11,0,0,6,7,4,0,0,0,0,20,0,0,3,10,0,0,0,0,0,15,0,0,0,0,0,0,0,0,0,5,0,0,0,0,0,0,0,0,0,6,0,11,5,77,18,0,0,0,0,112,0,5,4,20,11,0,0,0,0,42,0,0,0,0,0,0,0,0,0,0,0,0,0,0,0,0,0,0,0,3,0,0,0,28,5,0,0,0,0,35,0,0,0,0,0,0,0,0,0,3,0,0,0,10,3,0,0,0,0,13,0,0,0,4,0,0,0,0,0,3,0,0,0,0,0,0,0,0,0,0,0,0,0,10,4,0,0,0,0,17
5009,6,25,56,343,169,167,116,63,14,962,53,581,1361,7267,2689,2046,1054,317,175,15537,0,19,25,334,214,434,591,351,226,2196,8,122,136,301,88,123,163,118,59,1117,181,2618,5777,15876,14311,18054,13662,9880,3741,84091,0,19,33,204,99,118,52,26,5,562,12,63,109,948,255,190,115,75,30,1801,9,97,207,1389,690,660,1004,651,211,4915,3,12,38,82,55,117,232,291,223,1039,34,163,365,1424,417,448,364,82,36,3340,241,1614,2220,15511,2762,2238,1817,1121,439,27966,62,339,703,3667,1533,800,651,220,65,8038,12,145,265,1581,396,310,191,71,36,3002,7,115,182,791,313,151,83,29,0,1676,39,408,457,3571,928,924,787,521,209,7832,11,95,156,1038,396,805,2143,1943,1404,7995,46,138,201,1372,824,307,153,63,18,3122,33,182,198,2070,519,228,99,26,3,3345,3,23,26,158,100,125,73,23,6,543,65,638,1559,6008,2668,2566,2481,905,255,17140
5010,0,0,0,0,0,0,0,0,0,0,0,0,9,30,5,0,0,0,0,43,0,0,0,0,0,0,0,0,0,3,0,0,0,0,0,0,0,0,0,0,3,7,8,55,14,47,6,3,0,139,0,0,4,0,7,0,0,0,0,11,0,0,0,4,0,0,0,0,0,7,0,0,0,9,6,0,4,0,0,18,0,0,0,0,0,0,0,0,0,3,0,0,0,0,0,0,0,0,0,0,0,14,5,60,12,4,0,0,0,92,0,8,7,34,11,4,0,0,0,65,0,0,0,5,0,0,0,0,0,6,0,0,0,0,0,0,0,0,0,0,0,0,0,20,0,4,0,0,0,22,0,0,0,0,0,0,0,0,0,3,0,0,0,0,0,0,0,0,0,0,0,0,0,3,0,0,0,0,0,8,0,0,0,0,0,0,0,0,0,0,0,4,0,15,8,0,0,5,0,28
6000,0,0,5,11,3,10,3,0,0,32,3,9,9,116,20,22,14,7,6,201,0,0,0,0,0,0,3,0,0,8,0,0,0,4,0,0,9,0,0,9,0,23,46,229,359,908,1013,633,158,3372,0,0,0,9,5,5,0,0,0,23,0,6,0,25,5,19,12,0,6,73,0,0,12,65,44,89,88,70,11,384,0,0,0,5,0,3,6,0,0,16,0,0,0,18,5,0,0,0,0,38,0,4,8,72,11,14,12,8,7,132,0,6,3,28,13,10,8,3,0,74,0,3,0,0,0,0,0,0,0,4,0,0,0,0,0,0,0,0,0,4,0,0,0,13,20,19,24,14,6,95,0,0,0,9,4,9,19,10,0,57,0,4,3,28,20,6,5,0,0,63,0,0,0,30,9,6,0,0,0,44,0,0,0,0,0,0,0,0,0,0,0,0,3,18,13,34,13,0,0,87
6001,0,0,0,0,0,0,0,0,0,5,0,0,0,21,3,3,3,0,0,33,0,0,0,0,0,0,0,3,0,4,0,0,0,11,4,0,0,0,0,11,0,4,8,24,29,95,120,103,38,419,0,0,0,0,3,4,0,0,0,10,0,0,0,0,0,0,3,0,0,9,0,0,0,0,11,10,16,11,5,46,0,0,0,0,0,0,0,0,0,0,0,3,0,5,0,5,0,0,0,13,0,7,4,49,4,7,4,3,0,76,0,0,0,8,3,0,0,0,0,16,0,0,0,0,0,0,0,0,0,8,0,5,0,7,0,0,0,0,0,11,0,0,0,0,0,0,4,3,0,21,0,0,0,0,0,0,0,0,0,7,0,0,0,4,9,0,0,0,0,10,0,0,0,3,0,0,0,0,0,5,0,3,0,0,0,0,0,0,0,4,0,0,0,8,3,3,6,0,0,28
6002,0,0,0,4,0,0,0,0,0,4,0,0,6,56,13,3,0,0,0,84,0,0,0,0,0,0,0,0,0,0,0,0,0,3,0,0,0,0,0,4,0,0,4,25,34,93,138,111,50,460,0,0,0,3,5,0,0,0,0,12,0,0,0,0,0,0,0,0,0,3,0,0,0,0,4,6,6,9,5,33,0,0,0,0,0,0,0,3,0,3,0,0,0,4,0,0,5,0,0,14,0,3,9,58,8,9,4,0,0,92,0,0,0,12,0,4,0,0,0,23,0,0,0,3,0,0,0,0,0,6,0,0,0,0,0,0,0,0,0,4,0,0,0,0,0,3,0,5,0,11,0,0,0,4,0,0,3,0,0,12,0,0,0,4,0,0,0,0,0,12,0,0,0,11,0,0,0,0,0,16,0,0,0,0,0,0,0,0,0,0,0,0,0,14,4,3,0,0,0,20
6003,0,0,0,32,18,15,11,5,5,87,14,93,267,2393,112,109,69,30,9,3084,0,0,3,7,8,12,25,21,9,80,9,3,8,7,3,7,5,3,3,46,13,89,107,388,483,796,855,701,305,3731,0,3,3,23,15,19,17,13,0,87,0,6,4,55,17,16,14,3,3,120,0,7,9,89,44,73,109,109,58,507,0,0,4,13,13,19,40,77,27,190,5,20,40,179,31,17,20,0,5,320,24,94,174,1225,73,48,32,25,13,1705,0,12,35,98,28,15,14,5,0,204,0,18,22,65,14,9,0,4,0,129,0,9,10,10,7,7,3,0,0,39,0,3,12,29,27,39,34,28,10,191,0,0,0,34,14,25,45,64,36,221,0,6,23,92,44,19,17,3,3,216,0,13,17,170,39,25,8,5,0,277,0,0,7,5,4,8,3,0,0,26,3,15,80,230,62,48,51,14,3,508
6004,0,0,0,10,3,6,3,4,0,30,0,13,52,306,27,26,12,0,0,440,0,0,0,0,0,3,0,4,0,9,0,4,3,8,0,3,0,0,0,19,0,25,33,107,120,262,324,274,137,1286,0,0,0,9,7,0,0,0,0,23,0,0,0,8,4,0,0,5,0,16,0,0,4,10,9,11,23,27,15,100,0,0,0,0,0,4,6,8,3,19,0,6,10,35,3,7,3,0,0,62,5,30,48,370,18,25,8,9,0,516,0,0,10,24,10,0,4,0,0,51,0,52,37,28,7,0,6,0,0,123,0,0,0,3,0,0,0,0,0,6,0,6,3,17,3,8,10,8,4,62,0,0,0,3,0,11,20,21,22,81,0,3,4,16,10,8,5,0,0,38,0,4,9,44,9,7,3,0,0,78,0,3,0,0,3,3,0,0,0,9,3,18,36,87,14,15,14,6,0,198
6005,0,0,0,0,0,0,0,0,0,0,0,0,0,11,0,0,0,0,0,17,0,0,0,0,0,0,0,0,0,0,0,0,0,0,0,0,0,0,0,0,0,3,5,11,21,53,55,69,24,246,0,0,0,4,0,0,0,0,0,4,0,0,0,0,0,0,0,0,0,4,0,0,0,0,0,8,6,8,0,18,0,0,0,0,0,0,0,0,0,0,0,0,0,4,0,0,0,0,0,3,0,0,0,10,0,0,4,0,0,18,0,0,0,4,0,0,0,0,0,8,0,0,0,0,0,0,0,0,0,0,0,0,0,0,0,0,0,0,0,0,0,0,0,0,5,0,3,3,0,13,0,0,0,0,0,3,0,0,0,6,0,0,0,0,0,0,0,0,0,0,0,0,0,6,0,0,0,0,0,8,0,0,0,0,0,0,0,0,0,0,0,0,0,0,0,0,0,0,0,3
7000,0,0,0,10,0,0,0,0,0,10,0,0,3,51,13,4,0,0,0,79,0,0,0,0,0,0,0,0,0,0,0,0,0,0,0,0,0,0,0,0,0,11,17,139,99,155,76,27,6,533,0,0,7,19,17,11,3,3,0,60,0,0,9,36,0,0,0,0,0,43,0,0,8,48,16,19,10,3,0,110,0,0,0,9,0,0,0,0,0,9,0,0,0,8,0,0,3,0,0,14,4,9,3,89,3,6,8,5,0,123,0,0,5,45,14,5,0,0,0,84,0,0,0,6,0,0,0,0,0,6,0,0,0,4,0,0,0,0,0,6,0,0,0,26,3,7,3,0,0,51,0,0,3,21,3,0,5,0,0,39,0,0,0,13,4,0,0,0,0,20,0,4,0,18,0,0,0,0,0,17,0,0,0,0,0,0,0,0,0,0,0,0,0,26,6,7,7,0,0,48
7001,0,0,0,3,0,0,0,0,0,9,0,0,9,91,15,3,0,0,0,123,0,0,0,0,0,0,0,0,0,0,0,0,0,4,0,5,0,0,0,9,6,16,8,72,48,79,43,26,6,306,0,0,7,14,14,5,5,4,0,45,0,0,5,22,0,3,6,0,0,33,0,0,0,23,10,14,7,0,3,62,0,0,0,4,0,0,0,3,0,3,0,0,0,14,3,4,0,0,0,29,11,29,20,308,27,31,18,0,0,448,0,0,0,36,3,4,0,0,0,45,0,0,0,4,0,0,0,0,0,5,0,0,0,0,0,0,0,0,0,0,0,0,0,21,3,11,0,0,0,30,0,0,4,3,3,3,7,6,4,35,0,0,0,11,3,0,0,0,0,20,0,0,0,20,0,0,0,0,0,24,0,0,0,0,4,0,0,0,0,4,0,0,0,14,3,9,0,0,0,28
7002,0,0,3,21,3,0,4,0,0,33,0,25,94,479,114,65,36,15,5,842,0,0,0,0,0,0,0,3,0,8,0,0,3,4,5,0,7,0,0,19,10,53,95,471,284,341,219,134,45,1654,0,9,10,70,30,17,8,3,0,149,0,6,7,68,8,8,10,12,0,116,3,4,13,110,40,38,39,38,13,299,0,30,39,125,49,78,111,66,12,504,0,6,3,70,16,25,24,0,0,150,17,146,149,1112,156,97,65,15,5,1755,6,37,61,377,180,93,61,15,4,831,0,0,5,23,5,0,0,0,0,27,0,0,0,0,5,0,0,0,0,3,0,21,17,209,16,12,11,10,0,295,0,0,3,50,13,10,26,28,7,146,0,6,8,49,32,10,3,3,0,113,0,3,6,118,20,3,0,0,0,154,0,0,0,9,0,0,0,0,0,13,0,16,19,109,45,60,52,28,7,342
8000,0,0,0,0,0,0,0,0,0,0,0,0,3,3,0,0,0,0,0,3,0,0,0,0,0,0,0,0,0,0,0,0,0,0,0,0,0,0,0,0,0,0,0,7,3,11,3,0,0,27,0,0,0,0,0,0,0,0,0,0,0,0,0,0,0,0,0,0,0,0,0,0,0,0,0,0,6,0,0,9,0,0,0,0,0,0,0,0,0,0,0,0,0,0,0,0,0,0,0,3,0,0,0,5,0,0,0,0,0,3,0,0,0,5,0,0,0,0,0,4,0,0,0,0,0,0,0,0,0,0,0,0,0,0,0,0,0,0,0,0,0,0,0,0,0,0,0,0,0,3,0,0,0,0,0,0,0,0,0,0,0,0,0,0,0,0,0,0,0,0,0,0,0,0,0,0,0,0,0,0,0,0,0,0,0,0,0,0,0,0,0,0,0,0,0,0,0,0,0,4
8001,4,12,10,126,83,84,90,48,9,462,21,136,879,3757,777,710,411,148,51,6902,0,4,12,59,57,132,269,187,81,798,0,36,23,102,20,24,32,16,8,266,27,281,537,1080,938,1371,1264,928,394,6830,0,17,54,245,115,99,59,44,3,633,3,34,44,164,73,44,28,11,13,405,3,22,51,234,135,143,320,263,112,1281,0,3,11,34,26,74,150,215,95,617,4,45,113,396,123,171,102,16,7,983,52,534,767,5491,732,477,303,124,43,8527,8,57,78,395,148,87,82,21,14,888,0,15,41,305,66,54,41,12,3,550,0,27,30,146,53,41,22,12,3,341,0,33,31,115,62,70,71,49,18,458,0,13,25,119,69,163,271,286,151,1091,8,31,53,247,156,64,44,16,10,626,16,57,143,851,207,96,41,18,5,1426,0,8,8,64,41,42,42,7,4,229,3,60,160,580,264,244,193,82,26,1614
9000,0,0,0,0,0,0,0,0,0,0,0,0,0,4,0,0,0,0,0,7,0,0,0,0,0,0,0,0,0,0,0,0,0,0,0,0,0,0,0,0,0,0,0,11,7,12,10,7,0,52,0,0,4,3,7,4,0,0,0,17,0,0,0,0,0,0,0,0,0,0,0,0,0,4,0,0,0,0,0,9,0,0,0,0,0,0,0,0,0,0,0,0,0,3,0,0,0,0,0,3,0,0,0,3,0,0,0,0,0,3,0,0,0,10,0,0,0,0,0,11,0,0,0,0,0,0,0,0,0,0,0,0,0,0,0,0,0,0,0,0,0,0,0,0,0,0,0,0,0,0,0,0,0,0,0,0,0,0,0,4,0,0,0,0,0,0,0,0,0,0,0,0,0,0,0,0,0,0,0,0,0,0,0,0,0,0,0,0,0,0,0,5,3,36,36,37,24,9,0,160
