SUA_CODE_2021,D_10_12_FPNLF_MPET,D_10_12_FPNLF_MPULFTW,D_10_12_FPNLF_MPULPTW,D_10_12_FPNLF_MPUT,D_10_12_FPNLF_MPTLF,D_10_12_FPNLF_MPNLF,D_10_12_FPNLF_MPLFSNS,D_10_12_FPNLF_T,D_10_12_FPLFSNS_MPEFT,D_10_12_FPLFSNS_MPEPT,D_10_12_FPLFSNS_MPEAW,D_10_12_FPLFSNS_MPEHNS,D_10_12_FPLFSNS_MPET,D_10_12_FPLFSNS_MPULFTW,D_10_12_FPLFSNS_MPULPTW,D_10_12_FPLFSNS_MPUT,D_10_12_FPLFSNS_MPTLF,D_10_12_FPLFSNS_MPNLF,D_10_12_FPLFSNS_MPLFSNS,D_10_12_FPLFSNS_T,D_10_12_FPT_MPEFT,D_10_12_FPT_MPEPT,D_10_12_FPT_MPEAW,D_10_12_FPT_MPEHNS,D_10_12_FPT_MPET,D_10_12_FPT_MPULFTW,D_10_12_FPT_MPULPTW,D_10_12_FPT_MPUT,D_10_12_FPT_MPTLF,D_10_12_FPT_MPNLF,D_10_12_FPT_MPLFSNS,D_10_12_FPT_T,D_13_14_FPEFT_MPEFT,D_13_14_FPEFT_MPEPT,D_13_14_FPEFT_MPEAW,D_13_14_FPEFT_MPEHNS,D_13_14_FPEFT_MPET,D_13_14_FPEFT_MPULFTW,D_13_14_FPEFT_MPULPTW,D_13_14_FPEFT_MPUT,D_13_14_FPEFT_MPTLF,D_13_14_FPEFT_MPNLF,D_13_14_FPEFT_MPLFSNS,D_13_14_FPEFT_T,D_13_14_FPEPT_MPEFT,D_13_14_FPEPT_MPEPT,D_13_14_FPEPT_MPEAW,D_13_14_FPEPT_MPEHNS,D_13_14_FPEPT_MPET,D_13_14_FPEPT_MPULFTW,D_13_14_FPEPT_MPULPTW,D_13_14_FPEPT_MPUT,D_13_14_FPEPT_MPTLF,D_13_14_FPEPT_MPNLF,D_13_14_FPEPT_MPLFSNS,D_13_14_FPEPT_T,D_13_14_FPEAW_MPEFT,D_13_14_FPEAW_MPEPT,D_13_14_FPEAW_MPEAW,D_13_14_FPEAW_MPEHNS,D_13_14_FPEAW_MPET,D_13_14_FPEAW_MPULFTW,D_13_14_FPEAW_MPULPTW,D_13_14_FPEAW_MPUT,D_13_14_FPEAW_MPTLF,D_13_14_FPEAW_MPNLF,D_13_14_FPEAW_MPLFSNS,D_13_14_FPEAW_T,D_13_14_FPHNS_MPEFT,D_13_14_FPHNS_MPEPT,D_13_14_FPHNS_MPEAW,D_13_14_FPHNS_MPEHNS,D_13_14_FPHNS_MPET,D_13_14_FPHNS_MPULFTW,D_13_14_FPHNS_MPULPTW,D_13_14_FPHNS_MPUT,D_13_14_FPHNS_MPTLF,D_13_14_FPHNS_MPNLF,D_13_14_FPHNS_MPLFSNS,D_13_14_FPHNS_T,D_13_14_FPET_MPEFT,D_13_14_FPET_MPEPT,D_13_14_FPET_MPEAW,D_13_14_FPET_MPEHNS,D_13_14_FPET_MPET,D_13_14_FPET_MPULFTW,D_13_14_FPET_MPULPTW,D_13_14_FPET_MPUT,D_13_14_FPET_MPTLF,D_13_14_FPET_MPNLF,D_13_14_FPET_MPLFSNS,D_13_14_FPET_T,D_13_14_FPULFTW_MPEFT,D_13_14_FPULFTW_MPEPT,D_13_14_FPULFTW_MPEAW,D_13_14_FPULFTW_MPEHNS,D_13_14_FPULFTW_MPET,D_13_14_FPULFTW_MPULFTW,D_13_14_FPULFTW_MPULPTW,D_13_14_FPULFTW_MPUT,D_13_14_FPULFTW_MPTLF,D_13_14_FPULFTW_MPNLF,D_13_14_FPULFTW_MPLFSNS,D_13_14_FPULFTW_T,D_13_14_FPULPTW_MPEFT,D_13_14_FPULPTW_MPEPT,D_13_14_FPULPTW_MPEAW,D_13_14_FPULPTW_MPEHNS,D_13_14_FPULPTW_MPET,D_13_14_FPULPTW_MPULFTW,D_13_14_FPULPTW_MPULPTW,D_13_14_FPULPTW_MPUT,D_13_14_FPULPTW_MPTLF,D_13_14_FPULPTW_MPNLF,D_13_14_FPULPTW_MPLFSNS,D_13_14_FPULPTW_T,D_13_14_FPUT_MPEFT,D_13_14_FPUT_MPEPT,D_13_14_FPUT_MPEAW,D_13_14_FPUT_MPEHNS,D_13_14_FPUT_MPET,D_13_14_FPUT_MPULFTW,D_13_14_FPUT_MPULPTW,D_13_14_FPUT_MPUT,D_13_14_FPUT_MPTLF,D_13_14_FPUT_MPNLF,D_13_14_FPUT_MPLFSNS,D_13_14_FPUT_T,D_13_14_FPTLF_MPEFT,D_13_14_FPTLF_MPEPT,D_13_14_FPTLF_MPEAW,D_13_14_FPTLF_MPEHNS,D_13_14_FPTLF_MPET,D_13_14_FPTLF_MPULFTW,D_13_14_FPTLF_MPULPTW,D_13_14_FPTLF_MPUT,D_13_14_FPTLF_MPTLF,D_13_14_FPTLF_MPNLF,D_13_14_FPTLF_MPLFSNS,D_13_14_FP_T,D_13_14_FPNLF_MPEFT,D_13_14_FPNLF_MPEPT,D_13_14_FPNLF_MPEAW,D_13_14_FPNLF_MPEHNS,D_13_14_FPNLF_MPET,D_13_14_FPNLF_MPULFTW,D_13_14_FPNLF_MPULPTW,D_13_14_FPNLF_MPUT,D_13_14_FPNLF_MPTLF,D_13_14_FPNLF_MPNLF,D_13_14_FPNLF_MPLFSNS,D_13_14_FPNLF_T,D_13_14_FPLFSNS_MPEFT,D_13_14_FPLFSNS_MPEPT,D_13_14_FPLFSNS_MPEAW,D_13_14_FPLFSNS_MPEHNS,D_13_14_FPLFSNS_MPET,D_13_14_FPLFSNS_MPULFTW,D_13_14_FPLFSNS_MPULPTW,D_13_14_FPLFSNS_MPUT,D_13_14_FPLFSNS_MPTLF,D_13_14_FPLFSNS_MPNLF,D_13_14_FPLFSNS_MPLFSNS,D_13_14_FPLFSNS_T,D_13_14_FPT_MPEFT,D_13_14_FPT_MPEPT,D_13_14_FPT_MPEAW,D_13_14_FPT_MPEHNS,D_13_14_FPT_MPET,D_13_14_FPT_MPULFTW,D_13_14_FPT_MPULPTW,D_13_14_FPT_MPUT,D_13_14_FPT_MPTLF,D_13_14_FPT_MPNLF,D_13_14_FPT_MPLFSNS,D_13_14_FPT_T,D_15_17_FPEFT_MPEFT,D_15_17_FPEFT_MPEPT,D_15_17_FPEFT_MPEAW,D_15_17_FPEFT_MPEHNS,D_15_17_FPEFT_MPET,D_15_17_FPEFT_MPULFTW,D_15_17_FPEFT_MPULPTW,D_15_17_FPEFT_MPUT,D_15_17_FPEFT_MPTLF,D_15_17_FPEFT_MPNLF,D_15_17_FPEFT_MPLFSNS,D_15_17_FPEFT_T,D_15_17_FPEPT_MPEFT,D_15_17_FPEPT_MPEPT,D_15_17_FPEPT_MPEAW,D_15_17_FPEPT_MPEHNS,D_15_17_FPEPT_MPET,D_15_17_FPEPT_MPULFTW,D_15_17_FPEPT_MPULPTW,D_15_17_FPEPT_MPUT,D_15_17_FPEPT_MPTLF,D_15_17_FPEPT_MPNLF,D_15_17_FPEPT_MPLFSNS,D_15_17_FPEPT_T
1000,3145,85,30,112,3251,990,8,4250,30,4,0,24,65,0,0,0,65,9,92,169,19640,3001,698,479,23820,266,102,367,24187,2015,154,26361,5727,671,142,44,6581,59,17,78,6652,292,7,6960,5048,909,151,71,6179,51,18,68,6256,351,16,6617,277,66,59,8,404,7,3,6,411,37,0,450,76,8,10,108,199,4,3,11,204,13,10,228,11127,1650,359,226,13370,117,41,161,13522,692,42,14256,49,11,3,0,64,20,0,25,85,15,0,100,87,14,0,0,107,10,11,22,126,11,0,135,137,24,7,0,169,32,12,43,209,22,0,232,11258,1678,363,231,13532,150,55,204,13740,714,42,14491,1406,311,84,68,1871,46,15,56,1932,718,10,2665,19,0,0,12,34,0,5,5,33,3,78,118,12684,1992,446,314,15436,193,76,265,15705,1437,129,17264,7006,805,167,54,8036,64,14,78,8111,448,6,8570,5516,1051,160,71,6795,60,17,73,6869,401,16,7288
1001,259,6,5,12,274,73,0,345,0,0,0,0,0,0,0,0,0,0,4,7,1883,230,46,23,2185,28,15,42,2224,163,13,2398,554,51,14,0,619,7,5,7,626,31,0,659,478,43,12,6,533,7,0,7,542,32,0,577,23,0,0,0,29,0,0,0,29,3,0,30,3,0,0,3,12,0,0,0,13,0,0,17,1060,102,22,6,1190,16,5,20,1208,69,3,1278,8,3,0,0,10,0,0,0,12,0,0,10,14,0,0,0,9,0,0,0,12,6,0,13,15,0,0,0,25,4,0,4,23,4,0,27,1074,102,22,6,1209,16,5,19,1231,71,3,1304,120,21,9,3,150,3,0,7,160,71,0,225,0,0,0,0,0,0,0,0,0,0,5,3,1196,125,28,13,1364,20,4,25,1388,141,9,1534,691,68,11,5,773,12,6,17,787,31,0,826,605,69,12,7,691,5,0,8,698,27,0,728
1002,48,3,3,4,62,41,0,105,0,0,0,0,0,0,0,0,0,0,0,0,353,67,3,4,430,3,4,10,440,76,3,522,137,15,0,0,157,0,0,0,157,4,0,156,79,13,0,0,100,0,0,0,101,8,0,113,5,0,0,0,3,0,0,0,4,0,0,4,0,0,0,4,0,0,0,0,0,0,0,0,226,28,0,6,261,4,0,4,263,17,0,278,0,0,0,0,4,0,0,0,4,3,0,6,4,0,0,0,3,0,0,0,4,0,0,4,8,0,0,0,12,0,0,0,9,3,0,13,234,32,3,6,268,4,0,3,274,14,0,289,22,7,0,0,35,6,5,7,44,20,0,64,0,0,0,0,0,0,0,0,0,0,0,0,258,39,3,6,306,5,3,10,312,34,3,355,176,18,0,0,194,3,0,0,196,16,0,214,120,20,0,0,139,0,0,0,140,5,0,144
1003,115,0,0,0,116,38,0,154,0,0,0,0,8,0,0,0,8,0,3,10,790,198,26,13,1032,7,0,8,1041,92,5,1134,230,38,0,3,270,0,0,0,270,16,0,293,221,58,5,0,290,5,0,5,292,13,0,303,18,4,5,0,22,0,0,0,22,0,0,24,6,0,0,9,8,0,0,0,8,0,0,8,468,95,12,15,596,5,0,0,595,32,0,627,0,0,0,0,5,0,0,0,5,0,0,5,4,0,0,0,3,0,0,0,9,0,0,10,0,0,0,0,7,0,0,0,5,0,0,7,469,100,12,14,595,5,0,8,604,35,0,639,36,13,4,0,51,0,0,0,51,19,0,72,0,0,0,0,0,0,0,0,0,0,6,3,508,112,17,15,651,5,0,8,658,57,3,715,273,49,8,3,338,0,4,0,346,22,0,368,256,57,8,5,332,0,0,0,332,15,0,347
1004,45,0,0,0,45,16,0,60,0,0,0,0,0,0,0,0,0,0,0,0,230,59,10,7,304,0,0,3,307,37,3,347,53,13,0,0,75,3,0,8,80,7,0,91,52,18,6,0,77,0,0,0,77,9,0,83,0,0,0,0,5,0,0,0,5,0,0,5,0,0,0,0,3,0,0,0,3,0,0,3,110,35,11,4,156,3,0,8,161,12,0,176,0,0,0,0,0,0,0,0,0,0,0,0,0,0,0,0,0,0,0,0,0,0,0,0,0,0,0,0,0,0,0,0,0,0,0,0,110,37,11,4,160,3,0,8,165,12,0,181,12,5,3,3,22,0,0,0,22,14,0,35,0,0,0,0,0,0,0,0,0,0,0,3,127,41,7,4,186,3,0,8,186,29,0,219,86,9,6,0,95,0,0,0,97,7,0,108,45,19,7,0,71,0,0,0,71,7,0,75
1005,106,0,0,4,110,33,0,144,0,0,0,0,0,0,0,0,0,0,0,0,752,96,23,5,885,12,6,19,902,59,9,962,270,31,3,0,303,0,0,0,308,7,0,313,164,25,4,0,196,0,0,0,198,10,0,207,11,0,0,0,20,0,0,0,20,0,0,18,6,0,0,0,8,0,0,0,8,0,0,8,457,57,11,0,522,3,0,3,532,14,0,545,0,0,0,0,0,0,0,0,0,0,0,0,0,0,0,0,0,3,0,3,0,0,0,0,0,0,0,0,0,3,0,3,4,0,0,4,453,57,11,0,523,7,0,7,533,14,0,550,46,11,0,0,56,0,0,0,56,17,0,70,0,0,0,0,0,0,0,0,0,0,6,6,497,68,9,0,586,6,0,6,592,29,6,626,347,37,3,0,386,6,0,6,394,12,0,399,206,30,8,0,242,0,4,4,243,9,0,251
1006,154,0,0,4,163,32,4,194,0,0,0,0,5,0,0,0,5,0,0,5,872,166,37,21,1093,5,0,6,1106,57,7,1162,214,32,8,5,255,3,0,3,263,9,0,272,228,44,9,0,278,0,0,0,278,13,0,290,12,4,0,0,18,0,0,0,18,3,0,20,3,0,0,0,3,0,0,0,3,0,0,3,456,79,21,0,557,3,0,3,558,27,0,588,0,0,0,0,4,0,0,0,3,0,0,0,4,4,0,0,7,3,0,3,10,3,0,14,7,3,0,0,13,3,0,3,14,3,0,19,460,84,21,6,569,7,0,7,574,31,0,604,74,10,5,3,91,4,0,4,95,23,3,120,0,0,0,0,0,0,0,0,0,0,0,0,537,90,22,10,656,9,0,9,667,50,3,724,265,40,7,3,317,3,0,6,325,10,0,328,237,48,3,0,290,0,0,4,291,18,0,314
1007,45,0,4,4,48,11,0,61,0,0,0,0,0,0,0,0,0,0,0,0,232,25,14,9,282,0,3,4,283,28,0,317,74,4,7,0,84,0,0,3,80,6,0,89,44,3,0,0,48,0,0,0,48,6,0,53,8,0,0,0,5,0,0,0,5,0,0,5,0,0,0,0,0,0,0,0,0,0,0,4,120,12,5,0,138,0,0,3,142,8,0,154,0,0,0,0,0,0,0,0,0,0,0,0,0,0,0,0,0,0,0,0,0,0,0,0,0,0,0,0,0,0,0,0,4,0,0,0,120,12,5,0,138,3,0,3,148,10,0,153,19,0,0,0,26,0,0,0,22,10,0,34,0,0,0,0,0,0,0,0,0,0,0,0,144,14,6,7,169,5,0,7,172,20,3,193,85,15,7,0,111,0,0,5,108,8,0,116,62,3,3,0,66,0,0,0,61,4,0,66
1008,18,0,0,3,18,3,0,24,0,0,0,0,0,0,0,0,0,0,0,3,120,48,5,0,176,3,4,4,180,20,0,197,25,0,3,0,34,0,0,0,34,6,0,33,31,18,0,0,49,0,0,0,54,12,0,61,0,0,0,0,7,0,0,0,7,0,0,7,0,0,0,0,0,0,0,0,0,0,0,0,62,19,6,0,84,0,0,0,84,7,0,100,0,0,0,0,0,0,0,0,0,0,0,0,0,0,0,0,4,0,0,0,4,0,0,4,0,0,0,0,5,0,0,0,5,0,0,5,62,24,6,0,90,0,0,0,94,7,0,103,4,0,0,0,11,0,0,0,10,3,0,12,0,0,0,0,0,0,0,0,0,0,0,0,71,26,8,0,102,0,0,3,103,16,0,118,41,8,0,0,43,0,0,0,43,0,0,43,25,12,0,0,44,0,0,0,44,3,0,50
1009,24,0,0,0,31,12,0,46,0,0,0,0,0,0,0,0,0,0,0,0,288,55,6,5,349,7,0,11,362,27,3,394,74,12,3,0,88,0,0,0,89,11,0,97,78,17,3,0,95,0,0,0,102,4,0,101,6,0,0,0,6,0,0,0,6,0,0,6,0,0,0,0,0,0,0,0,0,0,0,0,156,28,5,0,193,5,0,5,193,13,0,211,0,0,0,0,0,0,0,0,0,0,0,0,5,0,0,0,5,0,0,0,5,0,0,4,5,0,0,0,5,0,0,0,5,0,0,4,158,28,5,0,189,5,0,5,198,14,0,217,12,6,0,0,14,0,0,0,18,7,0,25,0,0,0,0,0,0,0,0,0,0,0,0,171,32,8,0,210,10,0,10,216,24,0,244,97,25,4,0,124,0,0,0,124,10,0,137,81,15,6,0,101,5,0,5,101,3,0,110
1010,1236,29,6,37,1275,292,3,1569,10,0,0,6,15,0,0,0,15,0,26,43,5916,1308,429,121,7769,110,36,142,7913,687,40,8648,1422,237,84,11,1753,24,13,37,1793,133,0,1919,1572,361,97,16,2050,21,6,26,2076,128,5,2204,223,66,62,4,355,8,0,3,356,25,0,383,24,6,0,22,50,0,0,0,55,5,7,65,3238,674,242,50,4205,55,19,72,4278,290,9,4571,21,6,0,0,26,0,0,0,30,5,0,42,27,16,0,0,44,0,4,7,50,0,0,48,46,19,3,3,72,5,4,11,78,8,0,92,3290,690,245,49,4278,55,23,78,4356,297,9,4661,566,143,45,21,774,21,10,29,808,221,4,1033,0,0,0,11,12,0,0,0,12,5,11,25,3853,837,289,80,5063,75,32,110,5172,520,26,5723,1828,345,116,4,2295,42,6,47,2343,161,0,2510,1816,422,133,14,2380,22,6,28,2411,147,9,2570
1011,197,10,4,14,213,109,3,328,6,0,0,0,7,0,0,0,7,0,5,12,1329,303,36,26,1694,32,12,43,1737,197,11,1949,405,62,9,0,473,7,3,5,480,25,0,508,339,80,11,4,422,3,0,7,433,23,0,454,7,0,0,0,9,0,0,0,9,0,0,9,4,0,0,3,11,0,0,0,11,0,0,7,748,138,15,6,917,10,5,14,933,49,0,979,9,0,0,0,8,0,0,0,11,0,0,14,12,0,0,0,12,0,0,0,12,0,0,14,17,0,0,0,20,0,0,0,21,0,0,23,772,143,15,6,933,10,5,14,956,52,0,1003,84,31,4,3,125,0,3,8,127,50,0,178,4,0,0,0,6,0,0,0,6,0,3,6,853,173,21,17,1065,9,8,23,1086,100,5,1190,490,76,9,3,581,5,4,6,590,48,0,640,388,99,9,7,498,4,0,4,505,23,0,523
1012,84,7,0,7,90,27,0,123,0,0,0,0,0,0,0,0,0,0,0,3,802,72,20,18,913,13,0,17,930,58,0,988,243,21,6,0,268,0,0,3,273,10,0,284,194,28,3,3,228,0,0,0,228,9,0,240,14,4,0,0,15,0,0,0,20,0,0,20,0,0,0,0,0,0,0,0,0,0,0,0,448,52,14,4,518,3,0,4,527,20,0,546,5,0,0,0,5,0,0,0,5,0,0,4,0,0,0,0,0,0,0,0,0,0,0,0,4,0,0,0,4,0,0,0,4,0,0,5,451,52,14,4,523,3,0,4,528,20,3,549,48,0,0,0,54,4,0,4,57,24,0,79,0,0,0,0,0,0,0,0,0,0,3,5,498,53,16,4,570,6,0,6,580,48,8,632,328,22,7,0,359,0,0,0,359,11,0,366,170,28,8,3,211,0,0,0,209,9,0,222
1013,30,0,0,7,32,21,0,50,0,0,0,0,0,0,0,0,0,0,0,0,219,38,7,5,274,5,0,9,282,47,0,331,59,8,0,0,76,0,0,0,76,11,0,81,77,13,5,0,100,0,3,3,100,0,0,100,3,0,0,0,3,0,0,0,3,0,0,3,0,0,0,0,0,0,0,0,0,0,0,0,140,27,5,0,170,0,3,3,173,9,0,182,0,0,0,0,0,0,0,0,0,0,0,0,0,0,0,0,3,0,0,0,3,3,0,3,0,0,0,0,3,0,0,0,3,3,0,3,140,24,5,0,175,0,3,3,179,13,0,185,17,4,0,0,22,6,0,4,31,14,0,43,0,0,0,0,0,0,0,0,0,0,0,0,161,34,0,0,197,8,3,6,205,26,0,231,75,12,0,0,89,0,0,0,91,5,0,99,86,30,3,0,119,0,0,0,121,11,0,131
1014,55,7,0,7,62,23,0,80,0,0,0,0,0,0,0,0,0,0,0,3,419,49,15,0,483,12,0,12,491,48,0,545,127,13,0,0,140,6,0,6,143,4,3,149,125,6,6,0,141,0,0,0,144,6,0,155,0,0,0,0,6,0,0,0,6,0,0,6,0,0,0,4,3,0,0,0,3,0,0,6,251,21,10,4,288,6,0,6,290,13,3,309,0,0,0,0,0,0,0,0,0,0,0,0,5,0,0,0,5,0,0,0,5,0,0,6,9,0,0,0,9,0,0,0,9,0,0,6,260,21,10,4,298,6,0,6,303,13,3,319,25,9,0,5,44,0,0,0,41,13,0,57,0,0,0,0,0,0,0,0,0,0,0,3,292,32,12,9,339,7,0,7,346,32,5,378,163,20,0,3,178,0,0,0,182,10,0,190,89,12,4,0,105,0,0,0,106,11,0,117
1015,58,0,3,3,60,20,0,78,0,0,0,0,0,0,0,0,0,0,0,0,275,54,3,10,346,7,3,12,352,44,0,397,89,9,5,0,105,3,0,3,104,6,0,113,66,21,0,7,90,5,0,8,98,4,0,103,9,0,0,0,10,0,0,0,10,0,0,10,0,0,0,0,4,0,0,0,4,0,0,4,165,30,3,4,205,7,0,10,213,11,4,228,9,0,0,0,9,0,0,0,9,0,0,4,0,0,0,0,0,0,0,0,0,0,0,0,9,0,0,0,5,0,0,0,5,0,0,8,170,32,3,4,212,7,0,10,216,12,4,235,23,14,0,0,31,0,0,4,37,14,0,56,0,0,0,0,0,0,0,0,0,0,0,0,192,44,3,4,244,7,0,9,253,27,3,290,96,6,0,0,103,3,0,3,108,13,0,113,80,18,5,4,106,0,0,0,106,10,0,113
1016,70,0,0,4,71,25,0,93,0,0,0,0,0,0,0,0,0,0,0,0,410,56,6,6,475,5,0,4,476,36,0,518,98,16,7,0,121,0,0,0,121,3,0,126,104,15,0,4,124,0,0,0,123,4,0,135,0,0,0,0,0,0,0,0,0,0,0,0,8,0,0,0,6,0,0,0,6,0,0,6,212,26,7,5,252,0,0,0,258,10,0,267,0,0,0,0,0,0,0,0,0,0,0,0,0,0,0,0,4,0,0,0,4,0,0,4,0,0,0,0,7,0,0,0,7,0,0,7,215,28,6,5,258,0,0,0,262,10,0,270,26,12,0,0,36,0,0,0,34,16,0,58,0,0,0,0,0,0,0,0,0,0,0,0,244,38,7,8,297,0,0,6,299,28,0,326,152,8,0,0,166,0,0,0,170,8,0,174,145,11,0,6,162,0,0,0,166,11,0,177
1017,38,5,4,8,47,30,0,78,0,0,0,0,0,0,0,0,0,0,3,4,195,51,10,10,258,6,4,12,271,50,4,325,50,19,0,0,72,0,0,0,72,4,0,79,50,3,6,0,57,0,0,0,57,12,0,68,6,0,0,0,5,0,0,0,5,0,0,9,0,0,0,0,0,0,0,0,0,0,0,0,110,21,4,0,136,0,0,0,139,17,0,154,0,0,0,0,0,0,0,0,0,0,0,0,0,0,0,0,0,0,0,0,0,0,0,0,0,0,0,0,0,0,0,0,0,0,0,0,109,21,4,0,137,4,0,4,139,17,0,152,20,3,0,0,33,6,0,6,36,21,0,57,0,0,0,0,0,0,0,0,0,0,0,0,131,28,0,5,166,0,0,0,170,44,0,212,73,8,0,0,82,0,0,0,82,11,0,90,56,15,0,0,74,0,0,0,71,7,0,85
1018,77,0,0,0,77,24,0,105,0,0,0,0,0,0,0,0,0,0,3,0,438,103,12,15,562,8,3,11,577,55,4,632,123,25,4,0,150,0,0,0,151,9,0,159,122,26,0,0,152,0,0,0,148,0,0,156,6,4,0,0,9,0,0,0,9,5,0,12,0,0,0,0,3,0,0,0,3,0,0,3,254,51,4,4,310,0,0,0,313,17,4,329,0,0,0,0,0,0,0,0,0,0,0,0,0,0,0,0,0,0,0,0,3,0,0,3,0,0,0,0,0,0,0,0,0,0,0,0,254,51,4,5,307,0,4,6,315,17,4,336,39,5,0,0,46,0,0,0,46,13,0,56,0,0,0,0,0,0,0,0,0,0,0,0,289,56,8,8,352,0,4,6,362,32,0,391,150,32,3,0,185,0,0,0,183,5,0,196,130,30,5,0,161,0,0,0,165,11,0,174
1019,47,0,0,0,47,13,0,61,4,0,0,0,4,0,0,0,4,0,0,4,178,28,9,3,212,7,0,7,219,30,0,246,40,6,0,0,49,0,0,0,52,3,0,56,48,12,0,0,56,0,0,0,60,9,0,72,8,0,0,0,3,0,0,0,9,0,0,5,0,0,0,0,0,0,0,0,0,0,0,0,93,19,0,0,112,4,0,4,119,18,0,134,0,0,0,0,0,0,0,0,0,0,0,0,0,0,0,0,0,0,0,0,0,0,0,0,0,0,0,0,0,0,0,0,0,0,0,0,94,19,0,0,115,4,0,4,117,18,0,136,14,12,0,0,25,0,0,0,25,8,0,32,0,0,0,0,0,0,0,0,0,0,5,5,110,34,0,0,143,4,0,4,144,18,5,169,60,0,0,0,65,0,0,3,69,3,0,68,55,11,3,0,60,0,0,0,60,3,0,68
1020,67,4,0,4,67,19,3,82,0,0,0,0,0,0,0,0,0,0,3,3,364,42,10,8,424,5,0,12,439,38,14,480,92,9,6,0,105,0,0,0,111,3,0,111,100,8,0,0,111,0,0,0,107,3,0,117,12,0,0,0,15,0,0,0,15,0,0,14,0,0,0,5,8,0,0,0,8,0,0,11,206,15,4,9,233,0,0,3,239,11,0,249,0,0,0,0,0,0,0,0,0,0,0,0,0,0,0,0,0,0,0,0,0,0,0,3,0,0,0,0,3,0,0,0,3,0,0,3,206,15,4,9,234,0,0,3,243,10,0,255,34,0,0,0,39,0,0,0,39,14,0,54,0,0,0,0,0,0,0,0,0,0,0,0,239,20,7,6,275,0,0,3,278,20,0,306,112,12,7,0,126,3,0,3,131,12,0,144,107,4,0,0,117,0,0,0,117,4,0,121
1021,86,0,0,0,87,21,5,112,0,0,0,0,0,0,0,0,0,0,0,0,418,90,33,10,543,11,6,11,552,65,7,624,108,6,8,0,125,0,0,0,130,6,0,140,94,49,4,0,143,0,0,0,143,9,0,154,13,3,3,0,23,0,0,0,23,0,0,23,0,0,0,0,0,0,0,0,0,0,0,3,219,57,15,0,296,0,0,0,300,14,4,320,3,0,0,0,4,0,0,0,4,0,0,4,0,0,0,0,0,0,0,0,0,0,0,0,3,0,0,0,4,0,0,0,3,0,0,3,225,61,15,0,302,0,0,6,303,14,4,325,35,6,5,0,45,0,4,0,54,23,7,78,0,0,0,0,0,0,0,0,0,0,0,0,260,64,22,4,355,6,0,7,358,40,6,403,163,15,12,0,192,0,0,0,192,6,0,200,139,39,3,0,179,3,0,0,179,11,0,192
1022,31,0,0,0,33,12,0,45,0,0,0,0,0,0,0,0,0,0,0,4,273,19,10,5,300,0,0,0,303,17,4,324,76,6,3,0,82,0,0,0,82,5,0,82,82,7,3,0,95,0,0,0,94,0,0,92,4,0,0,0,5,0,0,0,5,0,0,5,0,0,0,0,4,0,0,0,4,0,0,4,160,15,3,0,181,3,0,3,183,5,0,186,0,0,0,0,0,0,0,0,0,0,0,0,4,0,0,0,4,0,0,0,4,0,0,4,4,0,0,0,4,0,0,0,4,0,0,4,162,15,3,0,178,3,0,3,187,5,0,191,14,3,0,0,19,0,0,0,19,8,0,26,0,0,0,0,0,0,0,0,0,0,0,0,178,18,7,0,197,3,0,3,201,12,0,213,68,9,0,0,73,0,0,0,73,8,0,80,92,11,0,0,102,3,0,3,102,0,0,104
1023,47,8,0,9,52,14,0,71,0,0,0,3,3,0,0,0,3,0,0,3,241,32,14,9,294,8,5,6,297,22,4,329,65,3,0,0,67,0,0,0,67,0,0,70,62,10,0,0,73,0,0,0,73,5,0,75,6,0,0,0,8,0,0,0,9,0,0,9,0,0,0,0,3,0,0,0,3,0,0,3,130,11,0,0,147,0,0,0,150,4,0,149,0,0,0,0,0,0,0,0,0,0,0,0,4,0,0,0,3,0,0,0,3,0,0,10,4,4,0,0,3,0,0,0,3,0,0,9,132,15,0,0,153,0,0,0,150,8,0,158,26,0,0,0,31,0,0,0,33,20,0,53,0,0,0,0,0,0,0,0,0,0,0,0,161,16,0,3,178,9,0,9,185,25,0,213,95,8,0,0,100,3,0,3,99,4,0,104,84,5,0,0,90,0,0,0,90,4,0,94
1024,72,0,0,0,67,23,0,87,0,0,0,0,0,0,0,0,0,0,0,0,423,79,19,10,535,6,0,6,543,39,3,581,112,14,7,0,126,0,0,4,128,8,0,141,146,24,4,0,176,3,0,3,178,5,0,182,7,0,4,0,9,0,0,0,9,0,0,9,3,0,0,0,3,0,0,0,3,0,0,3,266,37,11,0,314,8,0,4,320,16,0,336,0,0,0,0,0,0,0,0,0,0,0,0,10,0,0,0,10,0,0,0,11,0,0,11,8,0,0,0,8,0,0,0,10,0,0,10,269,37,11,0,327,8,0,8,327,16,0,348,43,12,0,0,45,0,0,0,50,13,0,64,0,0,0,0,4,0,0,0,4,0,6,4,311,42,16,5,378,4,0,4,385,34,6,414,147,20,5,0,169,0,0,0,167,13,0,183,175,28,10,0,211,4,0,4,212,8,0,220
1025,1513,45,20,61,1572,399,6,1973,9,8,0,9,21,0,0,0,24,4,10,41,9907,1399,340,140,11775,173,45,219,11994,848,44,12893,2560,344,59,26,2993,17,3,25,3011,167,4,3183,2741,386,75,20,3219,26,10,41,3254,137,4,3397,167,27,44,3,239,0,0,0,244,18,0,257,20,8,0,22,42,6,0,6,47,0,7,51,5485,757,184,63,6493,50,22,69,6560,326,6,6890,26,8,0,0,32,7,0,7,35,10,0,41,59,10,5,0,73,3,0,5,73,3,0,76,86,11,6,0,99,12,0,6,113,10,0,121,5572,773,185,63,6592,59,17,76,6672,332,6,7012,734,132,38,8,916,26,4,30,949,299,4,1256,9,5,0,4,17,0,0,0,20,0,19,35,6312,909,228,75,7525,82,27,109,7630,634,36,8300,3176,402,85,21,3683,45,11,51,3738,217,0,3956,3181,497,86,20,3787,41,12,58,3847,152,12,4008
1026,119,3,0,5,130,54,0,181,0,0,0,0,0,0,0,0,0,0,3,3,611,100,28,12,752,12,6,19,773,91,4,869,177,12,3,0,200,0,0,3,203,13,0,214,177,32,3,0,216,0,0,3,219,12,0,229,10,3,0,0,16,0,0,0,16,0,0,16,0,0,0,6,8,0,0,0,8,0,0,8,363,50,15,9,428,5,0,7,437,23,0,462,5,0,0,0,0,0,0,0,4,0,0,4,7,0,0,0,7,0,0,0,7,4,0,11,10,0,0,0,6,0,0,0,15,4,0,14,370,50,15,9,443,4,0,9,446,31,0,475,60,11,5,0,81,5,0,5,84,43,0,132,0,0,0,0,0,0,0,0,0,0,3,8,442,66,15,7,523,7,0,10,530,74,3,612,220,17,6,3,247,0,3,3,254,20,0,272,225,24,0,0,258,3,0,0,262,13,0,274
1027,128,0,0,4,131,28,0,160,0,0,0,0,0,0,0,0,0,0,0,3,958,111,24,17,1108,6,5,18,1124,69,6,1192,291,32,3,0,327,0,0,5,331,12,0,347,246,32,3,0,281,0,0,0,285,9,0,296,10,3,0,0,18,0,0,0,18,4,0,16,3,0,0,0,5,0,0,0,5,6,0,12,547,63,13,6,632,5,0,8,635,25,3,664,3,0,0,0,4,0,0,0,9,0,0,5,7,3,0,0,9,0,0,0,12,0,0,12,6,3,0,0,11,0,0,4,12,0,0,16,558,76,13,6,646,4,4,6,653,31,3,682,59,11,5,0,79,0,0,4,79,19,0,100,0,0,0,0,0,0,0,0,0,0,4,5,617,85,14,6,721,4,7,11,734,51,11,788,355,45,6,0,404,4,4,8,407,19,0,421,214,33,7,3,253,0,0,0,253,16,0,266
1028,106,0,0,0,103,30,0,135,0,0,0,0,0,0,0,0,0,0,3,3,921,156,32,7,1121,10,0,15,1133,77,6,1221,287,40,0,0,329,7,0,7,334,21,0,355,248,51,5,0,309,4,0,4,314,16,0,330,6,3,3,0,20,0,0,0,20,0,0,20,0,0,0,3,6,0,0,0,6,0,0,6,550,96,11,5,665,10,0,10,668,37,0,705,8,0,0,0,3,0,0,0,3,0,0,5,3,0,0,0,7,0,0,0,6,4,0,9,6,3,0,0,13,0,0,0,12,4,0,15,561,97,11,5,671,7,0,7,683,42,0,722,42,22,0,0,67,0,0,0,69,26,0,94,0,0,0,0,0,0,0,0,0,0,0,0,603,121,16,3,742,10,0,14,749,70,0,825,411,74,8,0,499,0,0,0,505,27,0,531,274,65,12,0,350,0,0,0,354,28,0,384
1029,79,0,0,0,81,11,0,96,0,0,0,0,0,0,0,0,0,0,0,0,394,33,12,9,451,8,4,11,455,22,0,481,102,12,0,0,118,3,0,3,121,4,0,123,116,10,5,0,127,0,0,0,127,8,0,135,6,4,0,0,8,0,0,0,8,0,0,8,0,0,0,0,0,0,0,0,0,0,3,3,224,20,9,0,256,3,0,3,261,13,3,272,0,0,0,0,0,0,0,0,0,0,0,0,6,0,0,0,6,0,0,0,6,0,0,6,4,0,0,0,4,0,0,0,4,0,0,4,233,20,9,0,260,0,0,0,267,13,3,277,41,7,0,4,53,0,0,0,54,9,0,65,0,0,0,0,0,0,0,0,0,0,0,3,273,26,5,6,313,10,0,10,317,20,4,343,122,11,4,0,135,0,0,0,137,9,0,142,102,11,0,0,119,0,0,0,119,6,0,132
1030,66,0,0,0,61,22,0,91,5,0,0,0,5,0,0,0,5,0,0,4,310,54,10,6,377,6,0,10,383,52,4,442,65,11,0,0,80,0,0,0,79,11,0,91,67,15,0,0,81,0,0,0,85,12,0,95,3,4,0,0,8,0,0,0,12,0,0,14,0,0,0,3,3,0,0,0,3,0,0,3,142,29,6,3,175,0,0,6,181,27,0,203,3,0,0,0,3,0,0,0,5,0,0,8,4,0,0,0,3,0,0,0,3,0,0,4,4,0,0,0,6,0,0,0,6,0,0,11,145,28,6,7,183,3,0,4,191,25,0,214,26,3,0,0,30,3,0,3,37,15,0,48,0,0,0,0,0,0,0,0,0,0,0,0,172,37,11,3,218,7,0,9,221,41,0,259,90,10,0,0,106,0,0,0,105,6,0,116,91,17,0,0,109,3,0,3,109,13,0,123
1031,24025,925,263,1190,25212,11363,146,36720,154,44,17,266,482,3,0,10,487,101,494,1083,88604,17267,8107,1896,115875,2784,632,3420,119298,17871,898,138061,24312,3146,1489,143,29091,546,90,638,29734,2202,53,31991,17226,4095,1279,138,22736,351,64,418,23150,1758,26,24930,2417,609,1040,35,4100,60,9,72,4166,328,11,4503,179,41,29,273,523,3,8,21,541,62,69,678,44137,7888,3834,586,56446,963,178,1135,57586,4351,160,62093,571,112,43,9,737,150,19,172,906,90,0,997,645,122,49,16,836,97,57,152,989,118,0,1109,1211,239,95,27,1568,247,71,321,1890,216,0,2107,45347,8128,3926,617,58016,1209,249,1459,59477,4567,164,64204,9790,2654,1443,376,14257,548,184,735,14997,7485,80,22555,67,27,17,129,244,3,0,6,244,43,280,574,55206,10804,5386,1124,72519,1763,432,2202,74723,12091,522,87337,31442,4331,1993,189,37955,777,129,900,38860,3105,54,42014,21027,5189,1549,170,27934,477,80,556,28491,2375,39,30910
1032,102,3,0,4,109,25,0,137,0,0,0,0,0,0,0,0,0,0,5,8,798,105,23,7,940,12,4,18,959,66,5,1038,289,31,4,0,325,0,4,4,330,18,0,351,201,20,3,0,222,8,0,3,223,7,0,233,12,5,3,0,18,0,0,0,20,0,0,20,0,0,0,0,4,0,0,0,4,0,0,4,500,52,9,3,559,10,3,9,571,29,0,605,3,0,0,0,3,0,0,0,5,0,0,5,4,0,0,0,4,0,0,0,4,0,0,6,8,0,0,0,6,0,0,0,6,0,0,8,508,54,9,3,566,10,5,11,580,33,0,617,56,4,0,0,60,5,0,11,68,31,0,99,0,0,0,0,0,0,0,0,0,0,4,5,562,58,9,6,630,15,3,18,653,61,9,717,349,24,3,0,376,5,3,0,378,22,0,400,220,29,6,0,251,3,0,3,254,10,0,264
1033,81,10,0,10,93,33,0,127,0,0,0,0,0,0,0,0,0,0,3,3,342,83,9,4,443,18,0,22,458,63,3,524,96,16,0,0,110,0,0,0,110,9,0,123,104,17,0,0,126,0,0,0,128,7,0,140,11,5,0,0,11,0,0,0,11,0,0,11,0,0,0,3,4,0,0,0,4,0,0,4,207,38,0,7,253,6,0,6,257,25,0,279,5,3,0,0,9,0,0,0,9,0,0,9,8,0,0,0,8,9,0,5,11,0,0,11,9,3,0,0,9,5,0,6,18,0,0,22,212,39,0,7,258,14,0,12,277,25,0,298,36,5,3,0,52,0,0,0,52,33,0,84,0,0,0,0,0,0,0,0,0,0,6,4,254,47,4,7,312,14,0,12,324,56,6,383,111,26,6,0,137,0,0,0,138,0,0,139,100,19,3,3,122,6,0,6,124,19,0,138
1034,34,4,0,5,39,10,0,47,0,0,0,0,0,0,0,0,0,0,0,0,218,55,6,6,290,6,3,15,303,32,0,337,46,19,4,0,69,5,0,5,69,9,0,77,75,24,0,0,99,0,0,0,99,7,0,106,3,0,0,0,3,0,0,0,3,0,0,3,0,0,0,0,0,0,0,0,0,0,0,0,126,42,6,5,170,5,0,5,176,12,0,187,0,0,0,0,3,0,0,0,3,0,0,3,4,0,0,0,4,0,0,0,4,0,0,4,4,0,0,0,9,0,0,0,9,0,0,9,131,41,5,4,180,5,0,5,183,12,0,194,10,3,0,3,16,0,0,0,16,8,0,21,0,0,0,0,0,0,0,0,0,0,0,0,139,46,8,6,200,5,0,5,201,25,0,225,77,13,0,0,91,0,0,0,96,5,0,99,94,22,5,0,116,0,0,0,116,15,0,132
1035,173,6,0,6,181,68,0,252,0,0,0,0,0,0,0,0,0,0,4,5,1219,127,34,11,1388,18,4,26,1413,106,4,1523,420,45,3,0,464,3,5,6,472,17,0,486,270,33,4,0,312,0,3,4,316,12,0,328,17,4,5,0,22,0,0,0,22,0,0,19,4,0,0,5,6,0,0,0,6,0,0,8,710,76,10,5,802,3,9,5,811,33,0,848,6,0,0,0,6,3,0,3,9,0,0,9,3,0,0,0,3,0,0,5,8,5,0,11,11,0,0,0,11,6,0,6,20,5,0,22,722,76,10,5,820,3,9,15,827,35,0,866,99,14,5,0,116,9,0,9,126,38,0,163,0,0,0,0,0,0,0,0,0,0,5,5,819,91,13,10,936,12,9,22,957,76,0,1035,513,43,9,0,564,5,0,5,564,17,0,582,323,42,5,3,379,0,0,0,379,11,0,391
1036,1113,37,8,44,1155,282,0,1438,8,8,0,8,15,3,0,3,22,3,21,43,5668,1100,394,92,7257,101,21,117,7375,573,42,7991,1475,219,84,9,1791,19,5,24,1813,106,0,1920,1515,274,82,10,1875,16,5,23,1898,99,0,2005,190,50,55,0,297,0,0,3,300,6,0,310,10,3,0,14,32,0,0,0,33,6,7,45,3195,548,217,36,3992,39,9,51,4045,226,11,4276,19,0,0,0,22,5,0,5,27,0,0,27,37,7,0,0,50,6,0,6,52,0,0,54,53,10,3,0,72,9,0,11,82,5,0,82,3255,556,216,36,4064,46,9,61,4127,226,11,4360,506,109,40,10,663,21,9,29,695,199,3,895,3,5,0,3,11,0,0,0,10,3,10,25,3760,668,258,54,4740,67,21,86,4828,428,26,5283,1885,285,113,15,2291,34,12,42,2337,139,0,2475,1819,327,109,16,2277,28,11,37,2309,124,0,2436
2000,2238,44,14,62,2299,529,15,2839,21,5,0,10,35,0,0,0,40,4,73,111,13816,1995,454,367,16631,160,62,224,16855,1164,110,18128,3612,393,74,39,4115,27,12,36,4150,182,7,4334,4175,655,104,62,4999,29,13,43,5040,258,3,5301,213,44,63,3,314,3,0,3,323,21,0,342,54,12,0,101,169,0,0,0,169,10,4,186,8055,1100,237,207,9601,58,21,82,9680,472,19,10168,35,8,3,0,49,7,6,6,56,9,0,72,56,9,0,0,72,3,0,8,77,13,0,88,93,14,10,4,126,13,6,15,136,23,0,162,8156,1120,248,209,9724,75,26,96,9820,493,19,10323,1014,205,44,45,1309,27,15,41,1350,352,9,1705,19,5,3,11,33,0,0,0,33,0,54,90,9178,1326,294,259,11057,97,39,135,11194,843,83,12117,4570,488,104,45,5203,38,14,45,5249,266,10,5522,4950,873,137,81,6043,30,16,48,6089,292,6,6389
2001,111,0,4,0,114,6,0,128,0,0,0,0,0,0,0,0,0,0,3,9,604,66,22,25,708,4,4,5,710,23,8,745,169,15,4,0,183,4,0,4,189,13,0,203,156,16,0,0,174,0,0,0,174,0,0,172,6,0,0,0,7,0,0,0,7,0,0,7,0,0,0,4,8,0,0,0,8,0,0,9,332,27,3,7,370,4,0,4,377,18,0,400,7,0,0,0,6,0,0,0,10,0,0,10,7,0,0,0,5,0,0,0,5,0,0,5,12,7,0,0,13,0,0,0,16,0,0,16,343,31,9,7,387,5,0,5,393,18,0,411,45,3,0,0,53,0,0,0,53,8,0,65,0,0,0,0,3,0,0,0,3,0,5,8,393,32,8,6,445,5,0,4,446,29,4,481,170,22,8,0,198,0,0,3,204,13,0,215,151,16,3,0,175,0,0,0,175,8,0,182
2002,45,0,0,0,45,13,0,56,0,0,0,0,0,0,0,0,0,0,0,0,239,49,6,4,298,0,0,3,300,33,0,331,46,6,0,0,52,0,0,0,52,9,0,60,66,16,4,4,87,0,0,0,87,8,0,101,0,4,0,0,4,0,0,0,4,0,0,4,0,0,0,0,0,0,0,0,0,0,0,0,117,27,0,7,150,0,0,0,150,17,0,163,0,0,0,0,0,0,0,0,0,0,0,0,0,0,0,0,0,0,0,0,0,0,0,0,0,0,0,0,0,0,0,0,0,0,0,0,117,27,0,7,148,0,0,0,148,17,0,162,30,0,0,0,40,3,0,3,37,4,0,40,0,0,0,0,0,0,0,0,0,0,0,0,148,25,3,7,188,3,0,3,191,21,0,210,76,9,0,3,88,0,0,0,88,6,0,94,89,19,4,0,109,0,0,0,109,15,0,121
2003,376,13,0,11,388,69,0,462,0,0,0,0,4,0,0,0,4,0,9,12,2275,311,55,19,2657,33,8,40,2693,166,14,2875,546,69,14,0,630,0,6,3,639,30,0,669,660,87,7,3,754,5,4,10,770,38,0,805,45,3,6,0,52,0,0,0,52,4,0,56,3,0,0,0,11,0,0,0,11,0,7,14,1263,160,22,9,1448,7,10,16,1469,75,6,1548,6,0,0,0,6,8,0,8,10,0,0,12,23,4,0,0,23,0,0,0,20,0,0,26,30,4,0,0,28,5,0,5,37,3,0,36,1292,159,22,11,1484,13,10,24,1501,74,6,1583,172,36,5,8,217,11,0,11,221,60,0,282,0,0,0,0,0,0,0,0,0,0,7,5,1461,198,29,13,1694,22,10,29,1721,136,8,1869,741,87,14,3,839,3,0,7,845,44,0,892,745,116,16,6,882,15,8,13,895,36,0,933
2004,333,10,0,10,343,80,0,423,3,0,0,0,7,0,0,0,7,0,7,15,1940,246,53,29,2269,30,5,39,2305,163,14,2488,494,54,11,0,560,7,0,10,570,27,0,595,590,98,12,5,697,6,0,6,708,24,0,736,30,3,4,0,36,5,0,5,35,4,0,44,8,0,0,6,13,0,0,0,13,5,3,22,1119,151,26,12,1315,17,3,20,1332,62,5,1392,4,5,0,0,9,0,0,0,10,0,0,10,22,4,0,0,25,0,0,0,26,3,0,32,26,3,0,0,33,0,0,0,39,3,0,41,1146,156,26,12,1340,17,3,24,1367,65,5,1437,153,28,5,0,188,4,0,8,198,68,0,268,0,0,0,0,0,0,0,0,0,0,5,13,1303,187,32,17,1532,23,7,32,1566,131,12,1707,684,82,19,0,777,4,5,7,790,36,0,826,673,110,13,0,803,4,0,3,802,32,0,838
2005,24,0,0,0,24,5,0,29,0,0,0,0,0,0,0,0,0,0,0,6,122,50,6,4,180,0,0,3,184,12,0,200,34,11,0,0,44,0,0,0,47,10,0,49,53,18,4,0,71,3,0,3,78,5,0,81,0,3,0,0,3,0,0,0,3,0,0,3,0,0,0,0,0,0,0,0,0,0,0,0,85,30,4,0,120,3,0,6,124,11,0,135,0,0,0,0,0,0,0,0,0,0,0,0,0,0,0,0,0,0,0,0,0,0,0,0,0,0,0,0,0,0,0,0,0,0,0,0,90,34,4,0,122,3,0,6,126,11,0,132,7,0,0,0,11,0,0,0,11,3,0,14,0,0,0,0,0,0,0,0,0,0,0,0,96,32,0,0,133,3,0,6,131,12,0,148,48,10,0,0,60,0,0,0,60,3,0,57,53,33,0,0,84,0,0,0,86,8,0,94
2006,30,0,0,0,30,4,0,33,0,0,0,0,0,0,0,0,0,0,0,0,257,33,3,4,289,0,0,0,289,13,0,308,65,3,0,0,68,0,0,0,70,4,0,71,73,10,6,0,88,0,0,0,88,0,0,89,4,0,0,0,4,0,0,0,4,0,0,4,0,0,0,0,0,0,0,0,0,0,0,0,140,13,3,0,159,0,0,0,162,0,0,166,0,0,0,0,0,0,0,0,0,0,0,0,0,0,0,0,0,0,0,0,0,0,0,0,6,0,0,0,6,0,0,0,6,0,0,6,144,13,3,0,162,0,0,0,159,0,0,165,11,0,0,0,15,0,0,0,15,10,0,27,0,0,0,0,0,0,0,0,0,0,0,0,157,14,5,0,175,0,0,0,184,8,0,191,89,12,3,0,101,0,0,0,101,3,0,99,82,8,3,0,99,0,0,0,97,6,0,108
2007,60,0,0,0,62,9,0,72,0,0,0,0,0,0,0,0,0,0,0,0,459,48,9,8,525,0,4,8,535,19,3,564,127,12,0,0,144,0,0,3,148,4,0,151,132,11,0,3,150,0,0,0,149,5,0,156,6,0,0,0,5,0,0,0,8,0,0,8,0,5,0,0,6,0,0,0,6,0,0,6,261,30,0,3,303,3,0,3,303,13,0,319,0,0,0,0,0,0,0,0,0,0,0,0,5,0,0,0,5,0,0,0,5,0,0,5,5,0,0,0,5,0,0,0,6,0,0,6,260,30,0,3,305,3,0,4,306,13,0,316,24,5,0,0,31,0,0,0,31,3,0,37,0,0,0,0,0,0,0,0,0,0,0,0,286,36,0,10,333,3,0,4,336,16,0,352,183,23,3,0,213,0,0,0,209,3,0,212,175,23,0,0,207,0,0,0,209,6,0,210
2008,947,19,9,21,972,193,0,1169,4,3,0,3,5,0,0,0,5,0,17,28,5816,916,154,73,6957,66,23,87,7050,413,27,7491,1338,181,27,5,1553,27,0,26,1581,78,4,1664,1827,227,35,8,2095,30,3,35,2130,56,0,2183,83,14,13,0,105,0,0,5,110,9,0,123,13,0,0,22,37,0,0,0,37,0,0,37,3252,421,76,38,3793,54,10,64,3855,145,4,4000,17,3,10,0,27,4,0,4,35,3,0,40,42,3,0,0,47,3,0,3,49,0,0,52,62,9,10,0,78,8,0,8,78,11,0,93,3309,435,79,38,3866,59,10,70,3932,147,4,4089,466,86,14,13,584,10,0,11,593,126,3,725,5,0,0,4,8,0,0,0,8,0,10,21,3784,522,90,57,4457,72,11,82,4538,280,14,4839,1775,240,34,9,2057,33,6,39,2097,103,0,2201,2127,290,41,8,2474,22,4,25,2500,82,3,2587
2009,98,0,0,0,98,10,0,110,3,0,0,0,3,0,0,0,3,0,0,3,698,84,9,13,801,12,0,12,817,25,0,839,173,17,5,0,196,0,0,0,194,7,0,204,219,24,6,0,253,5,0,5,257,0,0,257,14,0,0,0,12,0,0,0,12,3,0,15,0,0,0,0,0,0,0,0,0,0,0,0,403,38,14,4,465,11,0,11,476,7,0,482,0,0,0,0,0,0,0,0,0,0,0,0,9,0,0,0,9,3,0,3,11,0,0,10,9,0,0,0,9,3,0,3,11,0,0,10,410,38,14,4,472,8,0,8,483,8,0,497,32,8,0,3,43,3,0,3,44,3,0,50,0,0,0,0,0,0,0,0,0,0,7,4,444,50,12,10,517,11,0,11,529,13,7,547,239,24,7,0,269,3,0,3,273,11,0,286,272,32,7,3,317,0,0,0,319,6,0,326
2010,67,0,0,0,67,14,0,84,0,0,0,0,0,0,0,0,0,0,0,0,339,37,10,4,394,0,0,5,402,31,0,428,93,14,0,0,109,0,0,0,108,0,0,106,105,12,0,3,117,0,0,0,121,6,0,126,5,0,0,0,5,0,0,0,5,0,0,5,0,0,0,0,0,0,0,0,0,0,0,0,202,23,4,0,231,0,0,0,232,6,0,241,0,0,0,0,0,0,0,0,0,0,0,0,5,0,0,0,5,0,0,0,7,0,0,7,5,0,0,0,5,0,0,0,7,0,0,4,208,23,4,0,231,0,0,4,235,7,0,243,24,4,3,0,41,0,0,0,41,12,0,46,4,0,0,0,0,0,0,0,0,0,0,0,233,26,5,5,277,0,0,4,277,20,0,296,110,9,0,0,117,0,0,0,118,4,0,120,144,15,0,0,165,0,0,0,166,4,0,171
2011,22893,762,232,1000,23898,5397,120,29412,181,59,3,233,475,14,0,15,490,48,464,1003,98852,15760,2249,1836,118701,2532,641,3175,121878,9861,824,132557,24110,2977,417,104,27608,498,117,616,28224,1467,37,29725,24463,4079,479,164,29187,414,78,495,29676,1352,42,31070,1196,217,200,11,1620,32,7,39,1664,133,7,1801,236,30,12,267,544,19,9,20,561,44,54,669,49998,7299,1112,545,58958,957,208,1166,60122,3000,136,63257,539,113,20,11,688,114,11,123,810,92,0,903,900,180,15,20,1118,100,67,173,1292,119,9,1418,1438,294,37,31,1801,220,83,300,2102,206,8,2314,51440,7594,1145,577,60761,1174,287,1466,62224,3205,147,65573,10375,2494,300,341,13516,473,151,624,14136,3807,82,18023,87,25,3,101,222,0,0,0,224,24,263,512,61903,10119,1446,1028,74496,1647,445,2094,76585,7039,494,84115,32474,3964,604,133,37173,685,124,802,37984,2148,61,40185,30989,5301,605,213,37107,514,130,644,37750,1874,30,39646
2012,175,6,0,7,188,67,0,257,0,0,0,0,3,0,0,0,3,0,6,5,939,138,24,27,1125,21,4,22,1154,127,14,1293,267,32,0,0,311,0,3,5,313,14,0,334,246,41,8,5,293,4,0,3,299,16,3,315,12,3,0,0,18,0,0,0,18,5,0,18,0,0,0,5,8,0,0,0,8,6,0,15,534,75,11,9,630,6,3,13,642,38,4,683,4,0,0,0,4,7,0,7,11,0,0,7,3,0,0,0,8,0,0,0,10,6,0,14,8,4,0,0,11,7,0,7,18,5,0,19,539,78,11,15,640,13,3,15,661,39,4,704,80,20,0,7,103,5,0,6,109,44,3,156,0,0,0,0,0,0,0,0,0,0,4,4,623,97,13,18,745,18,6,21,765,88,10,866,346,33,5,0,391,0,0,0,388,22,0,415,280,49,6,5,336,6,0,3,339,16,4,359
2013,66,4,0,4,73,22,3,94,3,0,0,0,3,0,0,0,3,0,6,7,323,50,5,15,393,17,0,14,413,43,4,458,72,10,0,0,78,0,0,0,79,3,0,84,124,18,3,0,139,9,3,6,151,10,0,156,12,0,0,0,9,0,0,0,9,5,0,12,0,0,0,0,0,0,0,0,3,0,0,3,200,23,8,0,235,9,3,9,243,15,0,258,0,0,0,0,0,0,0,0,0,0,0,0,0,0,0,0,0,0,0,0,3,0,0,3,0,0,0,0,0,0,0,0,3,0,0,3,201,23,8,0,230,9,3,14,245,15,0,263,37,3,0,0,46,3,0,3,46,14,0,65,0,0,0,0,0,0,0,0,0,0,0,0,243,27,4,4,281,7,3,14,292,34,5,330,108,10,0,0,119,0,0,0,119,6,0,125,126,18,4,4,150,3,0,4,151,7,0,166
2014,41,0,0,0,42,12,0,47,0,0,0,0,0,0,0,0,0,0,0,0,167,27,3,3,203,4,0,5,206,15,0,224,49,6,0,0,54,0,0,0,54,0,0,59,61,9,0,0,72,0,0,0,73,4,0,74,4,0,0,0,4,0,0,0,4,0,0,4,3,0,0,0,3,0,0,0,3,0,0,4,114,14,0,0,133,0,0,0,132,7,0,145,0,0,0,0,0,0,0,0,0,0,0,0,3,0,0,0,3,0,0,0,3,0,0,5,3,0,0,0,3,0,0,0,3,0,0,5,117,14,0,0,138,0,0,0,136,7,0,145,14,5,0,0,26,0,0,0,25,8,0,33,0,0,0,0,0,0,0,0,0,0,0,0,135,18,0,0,155,5,0,5,159,19,4,178,60,9,5,4,71,0,0,0,67,3,0,72,55,12,7,0,72,0,0,0,72,3,0,76
2015,58,0,0,0,58,19,0,71,0,0,0,0,0,0,0,0,0,0,0,0,298,45,0,0,343,4,3,12,357,24,4,385,66,9,0,0,74,0,0,0,75,4,0,80,90,14,0,0,106,0,0,0,103,0,0,107,4,0,0,0,3,0,0,0,3,0,0,3,0,0,0,0,3,0,0,0,3,0,0,5,161,20,4,3,181,0,0,6,186,5,0,190,0,0,0,0,0,0,0,0,0,0,0,0,4,0,0,0,4,0,0,0,4,0,0,4,4,0,0,0,4,0,0,0,4,0,0,5,165,20,4,3,183,0,0,6,192,5,0,196,28,9,0,0,38,0,0,0,41,13,0,52,0,0,0,0,0,0,0,0,0,0,0,0,195,26,4,3,222,3,0,3,231,18,0,247,87,5,0,0,99,0,0,0,100,5,0,105,98,20,6,0,123,0,0,0,124,9,0,136
2016,220,14,4,20,242,153,0,396,3,3,0,0,8,0,0,0,8,0,15,21,927,184,28,19,1156,28,21,45,1205,201,15,1427,256,35,3,0,295,4,0,4,306,15,0,323,260,38,10,0,303,0,3,6,311,17,0,325,13,4,4,0,26,0,0,0,26,0,0,22,5,0,0,4,8,0,0,0,8,0,0,8,537,76,16,7,632,7,3,11,641,32,0,674,10,0,0,0,10,0,0,0,10,0,0,6,4,0,0,0,4,0,0,0,3,3,0,11,10,0,0,0,10,0,0,0,12,6,0,15,546,76,16,7,637,6,3,9,652,41,0,691,86,29,8,3,126,8,3,11,141,122,0,262,3,0,0,0,3,0,0,0,3,0,4,10,632,106,17,10,769,16,11,23,791,155,5,959,334,42,5,0,381,0,0,0,379,16,0,400,325,49,13,0,384,4,0,4,389,12,0,399
2017,38,0,0,0,39,10,0,48,0,0,0,0,3,0,0,0,3,0,0,3,211,21,3,7,236,6,0,6,244,20,0,265,46,12,0,0,52,0,0,0,53,0,0,56,56,9,0,0,66,0,0,0,67,0,0,67,4,0,0,0,4,3,0,3,4,0,0,4,5,0,0,0,0,0,0,0,0,0,0,0,109,13,0,0,127,4,0,8,131,0,0,132,0,0,0,0,0,0,0,0,0,0,0,0,0,0,0,0,0,0,0,0,0,0,0,0,0,0,0,0,0,0,0,0,0,0,0,0,109,13,0,0,127,4,0,8,131,0,0,132,21,7,0,0,22,0,0,0,27,8,0,35,0,0,0,0,0,0,0,0,0,0,0,0,129,21,0,0,152,4,0,11,160,7,0,160,70,3,0,0,72,3,0,3,82,0,0,82,68,8,0,0,71,0,0,0,71,0,0,71
2018,116,0,3,3,124,36,0,160,0,0,0,0,0,0,0,0,0,0,3,4,745,90,23,15,873,19,3,20,896,70,10,973,184,17,3,0,203,0,0,3,208,13,0,213,210,31,10,0,256,5,0,5,260,10,0,271,14,0,0,0,17,0,0,0,17,4,0,21,0,0,3,0,0,0,0,0,0,0,0,0,409,48,17,7,479,10,0,10,491,23,0,511,4,0,0,0,5,0,0,0,3,0,0,3,7,0,0,0,7,0,0,0,9,0,0,9,9,0,0,0,6,0,0,0,16,0,0,14,420,51,17,7,490,12,0,14,500,26,0,525,63,15,3,3,81,0,3,5,87,32,0,119,0,0,0,4,4,0,0,0,4,0,6,3,485,65,19,10,571,14,5,18,588,51,5,649,217,30,3,0,250,3,0,3,255,11,0,271,271,25,10,0,310,3,0,8,319,14,0,327
2019,61,0,0,0,61,12,0,68,4,0,0,0,4,0,0,0,4,0,0,4,388,68,13,6,469,7,0,6,478,24,0,501,104,11,3,0,110,0,0,0,116,8,0,123,106,14,0,4,128,0,0,0,128,4,0,129,10,3,0,0,9,0,0,0,9,0,0,9,0,0,0,0,0,0,0,0,0,0,0,0,212,29,3,6,253,0,0,0,253,10,0,265,0,0,0,0,0,0,0,0,0,0,0,0,0,0,4,0,0,0,0,0,0,0,0,0,0,0,4,0,0,0,0,0,0,0,0,0,217,29,8,6,257,6,0,6,262,10,0,272,20,0,0,0,24,0,0,0,24,3,0,30,0,0,0,0,0,0,0,0,0,0,3,5,241,33,7,9,283,6,0,6,287,16,3,307,150,11,0,0,164,0,0,0,166,14,0,182,139,23,6,3,175,0,0,0,172,4,0,178
2020,178,10,0,10,188,24,0,217,5,0,0,0,5,0,0,0,5,0,4,11,905,129,27,16,1080,12,5,15,1091,67,7,1162,207,26,7,4,245,0,4,0,245,11,0,259,285,43,4,0,338,0,0,0,344,11,5,355,17,5,4,0,20,0,0,0,20,0,0,24,0,0,0,5,7,0,0,0,8,0,0,8,515,69,17,7,614,4,0,6,619,23,4,649,0,0,0,0,0,0,0,0,0,0,0,3,3,0,0,0,3,3,0,3,11,0,0,11,10,0,0,0,10,3,0,3,13,4,0,9,525,69,17,7,619,8,0,10,629,23,4,660,82,21,0,0,104,4,0,4,107,17,0,123,0,0,0,0,0,0,0,0,0,0,0,4,603,88,19,10,728,9,0,12,739,45,3,789,246,29,5,3,282,0,4,5,287,8,0,296,333,44,6,0,387,7,0,7,396,17,0,411
2021,95,0,0,0,97,24,0,120,0,0,0,0,0,0,0,0,0,0,0,3,715,84,22,13,836,4,6,9,842,46,7,895,173,19,5,0,191,0,0,0,190,9,0,196,299,40,5,0,346,0,0,0,347,11,0,352,10,3,0,0,17,0,0,0,17,0,0,17,4,0,0,0,7,0,0,0,7,0,0,10,482,62,7,3,556,0,0,3,556,18,0,578,0,0,0,0,0,0,0,0,0,0,0,0,4,0,0,0,4,0,0,0,4,0,0,4,3,0,0,0,3,0,0,0,3,0,0,3,485,62,7,3,560,0,0,3,565,18,0,576,41,7,0,0,52,0,0,0,55,21,0,70,0,0,0,0,0,0,0,0,0,0,3,0,531,70,9,3,612,0,0,3,612,33,8,657,223,25,4,0,258,7,0,7,257,14,0,271,321,43,6,0,371,0,0,0,371,11,0,377
3000,2565,116,36,153,2714,1058,6,3777,27,8,0,23,58,0,0,0,61,3,113,178,13349,1791,533,413,16088,288,73,361,16450,1884,159,18498,3632,322,99,32,4090,30,15,43,4133,211,4,4354,3300,518,129,65,4019,40,17,61,4075,256,9,4337,188,40,41,6,273,6,0,0,280,29,0,311,56,13,0,87,154,0,0,0,158,12,7,177,7174,895,279,187,8534,72,35,108,8642,512,23,9175,50,19,3,6,77,28,4,34,112,14,0,128,91,8,4,6,104,10,13,24,129,12,0,140,146,24,9,10,182,42,14,57,244,31,0,270,7319,917,291,193,8720,114,51,166,8884,539,25,9446,1149,202,54,65,1471,56,11,68,1543,735,6,2281,12,5,0,10,26,0,0,0,29,7,74,111,8484,1121,345,265,10215,171,65,234,10455,1274,106,11836,4452,385,134,44,5018,35,10,44,5057,286,5,5347,3665,588,128,70,4454,48,16,70,4518,263,6,4788
3001,13,0,0,0,14,7,0,20,0,0,0,0,0,0,0,0,0,0,0,0,207,32,4,4,249,0,0,7,257,22,3,280,58,11,0,0,74,0,0,0,71,0,0,71,56,9,0,0,65,0,0,0,65,4,0,68,0,0,0,0,0,0,0,0,0,0,0,0,0,0,0,0,3,0,0,0,3,0,0,3,112,22,4,0,139,0,0,0,141,4,0,144,0,0,0,0,0,0,0,0,0,0,0,0,4,0,0,0,8,0,0,0,8,0,0,5,5,0,0,0,3,0,0,0,3,0,0,5,118,23,4,0,144,0,0,0,145,4,0,151,5,0,0,0,9,0,0,0,9,0,0,7,0,0,0,0,0,0,0,0,0,0,0,5,124,24,7,0,154,0,0,0,147,8,0,162,71,13,0,0,82,0,0,0,82,3,0,87,51,5,5,0,59,0,0,0,63,5,0,66
3002,10547,347,80,426,10972,2195,58,13224,70,14,3,96,175,0,0,0,178,17,199,394,52538,7781,1940,819,63071,1203,270,1473,64544,4752,372,69668,14425,1662,400,74,16558,270,53,321,16876,885,21,17785,11757,1784,342,70,13964,182,43,219,14185,608,27,14818,1458,249,225,18,1953,26,5,33,1982,124,0,2106,96,12,4,133,250,4,3,4,257,36,29,320,27737,3711,980,301,32722,480,100,576,33301,1659,74,35026,294,70,10,11,380,67,9,72,453,48,0,504,396,73,12,11,498,41,16,59,556,43,7,602,683,144,24,23,877,110,26,131,1009,89,7,1103,28420,3849,1000,329,33597,589,122,712,34309,1744,80,36134,4990,979,210,135,6314,181,41,226,6535,1514,27,8081,44,4,0,47,102,0,0,4,106,14,121,240,33454,4835,1211,508,40010,774,165,941,40947,3274,228,44452,18954,2110,552,89,21705,375,79,452,22158,1257,25,23433,14437,2340,460,71,17315,182,46,224,17540,879,28,18445
3003,227,14,8,17,251,91,0,342,4,0,0,0,3,0,0,0,3,0,0,9,1150,194,30,27,1409,21,14,39,1444,196,3,1640,343,52,11,0,399,6,0,8,411,32,0,444,305,56,7,6,371,8,0,9,378,23,0,402,14,3,4,0,25,0,0,0,25,3,0,28,0,0,0,11,15,0,0,0,15,0,0,16,662,110,17,14,804,14,5,18,824,58,0,883,8,0,0,0,8,0,7,5,11,6,0,22,8,0,0,0,9,0,0,0,9,0,0,8,18,4,0,0,19,0,7,5,25,7,0,29,679,112,20,18,823,21,5,27,848,61,0,915,122,31,6,3,163,5,0,9,167,67,0,236,0,0,0,0,0,0,0,0,0,0,0,7,806,142,17,24,984,30,4,33,1024,133,3,1152,455,62,10,0,533,3,0,12,543,30,0,571,348,71,8,3,428,3,0,4,435,33,0,459
3004,454,20,6,25,483,140,0,618,4,0,0,0,6,0,0,0,6,0,12,17,2625,559,106,41,3334,82,22,106,3439,326,16,3779,873,115,22,3,1008,21,3,20,1032,63,0,1097,691,155,25,5,872,13,0,16,884,59,0,945,37,20,5,0,61,0,0,0,61,7,0,67,6,5,0,9,23,0,0,0,23,3,0,27,1607,286,55,18,1966,34,3,33,2001,128,3,2130,10,0,0,0,8,0,0,3,18,9,0,21,21,13,6,0,36,3,7,14,49,5,0,58,35,13,5,0,50,8,9,20,67,9,0,79,1640,294,58,18,2014,38,14,51,2067,136,3,2206,181,60,12,9,261,17,4,19,281,101,0,381,3,0,0,4,8,0,0,0,8,0,10,16,1829,358,68,32,2290,56,21,69,2355,238,7,2602,1093,138,28,3,1262,25,5,28,1293,71,0,1362,779,197,22,10,1008,10,5,10,1021,71,0,1095
3005,54,0,0,0,55,3,0,60,0,0,0,0,0,0,0,0,0,0,0,0,426,31,10,13,479,6,3,6,486,16,0,495,119,12,4,0,127,0,0,0,127,7,0,131,105,6,0,0,118,0,0,0,117,3,0,117,6,0,0,0,5,0,0,0,5,0,0,5,0,0,0,3,3,0,0,0,3,0,0,3,230,14,3,3,252,0,0,0,250,9,0,257,0,0,0,0,0,0,0,0,0,0,0,0,0,0,0,0,0,0,0,0,0,0,0,0,0,0,0,0,0,0,0,0,0,0,0,0,231,14,3,3,250,0,0,0,255,9,0,256,31,6,0,0,33,0,0,0,37,0,0,35,0,0,0,0,0,0,0,0,0,0,0,0,261,17,3,5,285,0,0,4,288,11,0,299,138,12,0,0,156,0,0,0,154,5,0,159,118,3,0,3,128,0,0,0,132,5,0,136
3006,215,5,6,16,227,37,3,265,0,0,0,0,3,0,0,0,3,0,3,6,1031,109,46,27,1206,17,8,26,1230,65,6,1307,272,14,10,3,293,5,0,5,305,8,0,311,293,23,10,3,328,0,0,6,337,7,0,340,20,4,0,0,19,0,0,0,19,0,0,24,0,0,0,6,5,0,0,0,5,3,0,8,589,37,20,11,655,6,0,6,665,16,0,684,7,0,0,0,4,0,0,0,10,0,0,10,7,0,0,0,9,0,0,0,10,0,0,10,14,0,0,0,16,5,0,5,17,0,0,17,602,37,21,9,674,13,0,12,686,16,0,707,112,23,10,0,138,0,4,4,144,31,0,177,0,0,0,5,4,0,0,0,4,0,0,3,709,58,26,12,812,16,8,19,832,53,3,883,402,16,10,0,426,4,0,4,434,12,0,440,340,30,11,0,383,10,0,7,387,12,0,405
3007,2259,94,29,127,2384,528,7,2922,23,11,0,28,66,0,0,0,66,3,57,123,12769,2316,527,233,15848,321,96,417,16261,1268,111,17640,3325,440,106,21,3884,63,23,88,3979,246,5,4231,3268,645,126,21,4056,70,14,77,4133,173,4,4313,354,97,68,6,520,5,3,6,528,44,0,568,42,10,0,33,82,0,0,0,82,7,12,96,6983,1187,293,83,8544,136,40,171,8720,464,25,9212,52,10,0,0,64,11,0,11,81,9,0,93,97,19,3,3,128,8,4,13,140,21,0,159,148,34,4,4,192,23,4,23,212,34,0,244,7125,1218,298,90,8735,158,42,195,8932,499,25,9459,1053,268,56,37,1421,44,17,65,1480,340,3,1824,16,5,0,17,37,0,0,0,36,5,26,67,8204,1494,354,141,10189,207,59,265,10448,838,57,11345,4470,557,150,29,5201,71,29,103,5302,288,12,5602,3864,841,147,30,4882,72,15,88,4972,272,15,5250
3008,93,4,0,4,97,43,0,139,0,0,0,0,0,0,0,0,0,0,0,3,341,67,14,11,428,3,5,11,438,74,0,518,83,11,0,0,97,0,0,0,96,5,0,100,93,21,0,0,115,0,4,4,115,9,0,126,4,0,0,0,5,0,0,0,10,3,0,15,4,0,0,0,5,0,0,0,5,0,0,4,184,31,3,6,220,0,3,5,220,18,0,241,5,0,0,0,5,0,0,0,7,0,0,7,3,0,0,0,6,0,0,0,6,0,0,6,3,0,0,0,8,0,0,0,10,0,0,10,191,30,3,6,225,6,3,6,229,18,0,251,44,3,0,0,51,0,3,5,53,23,0,79,0,0,0,0,0,0,0,0,0,0,0,0,233,37,3,6,275,6,9,6,281,43,0,330,117,19,0,0,142,0,0,0,144,13,0,158,141,10,10,0,167,0,0,3,165,14,0,183
3009,147,3,6,11,155,81,0,233,0,0,0,0,0,0,0,0,0,0,4,3,761,204,38,29,1029,26,14,35,1070,160,6,1231,233,51,11,0,302,3,5,10,307,26,7,332,194,66,4,5,273,7,8,7,282,26,0,307,6,3,3,0,18,0,0,0,18,0,0,18,0,0,0,6,10,0,0,0,14,3,0,20,436,127,17,13,600,7,11,19,617,52,7,675,3,0,0,0,3,5,0,5,5,0,0,10,0,0,0,0,0,5,0,4,8,0,0,5,7,0,0,0,7,4,0,8,13,7,0,21,446,127,17,13,605,12,11,28,629,62,7,697,59,25,3,8,97,6,0,4,104,60,0,165,5,0,0,4,3,0,0,0,3,0,4,8,510,155,24,25,703,16,15,34,738,123,7,870,269,60,17,4,354,0,7,9,353,43,3,397,213,63,4,4,289,9,4,14,297,24,0,326
3010,43,0,0,3,46,15,0,61,0,0,0,0,0,0,0,0,0,0,0,0,196,20,13,9,231,0,6,5,235,21,0,260,51,0,0,0,48,0,0,0,48,3,0,54,47,4,4,0,61,0,0,0,58,5,0,66,4,0,0,0,3,0,0,0,3,0,0,3,3,0,0,0,3,0,0,0,3,0,0,3,105,3,3,0,116,0,0,0,115,9,0,121,0,0,0,0,0,0,0,0,0,0,0,0,0,0,0,0,0,0,0,0,0,0,0,0,0,0,0,0,3,0,0,0,3,0,0,3,106,4,3,0,115,0,0,0,120,9,0,130,16,0,3,0,23,0,6,6,30,10,0,36,0,0,0,0,0,0,0,0,0,0,0,0,125,11,8,0,143,0,6,3,146,16,0,162,58,3,0,0,62,0,0,0,63,7,0,72,56,3,3,0,64,0,0,0,71,4,0,69
3011,265,9,0,10,278,39,5,317,0,0,0,0,6,0,0,0,6,0,0,9,1812,163,43,34,2049,38,3,40,2083,92,7,2185,477,26,7,3,525,9,0,9,527,8,0,537,527,40,12,0,579,4,4,13,588,20,0,615,16,0,6,0,24,0,0,0,23,0,0,30,3,0,0,6,9,0,0,0,9,0,5,10,1025,70,28,14,1138,16,4,17,1151,33,3,1186,8,0,0,0,8,0,0,0,8,0,0,7,13,0,0,0,19,0,0,0,19,0,0,19,18,0,0,0,25,0,0,0,25,0,0,19,1044,70,28,14,1158,16,4,17,1175,30,3,1208,124,14,8,3,142,0,0,0,150,33,0,175,0,0,0,0,0,0,0,0,0,0,5,9,1165,81,35,24,1300,22,4,21,1321,64,10,1394,602,49,20,4,680,10,0,15,688,21,0,710,558,57,13,4,634,9,3,15,648,21,0,668
3012,73,4,0,4,78,36,0,119,0,0,0,0,0,0,0,0,0,0,4,5,338,79,15,8,439,6,3,9,447,72,3,524,107,18,0,0,127,0,0,0,124,7,0,140,106,22,4,0,135,3,0,0,136,15,0,149,5,0,3,0,3,0,0,0,6,0,0,6,0,0,0,0,0,0,0,0,0,0,0,0,218,43,6,0,265,0,0,4,271,26,0,295,8,0,0,0,8,4,0,4,10,0,0,11,0,4,0,0,5,0,0,0,5,0,0,5,9,4,0,0,12,4,0,4,12,0,0,11,221,45,6,0,277,3,0,6,285,30,0,311,41,10,0,0,51,6,0,6,56,42,0,96,0,0,0,0,0,0,0,0,0,0,0,0,262,55,14,3,328,9,0,11,334,67,6,404,143,16,3,0,165,0,3,6,165,8,0,179,129,26,6,6,161,3,0,3,165,16,0,187
3013,65,4,0,4,70,8,0,85,0,0,0,0,0,0,0,0,0,0,0,6,391,26,5,11,430,9,0,11,438,29,3,472,136,5,0,0,142,0,0,0,142,3,0,150,87,6,4,0,98,0,0,0,95,0,0,101,11,0,0,0,4,0,0,0,10,0,0,10,0,0,0,7,6,0,0,0,7,0,0,7,232,12,5,6,253,6,0,6,259,9,0,263,0,0,0,0,0,0,0,0,0,0,0,0,3,0,0,0,3,0,0,0,3,0,0,3,4,0,0,0,4,0,0,0,4,0,0,4,234,12,5,6,261,6,0,6,265,9,0,271,33,6,0,0,41,0,0,0,39,3,0,49,0,0,0,0,0,0,0,0,0,0,0,4,266,22,8,6,295,7,0,8,305,14,0,321,175,9,3,0,181,3,0,3,186,5,0,190,89,0,0,0,90,0,0,0,90,8,0,101
3014,242,6,0,4,247,46,3,297,0,0,0,0,0,0,0,0,0,0,5,9,1523,166,64,44,1798,25,8,27,1831,120,18,1965,460,44,13,6,533,3,0,3,536,22,0,553,420,36,15,0,473,5,0,5,481,17,0,498,22,0,6,0,31,5,0,5,29,0,0,29,6,0,0,10,19,0,0,0,19,0,3,19,911,81,38,18,1045,9,0,12,1064,42,4,1104,7,0,0,0,7,0,0,0,7,0,0,9,7,0,0,0,8,0,0,0,8,0,0,8,14,0,0,0,16,0,0,0,16,0,0,18,919,84,37,18,1065,9,0,12,1075,43,4,1119,99,24,5,8,130,0,0,0,132,28,0,168,0,0,0,0,0,0,0,0,0,0,3,6,1014,111,46,31,1200,17,0,18,1217,67,8,1291,573,62,18,0,665,4,0,7,672,19,0,689,415,43,9,4,471,11,4,9,477,18,0,504
3015,1260,27,5,34,1288,223,10,1527,12,3,0,3,23,0,0,0,23,0,35,57,7411,1520,378,137,9446,132,41,178,9621,633,66,10324,1888,292,73,7,2262,33,19,46,2307,131,0,2441,2060,454,86,8,2601,27,17,39,2644,136,5,2787,238,42,56,6,340,3,0,4,339,14,0,352,20,0,0,20,42,0,0,0,42,7,8,56,4202,789,217,45,5248,54,33,91,5339,285,18,5636,17,4,0,0,23,3,0,3,23,4,0,22,69,14,6,0,87,3,0,3,86,4,0,88,83,13,6,0,105,8,0,9,109,10,0,118,4286,808,220,44,5356,59,28,94,5442,287,18,5752,552,107,28,17,710,14,5,20,728,161,5,888,8,0,0,5,18,0,0,0,18,0,22,38,4849,913,248,62,6078,77,33,114,6188,452,39,6678,2489,376,94,20,2985,25,23,49,3032,164,3,3208,2460,561,135,16,3175,29,17,41,3215,175,0,3394
3016,547,31,18,44,595,220,0,818,0,3,0,0,9,0,0,0,9,3,12,23,3040,420,66,26,3559,74,23,97,3652,335,18,4011,830,85,18,4,934,11,0,10,949,45,0,993,817,100,16,4,938,12,3,14,950,42,0,997,24,4,3,0,32,0,0,0,38,4,0,38,6,0,0,6,10,0,0,0,16,4,0,16,1673,186,45,19,1919,25,4,32,1947,90,0,2042,11,5,0,0,15,6,0,6,22,0,0,21,18,6,0,0,30,0,0,3,32,0,0,41,29,11,0,0,41,10,0,6,51,4,0,57,1705,196,44,19,1960,33,7,42,2002,95,0,2098,242,54,9,9,308,24,8,29,338,131,0,468,0,0,0,0,0,0,0,0,0,0,7,11,1946,251,51,24,2267,51,13,69,2335,227,11,2574,1153,120,19,0,1291,6,0,11,1303,62,6,1368,977,125,18,4,1124,18,4,16,1142,47,0,1184
3017,488,19,8,31,518,170,4,690,5,0,5,4,10,0,0,0,10,0,7,14,3438,380,79,51,3953,74,27,105,4062,379,10,4450,1077,104,22,3,1206,28,8,33,1241,90,0,1333,731,92,20,4,856,11,7,16,868,49,0,918,32,10,6,0,50,0,0,0,50,12,0,63,12,0,0,8,20,0,0,0,20,4,0,23,1848,208,48,21,2123,35,8,51,2177,156,4,2333,12,4,0,0,19,0,0,0,15,12,0,27,30,0,0,0,30,3,4,6,33,4,0,37,38,9,0,0,40,5,3,11,52,14,0,65,1884,218,48,21,2167,43,14,56,2231,169,4,2400,241,46,6,4,302,22,0,22,328,110,0,443,4,0,0,0,6,0,0,0,6,0,6,10,2135,257,56,28,2477,66,18,85,2559,280,9,2853,1460,146,42,6,1661,17,4,22,1677,106,0,1784,889,108,23,5,1033,17,7,21,1049,81,0,1129
3018,56,0,4,3,63,19,0,82,0,0,0,0,5,0,0,0,5,0,0,3,259,26,14,0,304,0,5,3,309,42,0,346,53,5,0,0,58,0,0,0,58,5,0,60,76,11,0,0,92,0,0,0,93,11,0,97,0,0,0,0,5,0,0,0,9,0,0,9,0,0,0,0,0,0,0,0,0,0,0,0,137,14,0,0,155,0,0,0,155,13,0,167,0,0,0,0,0,0,0,0,0,0,0,0,0,0,0,0,0,0,0,0,0,0,0,0,0,0,0,0,0,0,0,0,4,0,0,4,144,14,0,0,156,3,0,3,155,13,0,169,33,9,4,0,47,0,0,0,45,15,0,65,0,0,0,0,0,0,0,0,0,0,0,0,173,22,7,3,204,6,0,3,206,24,0,234,78,3,0,0,87,0,0,0,86,5,0,95,101,7,0,3,109,0,0,0,112,10,0,121
3019,48,3,0,4,52,9,0,59,0,0,0,0,3,0,0,0,3,0,0,3,421,47,18,9,492,4,4,12,503,27,0,532,116,7,0,5,127,0,0,0,127,5,0,129,96,13,5,0,115,0,0,4,115,9,0,121,3,0,5,0,9,0,0,0,9,0,0,9,0,0,0,4,3,0,0,0,3,0,0,3,212,23,3,5,245,0,0,6,249,6,0,261,3,0,0,0,3,0,0,0,3,0,0,3,4,0,0,0,4,0,0,0,4,0,0,4,5,0,0,0,5,0,0,0,5,0,0,5,223,23,3,5,258,0,0,6,258,6,0,267,26,0,3,0,31,0,0,0,31,10,0,40,5,0,0,0,5,0,0,0,5,0,0,5,250,23,11,5,288,0,0,6,289,16,0,305,151,11,5,4,173,3,0,3,178,4,0,184,118,12,4,0,132,0,0,0,130,4,0,131
4000,804,19,3,26,828,253,3,1086,3,3,0,3,9,0,0,0,9,3,31,38,5298,667,160,130,6246,68,33,102,6352,500,39,6885,1263,150,21,12,1445,10,0,11,1458,70,0,1525,1607,254,41,20,1917,21,6,29,1946,88,0,2039,45,19,15,0,82,0,0,0,85,5,0,87,22,3,0,27,51,0,0,0,53,5,0,59,2928,425,81,61,3494,32,12,45,3539,168,0,3707,9,3,0,0,16,4,0,4,24,3,0,28,25,7,7,0,40,0,0,0,40,0,0,40,41,9,3,0,48,8,0,8,62,4,0,69,2972,428,86,61,3542,47,12,55,3596,176,0,3772,374,66,19,20,475,9,9,20,497,193,0,694,3,0,0,0,7,0,0,0,7,0,17,24,3342,499,106,80,4025,60,14,74,4098,371,23,4492,1480,183,21,16,1697,18,5,26,1714,86,0,1805,1803,262,29,34,2129,17,5,26,2154,117,0,2277
4001,4845,167,60,222,5071,1370,19,6463,40,11,0,17,77,0,0,0,74,18,81,172,25419,4372,548,346,30688,540,167,706,31392,2428,159,33976,6310,879,91,32,7320,98,34,138,7456,376,16,7841,7128,1221,116,60,8531,92,36,122,8658,360,14,9033,226,58,45,10,334,3,3,4,334,23,0,358,51,13,3,59,125,0,0,0,122,10,14,151,13716,2172,256,158,16308,192,72,266,16572,765,39,17384,113,36,6,0,151,33,0,33,185,10,0,201,215,53,3,3,274,24,12,40,309,27,0,340,324,84,4,6,423,54,15,71,498,42,0,540,14040,2260,265,162,16731,249,87,340,17066,809,39,17919,2238,518,69,56,2884,94,35,129,3017,993,9,4020,15,9,0,6,34,0,0,0,34,0,53,89,16298,2785,334,233,19649,345,126,471,20120,1802,103,22021,8623,1201,166,33,10023,125,35,164,10186,514,7,10702,8913,1491,194,59,10659,130,41,171,10831,482,13,11328
4002,79,0,6,9,90,29,0,116,3,0,0,0,3,0,0,0,3,0,0,0,557,83,4,9,653,4,5,8,660,59,0,720,152,12,3,0,169,0,0,0,169,12,0,178,190,27,3,0,228,0,0,0,228,10,0,235,6,0,0,0,3,0,0,0,3,3,0,8,4,0,0,3,3,0,0,0,3,0,0,9,355,34,11,4,404,0,0,0,405,23,0,423,0,0,0,0,0,0,0,0,0,0,0,0,0,0,0,0,0,0,0,0,3,5,0,9,0,0,0,0,6,0,0,0,6,5,0,8,354,38,11,4,405,4,0,4,408,23,0,432,42,16,0,3,64,5,5,8,68,18,0,87,0,0,0,0,0,0,0,0,0,0,0,0,399,52,14,7,470,4,5,8,472,46,0,522,192,19,0,0,214,0,0,0,217,11,0,228,222,29,6,0,251,3,0,6,256,7,0,262
4003,61,6,0,3,58,29,0,89,0,0,0,0,0,0,0,0,0,0,0,0,232,46,4,4,291,20,4,19,318,48,0,364,69,11,0,0,77,3,0,3,81,6,0,86,55,15,0,0,74,3,0,5,81,7,0,86,9,0,0,0,9,0,0,0,9,0,0,9,0,0,0,3,8,0,0,0,8,0,0,6,129,27,0,3,166,3,0,11,170,12,0,182,0,0,0,0,0,0,0,0,0,0,0,0,4,0,0,0,3,0,0,0,3,0,0,3,4,0,0,0,3,0,0,0,3,0,0,3,136,29,0,3,169,3,0,11,175,12,0,185,26,4,0,0,31,5,0,5,36,21,0,61,0,0,0,0,0,0,0,0,0,0,0,3,161,32,0,8,198,6,0,5,211,34,6,246,85,10,3,0,99,5,0,5,104,10,0,116,78,16,3,0,100,4,0,9,102,3,0,108
4004,31,0,0,0,35,19,0,49,0,0,0,0,0,0,0,0,0,0,0,0,191,18,5,6,221,3,0,7,226,20,0,250,55,3,0,0,62,0,0,0,62,5,0,62,45,8,4,0,54,0,0,0,57,0,0,62,0,3,0,0,5,0,0,0,5,0,0,5,3,0,0,0,0,0,0,0,0,0,0,0,106,15,4,0,122,0,0,0,127,3,0,133,5,0,0,0,5,0,0,0,0,0,0,8,3,0,0,0,3,0,0,0,3,0,0,3,4,0,0,0,4,0,0,4,9,0,0,8,107,15,4,0,125,0,3,4,133,6,0,136,13,0,0,0,15,0,0,0,15,15,0,31,0,0,0,0,0,0,0,0,0,0,0,0,125,17,4,0,143,0,3,4,150,21,0,167,85,5,3,0,93,0,0,0,97,10,0,106,43,4,4,0,57,0,0,0,57,3,0,61
4005,35,0,0,0,35,8,0,42,0,0,0,0,0,0,0,0,0,0,0,0,295,69,7,8,377,0,0,3,376,24,0,403,70,11,5,0,87,0,0,0,87,5,0,96,76,23,10,3,108,0,0,3,115,6,0,115,0,0,0,0,0,0,0,0,0,0,0,4,0,0,0,5,5,0,0,0,5,0,0,5,147,39,13,6,204,0,0,3,204,15,0,217,0,0,0,0,0,0,0,0,0,0,0,0,0,0,0,0,0,0,0,0,0,0,0,0,0,0,0,0,3,0,0,0,4,0,0,4,145,39,15,6,206,4,0,5,209,15,0,222,22,6,0,0,31,0,0,0,31,4,0,37,0,0,0,0,0,0,0,0,0,0,0,0,169,43,15,7,234,4,0,5,240,22,0,259,82,15,6,0,100,0,0,0,100,5,0,108,99,14,4,0,124,0,0,0,127,4,0,133
4006,31,4,0,8,36,22,0,58,0,0,0,0,0,0,0,0,0,0,5,5,199,16,4,9,231,7,0,8,238,33,5,279,49,10,0,0,50,0,0,0,50,3,0,54,62,5,4,4,73,0,0,0,76,3,0,76,0,0,0,0,0,0,0,0,0,0,0,0,0,0,0,0,0,0,0,0,4,0,0,3,109,18,4,5,132,0,0,0,130,9,0,142,0,0,0,0,0,0,0,0,0,4,0,4,0,0,0,0,0,0,0,0,0,0,0,0,0,0,0,0,0,0,0,0,0,4,0,0,114,18,4,5,130,0,0,0,132,8,0,143,16,3,0,0,24,4,0,4,22,15,0,43,0,0,0,0,0,0,0,0,0,0,0,0,128,16,4,0,147,3,6,3,159,28,0,188,62,0,3,0,72,4,0,4,71,3,0,74,66,11,3,0,77,0,0,0,77,7,0,89
4007,67,6,0,6,71,23,0,98,0,0,0,0,0,0,0,0,0,0,0,0,328,99,14,6,447,13,4,15,456,49,0,502,65,19,0,0,86,0,0,0,87,5,0,88,95,30,9,0,142,0,0,0,143,10,0,154,0,0,0,0,3,0,0,0,3,3,0,8,3,0,0,0,3,0,0,0,3,0,0,3,162,54,13,0,235,4,0,4,234,16,0,253,0,0,0,0,0,0,0,0,0,0,0,0,5,0,0,0,3,0,0,0,7,0,0,9,3,0,0,0,7,0,0,0,10,0,0,9,169,52,13,0,237,8,0,4,242,15,0,258,18,12,0,0,36,0,0,0,36,13,0,52,0,0,0,0,0,0,0,0,0,0,0,0,190,68,15,3,271,8,0,4,275,36,0,313,83,16,5,0,100,0,0,0,106,8,0,115,114,38,4,0,162,3,0,3,164,20,0,186
4008,60,0,0,0,57,14,3,84,0,0,0,0,0,0,0,0,0,0,0,0,361,40,16,8,421,14,0,12,436,30,7,473,102,9,5,0,114,0,0,0,114,3,0,125,94,5,5,4,103,0,0,0,102,0,0,105,0,0,0,0,0,0,0,0,6,4,0,6,0,0,0,0,0,0,0,0,0,5,0,8,198,15,6,4,223,3,0,3,225,12,6,242,0,0,0,0,0,0,0,0,0,3,0,3,7,0,0,0,9,0,0,0,9,0,0,9,7,0,0,0,9,0,0,0,9,3,0,5,200,15,7,4,229,3,0,3,228,18,6,251,29,6,0,3,43,0,0,0,42,9,0,51,0,0,0,0,0,0,0,0,0,0,0,3,230,23,10,4,267,3,0,5,273,23,3,307,125,7,3,3,137,0,0,0,142,12,0,155,99,19,0,0,120,0,4,3,126,10,0,133
5000,869,48,5,49,921,365,5,1284,7,6,0,0,18,0,0,0,17,0,28,49,4693,641,218,118,5669,108,24,127,5796,609,40,6446,1037,126,30,10,1201,10,6,13,1220,78,3,1300,1091,192,48,19,1356,12,5,19,1370,78,3,1456,56,6,12,0,82,0,0,0,82,3,0,79,18,0,0,23,45,0,0,0,45,4,0,48,2201,327,99,56,2678,22,13,35,2714,167,6,2884,20,5,0,3,24,16,0,16,37,7,0,43,21,9,0,4,30,0,3,12,41,13,0,50,43,13,0,9,53,16,3,22,79,17,0,96,2240,339,96,55,2738,41,15,56,2792,181,6,2983,366,63,18,25,473,16,4,21,488,255,7,747,5,0,0,8,9,0,0,0,10,5,22,35,2611,392,118,89,3215,56,18,79,3295,440,34,3765,1149,125,36,14,1332,13,0,13,1346,91,0,1439,1111,215,66,18,1403,24,4,23,1429,71,0,1498
5001,126,3,0,3,126,20,7,151,0,0,0,0,0,0,0,0,0,0,5,0,612,105,21,6,741,3,3,11,749,58,8,818,187,25,0,0,223,0,0,0,217,10,0,234,238,26,7,0,282,0,7,4,285,6,0,294,7,0,0,0,7,0,0,0,7,3,0,9,3,0,0,0,7,0,0,0,7,0,0,7,432,58,11,6,508,0,5,5,520,22,4,542,3,0,0,0,3,0,0,0,3,0,0,3,0,0,0,0,5,0,0,0,5,0,0,5,3,0,0,0,11,0,0,0,11,0,0,11,441,60,11,7,520,0,5,5,521,22,4,546,73,18,0,4,90,0,0,0,96,13,3,111,0,0,0,0,0,0,0,0,0,0,0,0,515,78,11,8,608,3,5,6,619,40,3,664,240,35,3,3,277,0,0,3,284,6,0,292,248,37,6,0,289,0,3,7,297,16,0,314
5002,24,0,0,7,28,17,0,44,0,0,0,0,0,0,0,0,0,0,0,0,263,31,17,12,325,7,0,13,334,31,0,368,82,11,3,0,103,0,0,0,103,3,0,103,53,6,0,4,65,0,0,0,65,3,0,66,0,0,0,0,0,0,0,0,0,0,0,0,0,0,0,0,0,0,0,0,0,0,0,4,139,21,3,9,172,0,0,0,172,11,0,175,3,0,0,0,3,0,0,0,3,0,0,3,0,0,0,0,4,0,0,0,4,0,0,4,6,0,0,0,4,0,0,0,5,0,0,5,142,18,3,9,172,0,0,0,174,11,0,181,16,5,0,0,22,0,0,0,19,9,0,29,0,0,0,0,0,0,0,0,0,0,0,0,156,22,6,9,192,0,0,4,196,17,0,218,77,3,4,0,82,0,0,0,86,4,0,95,52,10,0,0,60,0,0,0,60,0,0,61
5003,307,7,0,10,318,41,0,359,0,0,0,7,8,0,0,0,8,0,5,13,1553,174,61,31,1826,37,3,45,1867,108,8,1979,413,40,13,6,470,3,0,4,468,13,0,485,508,49,13,4,572,4,3,7,580,13,0,591,14,3,4,0,23,0,0,0,22,0,0,23,4,0,0,4,10,0,0,0,10,0,0,11,933,92,29,10,1068,5,0,11,1079,29,0,1113,9,3,0,0,10,3,0,3,15,0,0,14,16,0,0,0,16,0,0,4,17,5,0,18,21,3,0,0,27,3,0,4,29,0,0,33,955,93,29,10,1092,8,5,17,1111,33,0,1147,166,15,3,7,190,9,0,9,193,29,0,223,0,0,0,0,0,0,0,0,0,0,0,8,1123,109,33,18,1283,19,5,22,1303,64,4,1371,525,44,19,3,600,10,0,10,607,21,0,626,642,66,27,0,738,12,0,12,750,15,0,764
5004,128,8,0,8,134,19,0,150,0,0,0,0,0,0,0,0,0,0,3,4,855,132,60,19,1068,5,5,10,1078,45,7,1125,202,35,6,0,237,4,0,4,238,8,0,248,275,50,17,3,345,3,0,0,351,20,0,369,6,4,5,0,14,0,0,0,14,0,0,14,0,0,0,4,3,0,0,0,3,0,0,3,482,82,25,4,598,7,0,11,605,30,3,635,4,0,0,0,3,0,0,0,3,0,0,3,0,0,0,0,0,0,0,0,0,0,0,0,6,0,0,0,6,0,0,0,7,0,0,7,488,82,31,4,602,10,3,6,610,30,3,643,56,13,0,0,67,4,0,4,71,13,0,78,0,0,0,0,0,0,0,0,0,0,0,4,537,94,31,10,672,7,3,12,680,36,3,722,252,39,14,0,303,3,0,3,302,19,0,320,293,57,24,4,382,3,5,4,381,16,0,397
5005,36,3,6,10,43,7,0,52,0,0,0,0,0,0,0,0,0,0,0,0,228,18,9,5,263,3,7,7,266,14,0,280,67,6,0,0,76,0,0,0,77,3,0,80,68,11,0,0,81,0,0,0,82,0,0,83,0,0,5,0,8,0,0,0,8,0,0,8,0,0,0,0,3,0,0,0,3,0,0,3,137,17,5,4,164,4,0,4,169,6,0,170,0,0,0,0,0,0,0,0,0,0,0,0,0,0,0,0,0,0,0,0,0,0,0,0,0,0,0,0,0,0,0,0,0,0,0,6,141,17,5,4,162,4,0,4,164,3,0,175,25,0,0,0,31,0,0,0,31,4,0,36,0,0,0,0,0,0,0,0,0,0,0,0,165,18,5,7,192,4,0,7,195,10,0,205,60,3,3,3,70,0,0,0,72,6,0,74,69,8,5,0,84,0,0,0,85,0,0,88
5006,113,4,0,6,118,33,0,155,0,0,0,0,0,0,0,0,0,0,4,3,693,91,17,13,820,15,8,23,844,71,4,917,199,15,8,0,224,0,0,0,227,10,0,235,201,36,14,0,249,0,0,0,255,11,0,264,9,0,0,0,5,0,0,0,5,0,0,4,0,0,0,0,0,0,0,0,0,0,0,0,399,60,20,5,482,0,0,3,486,23,0,506,0,0,0,0,0,0,0,0,0,0,0,0,4,0,0,0,3,0,0,0,3,0,0,6,3,0,0,0,4,0,0,0,8,4,0,5,404,61,20,5,488,3,0,10,493,19,0,519,42,4,0,0,49,0,0,0,49,28,0,77,0,0,0,0,0,0,0,0,0,0,0,0,445,69,22,5,538,3,0,10,547,46,3,592,275,18,8,0,293,0,0,0,296,10,0,301,199,34,18,5,248,0,0,0,248,17,0,269
5007,131,5,0,8,141,3,0,147,3,0,0,0,5,0,0,0,5,0,6,7,642,52,20,16,731,13,0,15,752,23,4,779,205,14,0,0,228,9,0,9,229,12,0,239,117,15,4,0,133,0,0,0,133,3,0,140,9,0,0,0,7,0,0,0,7,0,0,7,0,0,0,0,0,0,0,0,0,4,0,7,331,33,9,7,367,9,0,9,375,17,0,396,3,0,0,0,3,0,0,0,3,0,0,3,9,0,0,0,6,0,0,0,6,0,0,6,13,0,0,0,13,0,0,0,15,0,0,15,340,33,9,7,382,9,0,3,391,17,0,407,62,4,6,0,68,3,0,3,75,16,0,90,0,0,0,0,0,0,0,0,0,0,9,9,399,36,11,3,451,8,6,16,464,31,7,503,228,20,7,3,252,0,0,6,254,4,0,260,129,19,9,0,153,0,0,0,153,3,0,157
5008,82,0,0,0,81,0,0,81,0,0,0,0,0,0,0,0,0,0,0,0,504,30,33,0,575,6,0,6,578,12,0,593,127,8,9,0,139,4,0,4,139,6,0,147,108,11,7,0,125,3,0,3,125,0,0,125,0,0,3,0,5,0,0,0,5,0,0,5,0,0,0,5,3,0,0,0,3,0,0,3,236,17,17,4,271,5,0,5,272,5,0,278,0,0,0,0,0,0,0,0,3,0,0,3,4,0,0,0,4,0,0,0,4,0,0,4,4,0,0,0,4,0,0,0,3,0,0,3,239,17,17,4,273,3,0,3,276,5,0,286,33,0,4,3,40,0,0,0,40,9,0,47,0,0,0,0,0,0,0,0,0,0,0,0,272,15,20,4,311,3,0,3,319,10,0,326,160,4,7,0,173,0,0,0,174,8,0,179,88,8,3,0,99,0,0,0,105,0,0,103
5009,9819,252,78,327,10142,1444,28,11615,63,10,0,80,158,0,0,0,158,7,179,343,44414,5471,1203,745,51839,884,216,1101,52941,2967,319,56228,10228,1188,227,48,11685,173,39,214,11901,542,22,12466,12285,1558,305,92,14240,150,32,181,14423,430,16,14868,341,64,68,4,476,3,0,3,481,30,3,511,99,15,7,113,223,9,0,9,235,13,33,278,22938,2825,602,259,26626,337,76,412,27036,1016,76,28131,211,35,10,4,268,45,5,46,312,24,3,341,483,66,14,14,580,39,10,40,621,39,5,667,691,105,26,25,842,78,9,89,935,69,4,1009,23635,2927,626,282,27470,415,80,500,27969,1086,81,29142,4611,748,170,125,5648,172,45,215,5868,994,15,6874,28,5,0,48,87,7,0,7,86,9,108,202,28277,3677,800,459,33206,591,131,718,33921,2087,206,36217,13662,1540,295,72,15569,243,62,303,15875,747,25,16638,14817,1917,331,111,17170,207,65,268,17442,652,24,18121
5010,76,4,3,7,84,16,0,98,0,0,0,0,0,0,0,0,0,0,0,3,347,30,18,13,408,8,3,12,417,18,0,440,101,0,3,0,103,0,0,0,105,3,0,107,65,10,0,0,81,0,0,0,81,0,0,80,7,0,0,0,7,0,0,0,7,0,0,7,0,0,0,0,0,0,0,0,0,0,0,0,170,12,6,7,186,0,0,0,193,3,0,191,7,0,0,0,7,0,0,0,7,0,0,7,0,0,0,0,5,0,0,0,3,0,0,3,6,0,0,0,8,0,0,0,9,0,0,9,175,11,6,7,192,3,0,3,197,3,0,201,24,8,3,0,32,0,3,3,39,7,0,43,0,0,0,0,0,0,0,0,0,0,0,0,199,15,9,10,227,4,3,6,239,8,5,244,89,0,5,0,94,0,0,0,94,4,0,97,35,6,0,0,46,0,0,0,46,0,0,51
6000,544,17,6,24,572,182,3,751,9,0,0,0,9,0,0,0,9,0,19,26,2658,521,95,83,3359,59,24,87,3444,389,19,3858,596,84,17,8,705,4,0,12,713,46,0,760,832,189,30,10,1066,14,0,20,1086,75,0,1163,50,10,9,0,69,0,0,0,69,3,0,73,13,0,0,28,37,0,0,0,33,5,0,38,1481,286,56,49,1873,24,9,34,1910,130,0,2039,14,7,0,6,19,6,0,6,30,0,0,30,14,0,0,0,24,0,0,0,20,0,0,31,28,8,0,6,43,6,0,13,56,0,0,55,1514,294,59,47,1915,34,11,48,1957,136,0,2097,237,61,19,12,324,7,7,9,340,155,3,494,4,0,0,0,5,0,0,0,5,0,10,15,1753,353,80,59,2247,40,17,58,2304,293,12,2614,634,124,28,15,797,3,7,9,809,64,0,873,901,195,43,13,1150,14,3,16,1165,100,3,1263
6001,96,0,0,0,98,30,0,131,0,0,0,0,0,0,0,0,0,0,0,0,458,72,26,3,566,13,3,16,576,58,0,639,99,7,0,0,114,0,3,5,121,6,0,128,134,20,0,4,154,0,0,0,154,5,0,164,5,3,0,0,9,0,0,0,9,0,0,9,0,0,0,0,0,0,0,0,0,0,0,0,237,34,5,3,279,0,3,5,283,16,0,301,3,0,3,0,11,0,0,0,11,0,0,8,0,0,0,0,0,0,0,0,6,0,0,6,5,0,3,0,11,0,0,0,6,0,0,9,240,36,7,3,287,0,3,3,293,16,0,309,50,3,3,0,56,4,0,6,64,17,0,81,0,0,0,0,0,0,0,0,0,0,0,0,289,35,11,3,346,4,0,6,355,34,3,391,127,18,11,3,155,3,0,3,160,9,0,169,151,19,4,5,178,6,0,6,189,6,0,196
6002,90,5,0,10,98,41,0,137,0,0,0,0,0,0,0,0,0,0,0,0,481,79,15,3,582,11,6,20,605,61,3,668,138,11,5,4,158,8,0,8,165,11,0,170,146,33,11,0,188,3,0,6,191,12,0,200,6,0,5,0,13,0,0,0,13,0,0,11,0,0,0,0,3,0,0,0,3,0,0,0,296,44,11,4,357,6,0,8,370,25,0,389,3,0,0,0,4,4,0,6,11,3,0,9,8,0,0,0,8,3,0,3,9,0,0,7,12,0,0,0,13,3,0,7,16,3,0,22,304,43,11,4,367,13,4,16,382,24,0,410,42,12,0,0,57,3,4,3,62,30,0,91,0,0,0,0,0,0,0,0,0,0,0,0,351,58,14,4,425,17,0,17,445,55,0,500,151,22,9,0,183,5,4,3,188,15,0,196,167,34,5,0,214,0,0,3,217,9,0,228
6003,597,27,8,30,623,168,0,796,5,0,0,0,7,0,0,0,6,0,11,22,4023,772,96,59,4952,77,19,101,5052,365,14,5425,1025,176,26,3,1226,14,4,17,1253,64,0,1313,1125,228,18,12,1374,11,0,11,1387,46,0,1437,27,16,17,0,59,0,0,0,59,8,0,68,10,0,5,7,26,0,0,0,29,0,0,27,2184,415,64,29,2693,30,4,30,2724,117,0,2844,10,4,0,0,14,3,0,3,20,0,0,26,30,4,0,0,26,0,3,3,29,0,0,36,43,7,0,0,48,3,6,4,54,10,0,58,2225,425,64,29,2736,37,6,43,2778,121,0,2906,299,66,11,3,378,16,0,13,391,135,0,524,0,0,0,3,3,0,0,0,3,0,7,9,2523,489,71,32,3117,51,6,56,3173,262,12,3441,1328,209,30,6,1567,7,7,17,1582,85,0,1664,1367,250,25,8,1653,13,6,21,1673,75,0,1748
6004,304,8,3,17,318,85,0,404,3,0,0,0,3,0,0,0,3,0,0,7,1585,333,33,20,1968,40,8,49,2016,153,8,2185,372,54,5,0,436,8,0,8,444,22,0,463,525,72,8,3,601,6,5,12,608,24,0,637,13,8,6,0,26,0,0,0,26,0,0,33,5,0,0,0,8,0,0,0,8,0,0,8,918,134,21,6,1077,16,5,22,1090,44,0,1137,4,3,0,0,9,0,0,0,9,5,0,20,5,0,0,0,9,0,0,0,7,0,0,7,12,3,0,0,15,0,0,0,19,8,0,22,928,138,21,6,1093,16,5,18,1113,54,0,1161,126,33,4,4,170,4,8,7,175,59,0,231,0,0,0,0,0,0,0,0,0,0,5,7,1060,173,20,8,1266,17,8,25,1288,107,0,1401,530,77,10,5,624,6,3,10,634,23,0,667,592,95,3,3,699,9,0,9,702,35,0,735
6005,45,0,0,3,46,19,0,65,0,6,0,0,6,0,0,0,6,0,0,6,241,36,5,0,288,3,0,5,290,26,0,323,59,4,0,0,67,0,0,0,67,0,0,65,81,13,0,0,93,0,0,0,93,0,0,94,0,0,0,0,5,0,0,0,5,0,0,5,0,0,0,0,0,0,0,0,0,0,0,0,143,13,5,0,161,0,0,0,161,4,0,168,0,0,0,0,0,0,0,0,0,0,0,0,0,0,0,0,0,0,0,0,0,0,0,0,0,0,0,0,0,0,0,0,0,0,0,0,145,13,7,0,163,0,0,0,163,4,0,171,18,4,0,0,27,0,0,0,26,11,0,36,0,0,0,0,0,0,0,0,0,0,0,0,165,16,9,0,187,0,0,0,194,17,0,204,71,16,0,0,91,3,0,3,95,3,0,99,90,11,3,3,119,0,0,4,114,9,0,126
7000,253,51,13,69,325,634,9,964,4,0,0,4,7,0,0,0,7,3,51,59,955,229,51,44,1277,132,27,162,1442,792,68,2302,263,32,11,6,309,0,0,5,310,30,0,343,109,52,3,6,173,11,0,17,187,29,0,221,10,4,3,0,21,0,0,0,21,0,0,23,3,0,0,7,16,0,0,0,13,11,0,23,391,88,21,22,518,15,7,17,532,67,0,603,0,9,0,0,11,31,0,31,38,10,0,47,6,0,0,0,6,0,10,10,15,6,0,13,6,12,0,0,19,31,10,41,57,12,0,66,394,97,21,22,531,46,13,55,587,81,0,670,99,36,9,4,150,16,9,31,176,391,3,570,4,0,0,4,4,0,0,0,4,0,19,21,496,129,31,24,683,64,18,81,766,476,22,1265,310,14,13,0,341,4,0,4,343,31,0,374,94,42,4,5,139,0,0,7,146,33,0,179
7001,82,3,0,6,89,34,0,124,0,0,0,0,0,0,0,0,0,0,0,0,491,75,12,8,589,11,4,15,602,50,3,654,165,17,3,0,183,0,0,0,187,3,0,188,62,14,0,0,82,0,0,0,81,8,0,84,8,0,0,0,6,0,0,0,6,0,0,9,0,0,0,6,3,0,0,0,3,0,0,0,237,31,4,0,278,0,0,3,278,13,0,292,3,0,0,0,3,0,0,0,0,0,0,7,0,0,0,0,0,0,0,0,0,0,0,4,3,0,0,0,3,0,0,3,5,4,0,6,245,31,4,0,277,3,0,5,280,16,0,296,35,0,0,0,36,0,0,0,36,32,0,62,0,0,0,0,0,0,0,0,0,0,0,0,270,31,4,3,314,3,0,5,318,46,0,362,210,10,0,0,226,3,0,7,233,5,0,245,66,13,0,0,78,0,0,0,78,7,0,88
7002,332,8,0,12,342,81,0,426,8,0,0,0,9,3,0,3,11,0,6,14,2401,311,83,38,2840,54,3,56,2901,188,6,3094,925,83,13,12,1040,16,9,18,1059,38,0,1093,397,51,18,0,472,4,0,3,475,15,0,491,31,3,7,0,36,0,0,0,36,0,0,37,7,0,0,8,14,0,0,0,19,5,0,15,1358,144,37,20,1563,18,5,23,1587,56,0,1639,15,4,4,0,19,6,0,6,20,0,0,20,9,5,0,0,14,4,10,7,24,0,0,25,25,7,4,0,31,9,10,19,49,0,0,46,1380,153,44,20,1592,28,11,41,1637,56,0,1691,134,34,0,11,176,11,0,10,187,62,0,256,0,0,0,0,0,5,0,5,8,0,5,9,1516,182,44,25,1776,40,15,58,1829,118,0,1954,1097,94,35,8,1228,24,4,23,1256,55,0,1312,433,79,19,4,535,0,0,4,532,32,3,567
8000,0,0,0,0,0,0,0,0,0,0,0,0,0,0,0,0,0,0,0,0,27,5,4,0,35,0,0,0,35,0,0,35,13,0,0,0,13,0,0,0,13,0,0,13,13,0,0,0,13,0,0,0,13,0,0,13,0,0,0,0,0,0,0,0,0,0,0,0,0,0,0,0,0,0,0,0,0,0,0,0,20,0,0,0,20,0,0,0,20,0,0,20,0,0,0,0,0,0,0,0,0,0,0,0,0,0,0,0,0,0,0,0,0,0,0,0,0,0,0,0,0,0,0,0,0,0,0,0,20,0,0,0,20,0,0,0,20,0,0,20,0,0,0,0,0,0,0,0,0,0,0,0,0,0,0,0,0,0,0,0,0,0,0,0,26,0,0,0,26,0,0,0,26,0,0,26,11,0,0,0,13,0,0,0,13,0,0,18,9,0,0,0,10,0,0,0,13,0,0,13
8001,1237,33,10,41,1281,189,0,1470,16,3,0,14,34,0,0,0,34,3,14,46,11286,1384,270,102,13040,145,48,193,13227,566,33,13825,3958,375,56,11,4408,39,13,52,4454,173,0,4630,1983,270,33,9,2297,24,3,30,2332,70,4,2407,135,25,34,7,194,0,0,0,198,5,0,203,12,0,0,26,37,0,0,0,38,4,3,47,6092,673,124,51,6933,66,15,80,7014,258,14,7283,40,9,0,0,50,8,0,7,60,6,0,61,44,8,0,0,55,0,4,5,63,7,0,70,87,18,0,0,106,14,0,13,118,12,0,133,6172,689,127,51,7041,79,17,97,7133,271,10,7417,593,100,12,13,713,16,7,19,739,142,0,875,13,0,0,0,19,0,0,0,19,0,7,24,6774,791,136,69,7771,93,22,120,7891,407,25,8322,5064,497,100,9,5676,48,18,64,5743,293,0,6037,2385,301,56,13,2749,28,3,29,2787,107,0,2898
9000,15,0,0,0,15,5,0,16,0,0,0,0,0,0,0,0,0,0,3,6,78,17,7,3,100,0,3,3,99,9,3,111,25,4,4,0,34,0,0,0,34,0,0,34,18,0,0,0,20,0,0,0,20,0,0,19,0,0,0,0,0,0,0,0,0,0,0,0,0,0,0,0,0,0,0,0,0,0,0,0,40,7,4,0,51,0,0,0,51,0,0,53,0,0,0,0,0,0,0,0,0,0,0,0,0,0,0,0,0,0,0,0,0,0,0,0,0,0,0,0,0,0,0,0,0,0,0,0,40,7,4,0,51,0,0,0,56,0,0,57,3,0,0,0,4,0,0,0,9,0,0,9,0,0,0,0,0,0,0,0,0,0,0,5,47,11,4,0,62,0,0,0,60,0,0,64,20,0,0,0,24,0,0,0,24,0,0,22,13,9,4,0,19,0,0,0,19,0,0,17
