SUA_CODE_2021,M_15_19_Prvided_unpaid_assist,M_15_19_No_unpad_asst_prvided,M_15_19_Unpaid_assist_ns,M_15_19_Tot,M_20_24_Prvided_unpaid_assist,M_20_24_No_unpad_asst_prvided,M_20_24_Unpaid_assist_ns,M_20_24_Tot,M_25_34_Prvided_unpaid_assist,M_25_34_No_unpad_asst_prvided,M_25_34_Unpaid_assist_ns,M_25_34_Tot,M_35_44_Prvided_unpaid_assist,M_35_44_No_unpad_asst_prvided,M_35_44_Unpaid_assist_ns,M_35_44_Tot,M_45_54_Prvided_unpaid_assist,M_45_54_No_unpad_asst_prvided,M_45_54_Unpaid_assist_ns,M_45_54_Tot,M_55_64_Prvided_unpaid_assist,M_55_64_No_unpad_asst_prvided,M_55_64_Unpaid_assist_ns,M_55_64_Tot,M_65_74_Prvided_unpaid_assist,M_65_74_No_unpad_asst_prvided,M_65_74_Unpaid_assist_ns,M_65_74_Tot,M_75_84_Prvided_unpaid_assist,M_75_84_No_unpad_asst_prvided,M_75_84_Unpaid_assist_ns,M_75_84_Tot,M_85_ov_Prvided_unpaid_assist,M_85_ov_No_unpad_asst_prvided,M_85_ov_Unpaid_assist_ns,M_85_ov_Tot,M_Tot_prvided_unpaid_assist,M_Tot_No_unpaid_asst_prvided,M_Tot_Unpaid_assist_ns,M_Tot_Tot,F_15_19_Prvided_unpaid_assist,F_15_19_No_unpad_asst_prvided,F_15_19_Unpaid_assist_ns,F_15_19_Tot,F_20_24_Prvided_unpaid_assist,F_20_24_No_unpad_asst_prvided,F_20_24_Unpaid_assist_ns,F_20_24_Tot,F_25_34_Prvided_unpaid_assist,F_25_34_No_unpad_asst_prvided,F_25_34_Unpaid_assist_ns,F_25_34_Tot,F_35_44_Prvided_unpaid_assist,F_35_44_No_unpad_asst_prvided,F_35_44_Unpaid_assist_ns,F_35_44_Tot,F_45_54_Prvided_unpaid_assist,F_45_54_No_unpad_asst_prvided,F_45_54_Unpaid_assist_ns,F_45_54_Tot,F_55_64_Prvided_unpaid_assist,F_55_64_No_unpad_asst_prvided,F_55_64_Unpaid_assist_ns,F_55_64_Tot,F_65_74_Prvided_unpaid_assist,F_65_74_No_unpad_asst_prvided,F_65_74_Unpaid_assist_ns,F_65_74_Tot,F_75_84_Prvided_unpaid_assist,F_75_84_No_unpad_asst_prvided,F_75_84_Unpaid_assist_ns,F_75_84_Tot,F_85_ov_Prvided_unpaid_assist,F_85_ov_No_unpad_asst_prvided,F_85_ov_Unpaid_assist_ns,F_85_ov_Tot,F_Tot_prvided_unpaid_assist,F_Tot_No_unpaid_asst_prvided,F_Tot_Unpaid_assist_ns,F_Tot_Tot,P_15_19_Prvided_unpaid_assist,P_15_19_No_unpad_asst_prvided,P_15_19_Unpaid_assist_ns,P_15_19_Tot,P_20_24_Prvided_unpaid_assist,P_20_24_No_unpad_asst_prvided,P_20_24_Unpaid_assist_ns,P_20_24_Tot,P_25_34_Prvided_unpaid_assist,P_25_34_No_unpad_asst_prvided,P_25_34_Unpaid_assist_ns,P_25_34_Tot,P_35_44_Prvided_unpaid_assist,P_35_44_No_unpad_asst_prvided,P_35_44_Unpaid_assist_ns,P_35_44_Tot,P_45_54_Prvided_unpaid_assist,P_45_54_No_unpad_asst_prvided,P_45_54_Unpaid_assist_ns,P_45_54_Tot,P_55_64_Prvided_unpaid_assist,P_55_64_No_unpad_asst_prvided,P_55_64_Unpaid_assist_ns,P_55_64_Tot,P_65_74_Prvided_unpaid_assist,P_65_74_No_unpad_asst_prvided,P_65_74_Unpaid_assist_ns,P_65_74_Tot,P_75_84_Prvided_unpaid_assist,P_75_84_No_unpad_asst_prvided,P_75_84_Unpaid_assist_ns,P_75_84_Tot,P_85_ov_Prvided_unpaid_assist,P_85_ov_No_unpad_asst_prvided,P_85_ov_Unpaid_assist_ns,P_85_ov_Tot,P_Tot_prvided_unpaid_assist,P_Tot_No_unpaid_asst_prvided,P_Tot_Unpaid_assist_ns,P_Tot_Tot
1000,1329,24794,3493,29618,1274,19391,2780,23450,3447,40395,6209,50050,5445,41551,6312,53303,8394,49233,6580,64200,11196,59624,6944,77761,8200,58962,6197,73355,3849,29712,3793,37359,900,7928,1445,10281,44037,331591,43757,419389,1622,23040,3111,27767,1676,17647,2099,21421,5781,40704,4897,51383,9459,41389,5191,56041,13962,47120,5452,66528,17615,55029,5873,78512,11071,52351,5327,68746,4178,28827,4081,37089,711,11700,2313,14721,66069,317801,38339,422206,2950,47827,6608,57384,2953,37039,4879,44872,9229,81102,11105,101435,14898,82938,11501,109347,22353,96352,12027,130732,28808,114647,12816,156274,19270,111316,11524,142106,8033,58544,7881,74446,1616,19629,3753,25000,110109,649393,82097,841594
1001,134,2739,217,3086,172,2663,195,3029,442,5550,444,6437,642,4786,384,5815,811,4455,347,5607,859,4353,298,5510,618,4073,261,4950,328,2066,177,2565,87,656,82,831,4087,31327,2406,37822,173,2555,189,2921,230,2523,193,2941,788,5450,411,6650,1199,4750,362,6309,1402,4370,276,6047,1503,4322,270,6097,1006,4173,273,5449,425,2550,281,3258,69,1182,159,1401,6790,31876,2417,41079,307,5297,407,6009,402,5180,389,5973,1233,11005,855,13092,1838,9543,744,12123,2208,8821,625,11653,2360,8670,566,11600,1623,8240,535,10394,752,4613,462,5823,155,1835,243,2228,10877,63200,4817,78903
1002,61,697,153,907,54,798,173,1025,121,1274,171,1567,146,1044,91,1278,148,939,74,1163,233,1007,87,1324,148,853,66,1069,91,513,76,683,30,157,38,226,1031,7285,919,9238,60,840,216,1118,68,830,193,1092,161,1350,169,1687,206,1033,115,1350,284,991,80,1356,352,1006,81,1432,196,917,74,1188,93,677,91,859,19,277,75,378,1439,7921,1101,10459,121,1538,371,2028,118,1625,369,2111,289,2628,338,3251,347,2074,203,2626,431,1930,160,2521,582,2007,166,2760,347,1770,137,2253,189,1187,168,1542,51,436,115,599,2470,15206,2024,19697
1003,61,1104,106,1269,51,860,67,977,134,1696,151,1989,229,2112,171,2509,380,2241,148,2768,508,2397,175,3078,397,2620,169,3185,215,1496,115,1824,84,521,86,691,2066,15049,1181,18295,76,1002,70,1147,77,766,52,902,194,1912,161,2266,397,2165,161,2724,688,2290,155,3124,851,2413,155,3419,592,2733,183,3516,272,1700,168,2135,57,898,191,1146,3208,15878,1300,20383,135,2099,183,2416,126,1629,116,1877,335,3609,314,4253,626,4279,328,5234,1064,4527,306,5897,1360,4815,321,6499,990,5357,352,6697,488,3190,282,3961,145,1417,272,1833,5270,30925,2478,38674
1004,25,374,51,447,18,275,33,329,51,594,63,699,84,598,59,739,124,798,100,1034,183,991,80,1255,188,1285,95,1570,94,690,74,855,24,220,19,258,796,5824,570,7192,35,322,41,396,23,262,25,307,76,607,72,752,149,591,72,812,217,751,74,1041,283,1129,84,1492,221,1297,93,1615,106,744,87,942,16,350,32,404,1125,6047,590,7762,58,686,94,837,37,543,61,641,125,1196,136,1452,233,1189,127,1552,346,1556,177,2069,467,2119,165,2748,414,2584,190,3186,203,1436,161,1797,35,572,53,664,1923,11877,1162,14958
1005,58,1163,101,1323,62,1133,189,1382,156,2074,419,2653,195,1743,343,2277,308,1656,204,2171,325,1611,127,2062,206,1467,79,1751,120,813,66,999,37,267,29,335,1474,11922,1557,14952,63,1075,64,1199,84,1091,72,1248,261,2107,141,2510,361,1706,111,2175,512,1666,127,2301,519,1585,106,2210,303,1496,83,1879,145,932,87,1156,27,561,55,641,2262,12215,845,15324,122,2242,160,2520,145,2219,259,2631,422,4185,563,5163,552,3444,452,4447,823,3322,330,4470,846,3193,231,4268,504,2960,164,3631,266,1741,155,2162,66,830,82,977,3742,24134,2400,30275
1006,57,1065,49,1169,49,794,59,897,100,1749,73,1929,194,1798,123,2117,304,2034,136,2465,376,2063,100,2536,284,2176,137,2593,207,1556,126,1893,60,468,104,634,1635,13707,903,16248,63,1033,54,1151,49,752,58,865,193,1712,87,1993,342,1800,97,2237,561,2071,135,2769,638,2120,104,2857,483,2601,142,3228,271,1840,161,2271,46,663,172,881,2646,14593,1007,18242,122,2102,100,2322,104,1546,120,1763,296,3463,163,3919,534,3601,219,4355,867,4105,269,5232,1009,4182,209,5395,771,4779,275,5825,483,3398,289,4162,108,1131,275,1515,4281,28302,1907,34488
1007,16,431,71,519,20,394,55,475,63,873,117,1050,89,719,117,921,151,760,101,1015,197,967,76,1244,125,898,83,1101,57,429,51,542,25,149,35,205,742,5613,710,7073,27,379,50,452,13,368,38,424,130,894,104,1128,174,696,88,962,202,710,82,993,310,930,82,1320,184,858,74,1112,96,541,101,735,24,280,81,388,1158,5656,707,7516,42,810,119,971,39,765,96,896,195,1765,215,2182,261,1416,209,1883,355,1473,179,2010,511,1893,165,2570,304,1753,158,2214,153,967,151,1272,40,431,120,590,1899,11271,1417,14592
1008,12,183,24,208,8,180,30,221,30,831,121,983,46,695,93,843,81,534,69,688,84,532,54,675,51,528,43,620,25,192,23,237,0,42,3,50,349,3728,452,4520,10,170,19,199,11,271,46,329,44,968,129,1134,93,700,78,870,105,534,54,695,136,502,62,705,79,490,37,604,29,194,20,241,5,93,22,121,504,3928,467,4904,23,354,42,413,16,457,76,544,76,1798,246,2118,138,1402,171,1711,184,1070,128,1387,225,1039,114,1375,134,1015,74,1225,54,383,38,483,8,139,28,171,854,7657,919,9431
1009,28,422,38,488,19,285,14,316,49,431,39,513,76,533,42,649,145,826,40,1013,220,1076,69,1361,223,1566,88,1876,146,995,60,1201,47,268,35,348,944,6403,421,7767,22,369,25,418,19,225,13,254,78,437,27,539,153,613,34,793,242,816,28,1088,424,1139,64,1630,314,1535,61,1910,155,991,82,1229,33,389,41,462,1433,6510,377,8322,47,796,64,905,34,508,30,574,122,868,61,1058,226,1142,74,1443,388,1638,68,2098,644,2214,134,2996,531,3102,152,3785,302,1982,139,2429,79,651,78,811,2382,12912,800,16093
1010,463,9332,604,10394,529,8254,501,9285,1221,16068,1200,18485,1978,16609,1141,19731,2726,17216,1186,21128,3021,16944,1036,20998,2095,15567,1029,18693,1305,9455,1001,11760,320,2877,716,3916,13654,112320,8423,134395,510,8570,527,9608,634,7866,506,8999,1981,16260,1136,19367,3552,16571,1123,21243,4669,16844,991,22507,5083,17264,987,23332,3347,17066,1197,21603,1420,10933,1421,13778,278,4838,1478,6602,21473,116213,9365,147043,971,17901,1133,20002,1164,16117,1007,18281,3194,32325,2333,37850,5532,33177,2261,40975,7397,34062,2178,43634,8101,34206,2020,44328,5439,32633,2229,40301,2724,20394,2422,25537,597,7717,2199,10520,35118,228531,17781,281435
1011,101,1889,165,2147,93,1526,126,1740,258,3434,345,4035,397,3449,323,4171,549,3489,289,4331,729,3606,258,4588,597,3792,226,4612,263,2032,220,2516,94,663,135,896,3082,23868,2082,29035,116,1841,132,2091,118,1418,114,1652,457,3525,329,4306,713,3593,286,4588,1006,3536,244,4781,1195,3767,249,5203,862,3900,247,5004,359,2324,310,3002,70,1037,276,1382,4881,24941,2193,32016,218,3729,297,4245,209,2943,234,3387,712,6950,675,8340,1107,7040,610,8761,1557,7024,535,9115,1918,7376,501,9795,1457,7691,473,9620,621,4361,534,5513,161,1702,414,2277,7963,48812,4280,61051
1012,62,1017,156,1234,55,953,134,1140,165,2708,329,3199,202,1960,240,2401,265,1666,213,2146,274,1623,164,2055,173,1338,128,1646,109,786,90,982,37,256,43,337,1336,12303,1491,15128,45,948,102,1098,68,1081,109,1263,333,2750,335,3419,416,1916,248,2582,487,1622,193,2298,550,1627,151,2318,278,1454,132,1863,143,1025,128,1293,20,478,77,572,2337,12892,1471,16703,109,1963,256,2327,126,2035,241,2400,492,5458,660,6620,618,3881,485,4981,748,3281,407,4442,824,3243,311,4373,454,2794,259,3507,247,1810,219,2274,53,732,128,909,3671,25200,2967,31834
1013,22,401,37,456,27,292,28,349,56,580,53,691,100,687,46,832,150,799,68,1022,189,1145,80,1413,254,1619,127,2004,140,1131,121,1393,53,388,84,524,994,7046,646,8684,20,391,44,456,32,287,20,343,82,657,59,802,156,679,48,885,269,805,55,1127,389,1215,80,1679,351,1689,142,2188,169,1226,175,1572,40,588,201,829,1505,7537,829,9875,39,793,76,915,59,578,53,690,142,1237,113,1493,259,1363,97,1717,422,1602,125,2149,575,2357,154,3089,605,3316,271,4185,306,2357,300,2963,92,978,287,1355,2498,14585,1474,18557
1014,37,587,52,677,43,639,101,788,131,1325,286,1746,157,1115,183,1456,217,1034,193,1436,221,1184,105,1508,158,1018,86,1264,89,619,53,756,28,206,23,261,1081,7730,1086,9895,39,527,43,613,48,550,40,635,201,1343,107,1650,269,1065,94,1432,324,1069,75,1467,335,1126,72,1527,230,1152,82,1460,107,767,61,933,19,412,39,470,1565,8007,607,10178,79,1117,96,1294,92,1192,136,1414,327,2671,389,3394,428,2182,276,2882,539,2100,266,2907,554,2309,174,3036,389,2167,171,2721,197,1379,117,1688,47,618,65,733,2649,15740,1689,20071
1015,37,517,57,610,32,435,54,521,75,838,98,1012,111,750,83,939,154,776,85,1020,215,865,82,1160,150,910,69,1130,64,578,59,711,25,223,30,269,858,5899,611,7370,28,407,45,478,43,462,46,550,146,892,103,1141,217,759,89,1061,260,814,84,1159,331,841,62,1243,233,912,70,1216,100,715,92,901,30,398,81,505,1388,6194,674,8256,59,925,98,1089,69,896,99,1069,227,1728,201,2156,323,1509,175,2003,414,1588,178,2176,547,1710,148,2406,384,1827,139,2342,171,1297,146,1614,55,616,108,777,2244,12092,1287,15625
1016,26,529,47,611,17,558,58,632,80,1400,167,1646,131,1140,110,1372,139,988,106,1230,154,938,79,1165,99,629,61,791,59,389,54,500,20,148,54,217,715,6719,733,8167,30,510,30,579,33,483,52,574,145,1386,137,1661,179,1052,97,1327,230,925,80,1233,270,795,77,1137,155,684,64,899,69,493,62,630,14,278,92,385,1125,6609,681,8422,61,1043,78,1185,53,1036,113,1204,221,2786,298,3312,305,2191,201,2701,366,1913,182,2467,422,1724,156,2305,254,1314,128,1694,126,882,120,1125,28,429,139,603,1844,13325,1421,16593
1017,25,413,73,516,27,323,155,504,66,576,380,1022,105,496,288,891,129,611,149,885,142,730,115,983,121,755,70,948,53,414,51,516,21,117,15,154,692,4444,1291,6426,38,384,62,481,31,329,37,397,136,580,106,818,203,519,97,821,214,597,87,901,247,728,72,1042,177,743,69,985,68,464,82,617,7,237,62,305,1122,4579,676,6375,66,798,133,1002,54,650,193,906,201,1156,481,1841,312,1018,381,1709,341,1212,233,1783,385,1455,184,2033,301,1497,136,1933,126,881,129,1139,26,355,79,460,1817,9020,1965,12802
1018,42,799,71,913,56,732,81,869,136,1450,145,1732,178,1293,120,1601,276,1332,129,1726,306,1444,112,1854,202,1253,87,1542,79,639,55,780,27,240,32,303,1291,9186,842,11319,40,717,95,847,64,689,83,839,211,1450,149,1808,353,1318,137,1804,454,1334,90,1880,497,1400,98,1991,309,1334,75,1721,113,889,91,1088,27,457,75,563,2060,9588,894,12543,84,1522,167,1768,117,1423,163,1709,346,2902,294,3541,526,2612,261,3398,728,2661,218,3609,800,2838,210,3848,507,2589,165,3261,189,1529,146,1862,53,702,108,862,3350,18774,1738,23865
1019,12,283,36,343,21,280,57,354,49,562,174,787,65,469,128,662,118,552,72,735,125,652,72,855,88,666,72,821,44,409,42,491,11,117,10,137,537,3983,662,5185,23,248,32,301,24,230,14,272,78,552,42,678,108,465,42,614,182,523,46,745,204,652,37,892,116,675,59,844,63,487,53,606,4,227,18,258,803,4066,342,5213,34,535,70,639,46,512,67,627,129,1116,225,1468,168,936,173,1276,298,1072,112,1486,329,1310,112,1748,197,1339,124,1664,107,892,98,1100,19,345,28,388,1337,8050,1008,10392
1020,19,454,27,504,25,375,26,427,42,671,46,758,94,738,47,878,157,805,57,1023,136,795,44,980,111,711,48,865,52,363,36,451,9,61,11,72,642,4967,343,5951,34,391,26,443,31,326,21,373,93,675,39,814,205,716,38,963,256,705,37,1001,223,696,42,962,148,669,49,859,51,339,31,416,10,78,5,86,1051,4592,275,5920,56,845,51,950,53,694,50,803,139,1348,84,1573,304,1458,80,1844,417,1515,95,2020,352,1496,89,1939,252,1379,89,1724,103,697,63,863,16,136,18,166,1690,9560,619,11876
1021,45,674,39,757,41,757,44,845,104,1315,78,1495,148,1212,86,1446,231,1286,68,1585,255,1342,81,1678,211,1399,84,1687,157,947,82,1180,52,366,35,455,1247,9291,591,11126,40,651,54,750,54,663,38,754,170,1345,67,1585,262,1120,72,1455,362,1172,67,1610,442,1356,75,1871,292,1437,109,1839,177,1129,111,1414,36,583,62,683,1839,9465,654,11958,91,1324,88,1503,96,1421,85,1600,279,2657,147,3079,413,2332,156,2902,595,2464,135,3191,696,2696,154,3547,498,2833,192,3521,336,2077,185,2595,88,952,101,1138,3083,18749,1247,23078
1022,17,341,24,376,23,294,14,333,52,749,56,859,84,646,58,786,84,593,42,713,90,541,41,667,60,455,36,554,28,297,28,357,11,98,15,127,439,4016,322,4777,18,297,18,328,14,270,21,308,94,780,54,929,128,602,43,775,150,563,40,752,160,512,36,705,84,489,40,615,50,384,32,462,7,183,43,233,705,4080,322,5114,30,631,41,710,35,570,38,642,150,1529,111,1786,211,1250,99,1560,230,1153,78,1469,243,1055,79,1379,147,945,77,1167,79,676,68,822,21,279,57,353,1147,8099,646,9889
1023,6,381,35,422,16,299,46,367,61,721,163,952,84,629,127,843,64,611,100,779,92,575,60,726,49,434,29,506,28,196,31,243,0,45,11,60,407,3894,598,4897,24,305,28,354,19,288,19,327,108,736,63,906,124,570,66,756,135,570,48,753,118,531,31,682,63,420,36,516,27,222,23,271,0,103,19,122,607,3741,332,4681,32,681,57,770,32,590,69,696,163,1464,231,1860,208,1202,192,1603,201,1182,150,1528,210,1104,91,1404,105,852,62,1026,51,411,48,517,0,147,29,179,1008,7634,934,9573
1024,31,715,50,801,20,494,37,557,70,893,72,1040,125,957,58,1141,193,1328,85,1608,313,1694,109,2116,269,2037,114,2417,169,1356,141,1668,43,326,63,434,1247,9802,736,11779,46,592,39,669,40,465,31,537,109,872,55,1032,226,1024,65,1310,356,1350,67,1778,535,1747,96,2380,444,2097,134,2671,218,1390,162,1774,29,487,154,671,1997,10024,796,12823,74,1306,93,1471,62,961,68,1097,180,1762,128,2069,355,1977,116,2450,550,2680,151,3381,852,3444,205,4501,712,4133,246,5085,391,2747,303,3440,68,809,221,1104,3246,19820,1529,24604
1025,648,13705,840,15194,793,15161,1131,17084,2165,30141,2354,34662,3243,26422,2025,31694,4220,24775,1687,30679,4869,22808,1445,29120,3504,20053,1329,24889,1606,11098,1019,13719,437,3391,647,4479,21489,167554,12474,201522,752,13068,778,14590,1152,14698,878,16721,3586,29970,1634,35189,5568,25775,1413,32754,7128,23642,1182,31953,7874,22237,1140,31249,4878,20976,1305,27151,1841,13042,1398,16285,355,6257,1345,7958,33127,169663,11061,213849,1399,26771,1618,29785,1942,29858,2010,33805,5749,60117,3987,69849,8809,52201,3434,64445,11352,48423,2868,62634,12743,45043,2587,60368,8384,41028,2629,52045,3448,24136,2418,30001,796,9647,1995,12437,54617,337214,23538,415368
1026,55,1014,114,1180,59,985,171,1214,181,2050,488,2721,219,1653,397,2277,289,1619,283,2195,348,1732,195,2271,261,1677,119,2055,162,1003,77,1242,42,348,35,426,1618,12081,1883,15583,56,910,110,1075,79,916,88,1082,300,1970,204,2481,392,1679,179,2245,501,1618,158,2270,542,1708,120,2370,392,1750,116,2256,160,1091,100,1346,40,537,47,628,2457,12165,1126,15753,115,1920,221,2257,136,1898,262,2296,483,4020,698,5201,608,3330,584,4520,786,3234,444,4469,890,3436,312,4643,656,3426,238,4314,316,2087,177,2581,82,888,85,1054,4074,24247,3009,31332
1027,46,1211,82,1337,53,1014,96,1167,135,2395,170,2702,252,2088,150,2495,301,1937,154,2396,308,1701,113,2127,199,1558,118,1873,122,882,88,1087,39,314,51,401,1462,13099,1025,15589,65,1086,81,1228,94,1021,76,1189,313,2528,189,3026,418,2207,160,2790,508,1869,124,2500,518,1740,118,2373,320,1728,118,2164,130,1086,114,1334,27,502,106,635,2397,13779,1078,17251,113,2300,157,2567,143,2042,173,2354,442,4924,364,5732,669,4298,316,5281,814,3808,284,4902,831,3440,232,4500,520,3282,238,4040,257,1971,198,2424,68,817,158,1045,3858,26871,2108,32841
1028,85,1283,87,1452,67,1053,86,1197,162,2020,156,2336,246,2158,143,2541,394,2275,116,2791,443,2345,146,2937,367,2711,156,3230,278,1820,168,2263,80,612,147,842,2124,16271,1203,19600,81,1289,74,1447,104,1114,84,1307,289,2080,134,2500,502,2164,132,2796,732,2381,121,3228,801,2597,131,3528,649,2874,180,3699,279,2182,236,2702,76,982,267,1321,3518,17662,1360,22531,162,2576,163,2897,172,2160,168,2511,454,4104,288,4842,743,4318,277,5337,1129,4653,239,6021,1250,4941,275,6462,1012,5586,334,6934,560,3999,404,4966,155,1593,413,2162,5638,33933,2563,42132
1029,30,651,87,771,19,591,99,714,86,1122,105,1315,121,831,70,1021,132,872,57,1061,150,765,68,976,91,538,34,672,41,271,29,336,10,102,8,117,675,5745,552,6976,27,416,29,473,39,416,28,479,116,1018,69,1201,156,835,42,1041,232,822,50,1101,208,680,43,930,116,535,41,690,30,331,21,382,11,165,8,189,932,5220,333,6477,59,1075,112,1243,58,1008,126,1192,202,2137,180,2513,278,1669,113,2061,361,1695,105,2163,352,1439,108,1905,205,1079,76,1364,70,599,43,713,23,271,17,306,1606,10962,888,13458
1030,24,414,51,490,24,372,31,423,57,795,70,919,107,803,77,990,174,843,90,1105,213,1058,84,1361,202,1361,89,1653,124,803,68,993,32,211,23,264,955,6654,586,8198,22,407,43,468,37,326,29,392,102,801,72,976,214,787,69,1075,250,881,61,1190,364,1084,76,1528,290,1422,88,1796,124,850,78,1049,27,319,47,387,1421,6884,559,8861,45,824,91,958,58,699,61,815,155,1593,139,1891,321,1593,152,2061,422,1723,148,2291,580,2144,167,2885,489,2783,183,3453,243,1658,140,2043,56,531,72,656,2377,13539,1148,17055
1031,5832,126344,7681,139863,7979,146025,11580,165583,19483,331042,28898,379419,31009,307798,23516,362330,36757,248372,16537,301667,34954,209819,13261,258035,19998,157455,9699,187148,10108,84406,7689,102203,3241,28055,5214,36517,169360,1639326,124078,1932765,6370,117898,6825,131097,9360,137349,9366,156068,27843,334295,25368,387507,46037,300882,20424,367342,57476,241962,14455,313888,53252,204434,11672,269362,29338,166487,10053,205878,12054,96959,9633,118653,2488,44863,10449,57794,244221,1645125,118243,2007586,12205,244246,14503,270956,17333,283373,20944,321649,47327,665334,54262,766928,77051,608680,43946,729672,94227,490331,30991,615554,88201,414254,24940,527399,49342,323937,19749,393027,22160,181367,17324,220855,5732,72916,15665,94315,413581,3284449,242320,3940349
1032,64,1363,134,1564,70,1068,122,1263,200,2526,280,3001,260,2034,218,2511,287,1816,203,2309,333,1768,145,2244,221,1650,120,1988,143,998,124,1270,43,310,84,442,1627,13531,1430,16589,83,1125,123,1336,100,1079,116,1293,335,2636,250,3223,439,2001,225,2663,523,1828,164,2521,635,1791,148,2572,411,1707,140,2259,204,1225,194,1619,33,585,136,753,2761,13988,1488,18241,148,2490,261,2899,174,2150,237,2553,530,5166,531,6226,701,4036,440,5175,809,3649,370,4827,967,3558,293,4816,630,3358,258,4250,344,2228,321,2893,82,893,218,1193,4389,27519,2919,34829
1033,40,638,82,756,48,559,71,678,119,1083,121,1316,182,916,128,1222,224,1033,115,1367,266,1281,152,1701,214,1335,130,1680,134,890,132,1157,38,281,74,391,1252,8014,1005,10275,32,625,70,731,62,520,45,626,205,1105,153,1463,284,964,122,1366,397,1050,103,1551,483,1314,119,1922,310,1413,154,1877,138,1024,142,1300,28,543,127,696,1927,8558,1038,11526,68,1261,153,1482,110,1076,117,1301,321,2190,268,2775,464,1876,249,2593,620,2085,219,2920,748,2599,273,3624,523,2746,285,3555,273,1917,270,2458,62,825,197,1086,3186,16574,2044,21798
1034,26,364,33,423,26,256,18,299,45,591,46,681,81,702,59,840,144,698,65,903,178,921,87,1185,179,1206,61,1445,117,687,46,852,28,192,29,249,813,5613,437,6862,18,335,42,399,20,224,14,257,72,622,47,745,137,690,59,881,216,688,62,968,326,1010,81,1417,242,1276,77,1596,101,729,59,895,19,335,44,398,1151,5915,487,7552,45,697,77,819,41,484,34,558,117,1218,95,1426,217,1395,111,1719,358,1390,122,1869,498,1928,167,2596,420,2485,136,3039,214,1416,116,1741,47,524,71,644,1968,11526,929,14419
1035,85,1685,118,1894,105,1734,136,1973,256,3469,252,3978,343,2748,211,3300,392,2487,180,3063,446,2365,147,2953,312,2032,133,2486,166,1131,129,1431,50,415,72,531,2155,18070,1378,21607,113,1667,114,1892,155,1996,116,2263,425,3494,222,4145,620,2738,191,3548,702,2405,167,3277,810,2372,150,3328,494,2136,171,2795,203,1420,156,1778,44,751,155,958,3571,18969,1444,23983,202,3351,228,3785,255,3726,251,4233,688,6958,478,8118,964,5487,399,6850,1098,4895,348,6335,1254,4735,297,6286,805,4172,302,5282,367,2555,288,3211,96,1166,224,1488,5728,37041,2827,45591
1036,419,8532,511,9459,548,9506,584,10643,1289,17211,1064,19563,1874,15613,920,18412,2845,14936,857,18640,3284,14373,749,18409,1985,12205,688,14879,1035,7083,655,8782,321,2255,520,3098,13605,101717,6556,121878,478,8176,509,9169,742,9076,519,10330,1953,16780,1024,19752,3127,15318,906,19340,4309,14562,748,19619,4964,13871,679,19520,2726,12740,729,16195,1085,8361,812,10260,214,3775,880,4869,19597,102654,6794,129047,902,16707,1024,18627,1286,18580,1099,20968,3244,33992,2088,39317,5000,30929,1819,37753,7155,29492,1609,38260,8249,28244,1424,37926,4707,24948,1420,31070,2120,15445,1477,19040,536,6034,1398,7966,33201,204375,13355,250927
2000,1015,16892,2191,20096,1028,13424,1496,15950,2571,27998,3791,34352,4182,29279,4203,37663,6571,35166,4388,46126,8714,42463,4640,55812,6631,43051,4445,54129,2911,21473,2824,27203,652,5748,1133,7533,34271,235485,29112,298872,1168,15305,1982,18448,1235,11548,1181,13966,4078,27586,2913,34580,6978,28878,3339,39196,10958,32948,3478,47378,14021,39031,3894,56946,8922,38576,3741,51245,3258,20392,2878,26527,472,8656,1756,10876,51091,222919,25158,299168,2180,32193,4175,38547,2258,24972,2683,29910,6648,55583,6700,68929,11164,58147,7551,76856,17528,68112,7862,93509,22734,81495,8533,112766,15557,81628,8184,105370,6175,41864,5698,53737,1124,14400,2887,18413,85363,458409,54274,598038
2001,31,636,31,696,39,619,25,684,125,1520,95,1735,212,1404,78,1692,221,1229,65,1510,193,1015,57,1260,153,917,62,1134,69,420,34,526,15,117,10,145,1053,7863,450,9369,33,621,39,690,52,611,32,697,222,1522,91,1830,354,1319,78,1750,360,1202,62,1620,320,1019,69,1407,215,960,60,1245,68,545,50,659,9,258,26,293,1626,8058,506,10187,63,1257,74,1388,92,1231,56,1376,343,3035,183,3571,567,2719,160,3442,580,2427,128,3135,511,2030,120,2664,372,1884,121,2371,139,966,83,1187,27,374,33,431,2681,15921,960,19557
2002,24,374,37,442,24,347,35,404,69,738,58,865,90,590,58,738,151,619,60,826,148,701,65,916,122,806,66,993,77,518,86,674,27,149,53,226,729,4839,505,6081,38,323,38,396,44,322,31,393,113,759,69,946,153,624,57,841,245,654,69,960,275,747,71,1091,190,851,80,1124,83,638,86,805,13,219,110,339,1155,5134,612,6900,65,695,78,842,65,669,62,795,187,1500,127,1807,247,1215,115,1580,388,1265,132,1787,427,1446,136,2010,313,1659,143,2117,156,1149,167,1477,40,368,158,567,1891,9974,1118,12979
2003,161,3087,206,3449,197,3090,227,3513,522,6641,460,7627,734,5443,359,6541,992,5110,341,6439,1038,4776,314,6124,746,4311,292,5345,371,2337,261,2967,94,767,159,1015,4851,35571,2605,43024,186,2962,221,3367,271,3119,221,3611,899,6443,437,7775,1326,5663,347,7337,1777,5039,312,7125,1811,4804,282,6896,1185,4822,315,6325,453,2898,314,3662,88,1440,306,1834,7992,37193,2754,47933,341,6050,421,6815,465,6214,451,7130,1427,13077,896,15403,2062,11109,708,13881,2765,10150,647,13566,2844,9583,595,13020,1933,9131,604,11670,824,5236,570,6629,182,2206,458,2851,12836,72755,5360,90958
2004,124,2674,188,2984,180,2823,196,3196,483,5789,448,6723,696,4927,357,5982,857,4559,350,5766,1000,4324,326,5649,761,4163,286,5212,366,2302,243,2909,114,814,149,1081,4578,32380,2534,39492,184,2634,181,2996,256,2885,152,3295,890,5945,412,7259,1224,5001,375,6600,1515,4537,323,6367,1744,4516,309,6563,1140,4453,294,5887,458,2701,288,3449,83,1367,278,1728,7495,34050,2611,44151,307,5304,368,5980,437,5704,348,6489,1375,11739,863,13979,1921,9929,726,12582,2371,9094,672,12136,2741,8842,633,12212,1901,8615,576,11096,824,5004,527,6354,197,2188,425,2812,12077,66426,5145,83646
2005,13,218,31,260,14,140,47,202,40,337,234,615,55,471,177,713,111,503,132,746,131,567,70,771,94,647,73,819,52,342,62,457,11,98,61,169,539,3327,882,4743,9,210,19,245,11,104,9,128,54,368,22,442,110,509,38,657,200,534,50,788,234,586,41,856,153,742,67,967,71,452,87,605,11,157,138,303,865,3668,466,4999,30,426,51,510,31,250,57,334,94,712,249,1057,168,979,217,1365,309,1041,177,1533,366,1150,116,1631,249,1391,138,1779,122,794,143,1064,24,254,199,472,1403,6999,1347,9742
2006,9,331,17,358,19,318,20,356,50,749,60,852,79,600,35,714,107,584,41,727,139,559,32,736,105,557,47,708,51,390,44,492,12,136,24,173,583,4231,310,5120,22,307,16,347,28,286,7,326,85,675,42,799,126,536,33,698,184,546,30,767,238,536,38,819,152,616,61,826,68,433,55,561,6,282,37,327,913,4224,319,5461,27,640,36,704,48,607,25,677,135,1417,100,1657,207,1131,71,1409,294,1131,66,1489,381,1101,70,1553,259,1177,105,1536,120,830,103,1056,16,415,56,502,1489,8450,639,10580
2007,28,598,52,679,28,441,36,510,64,983,92,1136,125,875,67,1066,166,1056,94,1314,211,1152,81,1446,169,1267,96,1532,110,743,91,949,22,213,58,290,925,7332,670,8928,33,540,39,608,38,477,33,542,119,1021,75,1214,207,964,63,1240,316,1054,75,1449,338,1227,79,1644,287,1258,93,1634,111,798,124,1034,23,317,125,466,1471,7656,700,9829,62,1138,89,1284,62,916,69,1051,185,2000,165,2351,334,1840,132,2308,483,2107,168,2763,545,2383,159,3085,455,2528,186,3166,221,1546,216,1985,41,524,183,753,2392,14989,1375,18753
2008,340,7536,474,8352,466,8077,656,9198,1216,17314,1563,20094,1817,15196,1248,18266,2526,13652,1018,17197,2690,12346,832,15871,1979,11729,785,14489,959,6289,568,7821,269,2119,339,2727,12263,94266,7482,114008,420,7101,442,7959,620,7755,493,8867,1980,17095,1006,20083,3153,15465,937,19555,4409,13329,781,18523,4771,12428,712,17905,2936,12545,875,16358,1136,7528,788,9450,167,3644,596,4403,19584,96895,6633,123112,763,14636,916,16313,1088,15831,1150,18066,3195,34419,2567,40178,4968,30662,2187,37815,6933,26983,1801,35719,7462,24778,1543,33780,4916,24272,1665,30849,2092,13820,1357,17271,431,5766,933,7134,31843,191159,14115,237121
2009,53,733,49,835,36,466,28,522,60,746,35,837,145,1220,60,1423,193,1336,76,1603,240,1167,69,1476,157,903,53,1113,65,480,42,587,13,95,19,127,960,7135,436,8530,39,626,44,711,36,380,27,448,100,752,29,887,254,1309,71,1638,393,1299,83,1776,398,1020,55,1475,216,933,53,1210,64,470,46,581,6,137,49,192,1520,6929,466,8914,85,1362,98,1544,68,846,58,970,164,1498,65,1727,406,2531,129,3066,582,2633,162,3378,644,2176,124,2951,375,1840,108,2322,128,953,91,1172,24,226,73,319,2472,14064,898,17437
2010,19,459,43,521,16,426,41,484,71,955,80,1099,100,765,48,921,144,719,39,900,172,792,59,1017,131,683,54,869,62,449,41,551,23,186,25,228,739,5433,422,6594,24,370,32,433,43,414,38,496,124,962,62,1152,184,759,48,988,212,735,46,999,299,769,47,1118,167,772,50,984,83,552,64,700,16,309,38,359,1158,5646,423,7233,40,834,80,955,63,836,82,977,197,1920,141,2254,294,1526,97,1913,359,1453,82,1893,471,1562,100,2136,298,1456,103,1857,149,993,102,1245,37,497,59,589,1903,11078,849,13824
2011,5815,124657,7185,137659,8590,146681,10655,165928,22758,335196,27475,385424,34409,302164,21225,357794,43362,240729,15458,299544,41861,196438,11671,249970,24865,150846,8989,184692,12627,84888,7155,104673,4038,29732,4062,37830,198327,1611328,113856,1923516,6582,117675,6609,130864,10970,137997,8765,157732,33744,335237,23618,392597,51918,294453,18289,364658,70181,231705,13617,315500,66760,188740,10878,266382,37995,161108,10054,209161,15070,100889,8895,124858,2884,50082,7576,60543,296099,1617886,108304,2022295,12403,242330,13791,268525,19564,284682,19414,323658,56501,670431,51090,778028,86323,596617,39511,722456,113542,472434,29075,615047,108622,385178,22552,516353,62854,311958,19046,393854,27697,185779,16049,229530,6917,79810,11635,98370,494429,3229216,222170,3945813
2012,74,1341,199,1613,87,1325,131,1546,255,2906,353,3514,306,2379,310,2997,395,2488,326,3205,510,2506,279,3292,341,2258,249,2850,174,1258,156,1593,47,403,73,515,2182,16868,2081,21133,93,1255,152,1502,138,1198,121,1455,413,2891,356,3663,580,2377,314,3275,769,2442,274,3482,873,2366,237,3480,476,2230,238,2951,210,1376,182,1766,40,724,120,873,3588,16860,2006,22449,167,2598,355,3114,225,2523,253,3004,668,5798,708,7176,889,4762,625,6274,1160,4921,598,6686,1384,4870,518,6775,819,4493,492,5804,380,2632,342,3359,83,1125,188,1391,5774,33721,4083,43582
2013,26,541,67,635,47,505,44,598,98,1141,113,1350,144,891,102,1136,192,964,108,1265,248,1199,122,1571,196,1125,108,1433,97,552,58,704,24,194,22,237,1076,7118,737,8925,32,492,51,578,51,484,43,578,175,1071,106,1354,263,880,103,1248,341,971,108,1426,383,1083,109,1574,239,1092,122,1457,100,620,89,808,12,323,31,365,1610,7013,767,9391,61,1035,116,1212,97,984,86,1175,274,2212,216,2703,406,1772,206,2390,536,1937,219,2689,633,2282,232,3141,439,2219,231,2886,201,1172,144,1515,34,517,52,602,2684,14132,1501,18322
2014,18,289,33,340,8,261,23,294,40,429,40,506,72,451,41,565,108,564,50,723,129,684,50,867,95,672,54,822,38,309,33,384,14,106,15,130,518,3769,344,4636,16,265,20,298,23,208,13,243,74,456,39,570,120,462,58,640,171,542,35,742,206,639,46,887,120,648,36,803,40,341,38,426,9,190,21,219,777,3758,302,4833,34,559,51,639,32,464,34,534,109,886,83,1080,190,909,98,1204,282,1113,84,1474,339,1325,96,1755,212,1317,94,1622,81,655,73,816,20,298,34,346,1287,7529,647,9468
2015,29,389,27,446,28,362,37,424,51,800,77,934,100,683,57,837,128,661,61,855,155,691,51,890,129,666,50,843,62,393,33,492,13,129,30,171,682,4775,425,5879,28,370,36,436,30,330,31,389,99,794,50,940,160,713,61,941,235,755,55,1045,281,688,37,1007,188,707,62,957,80,469,56,604,16,239,46,293,1119,5063,436,6615,58,757,65,880,57,686,65,809,148,1599,125,1869,256,1400,124,1785,361,1416,120,1900,429,1376,92,1899,319,1375,112,1800,147,864,86,1098,22,370,71,465,1795,9838,857,12493
2016,61,1454,167,1679,106,1363,161,1626,236,2949,318,3503,328,2560,269,3158,441,2504,250,3184,465,2337,240,3039,337,2035,198,2570,188,1255,152,1591,54,423,69,546,2214,16880,1812,20902,106,1333,137,1575,138,1279,132,1541,433,3025,336,3792,587,2514,281,3376,780,2235,217,3236,780,2235,229,3250,531,2144,194,2874,193,1392,215,1797,41,712,108,862,3580,16876,1845,22300,164,2786,302,3248,238,2645,287,3166,670,5972,652,7295,912,5077,550,6540,1222,4742,465,6425,1244,4579,476,6290,868,4180,395,5443,376,2650,360,3386,93,1132,180,1406,5791,33759,3659,43207
2017,16,257,33,300,20,300,13,339,50,653,71,774,51,548,40,638,73,447,41,559,102,505,46,653,76,422,26,531,32,262,39,334,11,117,25,153,440,3506,330,4281,14,229,16,261,33,284,35,353,85,715,66,866,121,526,50,698,136,415,29,575,199,433,40,673,123,418,43,588,47,385,47,477,14,226,29,266,787,3628,353,4763,30,485,47,563,57,581,49,690,140,1370,136,1643,174,1074,89,1338,211,853,68,1133,309,931,80,1321,199,838,74,1116,80,651,79,813,24,342,52,417,1226,7132,681,9037
2018,49,1089,110,1242,73,1036,101,1205,191,2326,250,2770,272,1992,205,2468,350,1954,222,2524,396,2028,196,2619,302,1890,175,2367,169,1013,158,1335,44,318,94,457,1850,13633,1510,16991,77,1014,101,1198,95,1030,105,1233,362,2384,253,3000,482,1916,219,2616,596,1852,166,2607,707,2066,198,2968,423,1938,181,2538,183,1181,177,1539,19,594,148,765,2943,13973,1538,18460,126,2104,212,2434,164,2070,210,2440,558,4711,501,5760,754,3907,425,5089,949,3798,391,5134,1098,4094,391,5586,725,3826,348,4902,355,2198,334,2879,63,910,243,1221,4793,27607,3049,35452
2019,24,549,37,610,23,413,32,463,78,935,72,1086,143,865,66,1062,180,870,52,1102,203,892,61,1153,128,902,79,1115,102,589,60,755,28,213,46,285,908,6226,511,7646,32,503,47,578,38,444,30,516,141,979,69,1192,229,876,56,1158,321,887,75,1285,369,884,79,1329,236,990,56,1284,121,743,91,959,19,414,78,509,1510,6720,576,8806,57,1047,82,1188,61,855,60,980,220,1920,147,2282,366,1741,119,2229,500,1759,131,2388,569,1777,139,2478,371,1896,135,2399,226,1336,151,1714,50,626,120,795,2420,12945,1090,16453
2020,49,1058,69,1173,76,944,71,1092,189,2348,159,2694,275,1930,167,2378,323,1909,168,2392,440,1893,135,2468,287,1984,126,2399,168,1151,95,1416,39,329,42,411,1839,13551,1025,16419,77,1026,80,1189,104,959,59,1121,344,2451,199,2988,503,1897,153,2554,631,1877,140,2656,754,1958,143,2851,442,1989,130,2559,171,1231,130,1534,21,557,58,636,3049,13946,1087,18089,124,2087,149,2362,179,1904,127,2216,528,4804,350,5681,780,3829,323,4929,955,3785,308,5047,1191,3849,275,5318,729,3973,256,4958,342,2381,226,2949,56,886,97,1045,4893,27498,2118,34506
2021,40,946,88,1073,41,808,71,918,132,1979,133,2255,223,1668,166,2056,303,1676,123,2105,381,1645,101,2133,265,1577,103,1942,129,829,89,1046,33,298,60,386,1556,11427,933,13915,52,929,69,1055,78,818,42,931,263,1899,127,2292,423,1658,146,2228,558,1711,106,2383,690,1693,110,2497,427,1634,118,2179,175,1021,134,1329,41,520,121,681,2714,11882,975,15570,95,1876,156,2129,121,1621,114,1851,395,3880,258,4543,646,3325,313,4287,866,3390,233,4493,1071,3340,210,4622,688,3210,225,4121,307,1851,220,2376,72,813,186,1073,4261,23315,1913,29490
3000,1046,17986,2947,21977,873,14652,2968,18496,2401,31636,7292,41337,3935,31748,6568,42255,5719,37631,6890,50245,7192,44112,6442,57737,5508,40786,4865,51158,2541,19402,2721,24659,510,4432,875,5816,29729,242394,41568,313688,1142,16415,2559,20122,1114,13651,2154,16913,4139,32178,5051,41370,6933,31639,4587,43166,9396,35375,4915,49692,11569,39873,4824,56267,7315,34169,3916,45399,2550,17157,2532,22238,385,5792,1158,7334,44544,226249,31699,302494,2192,34400,5501,42095,1988,28302,5123,35413,6538,63817,12346,82708,10870,63388,11158,85421,15122,73003,11806,99933,18758,83986,11262,114001,12825,74950,8780,96555,5089,36555,5251,46900,890,10228,2034,13151,74274,468638,73268,616182
3001,9,276,43,329,8,401,101,512,36,1087,262,1390,48,875,178,1100,73,823,166,1058,59,746,120,924,59,524,89,678,18,186,29,236,6,16,0,23,311,4946,979,6238,5,330,37,366,8,500,82,589,51,1171,218,1437,110,853,124,1090,112,712,110,930,81,668,108,856,64,409,50,528,24,123,24,171,4,23,3,29,471,4788,751,6011,12,605,76,697,19,908,178,1103,91,2257,479,2826,151,1734,300,2190,184,1535,274,1991,143,1412,225,1778,126,931,139,1199,41,311,53,405,8,41,9,51,784,9733,1735,12251
3002,3297,70598,4178,78078,3878,76242,5876,85994,9831,156201,13639,179667,15303,145301,11061,171666,18812,127779,8640,155235,18051,102389,6177,126609,12128,79500,4686,96316,6079,41692,3332,51096,1496,12212,1790,15503,88866,811915,59374,960160,3793,66940,3847,74582,4996,75183,4957,85130,15688,159514,11187,186392,25639,145225,8882,179745,31676,124679,6777,163125,29486,100289,5266,135039,17937,84060,4710,106703,6949,48241,4329,59526,1056,21190,3768,26016,137221,825323,53719,1016262,7093,137544,8027,152657,8876,151421,10829,171126,25520,315717,24823,366059,40939,290523,19947,351411,50484,252461,15414,318363,47537,202678,11439,261654,30064,163557,9394,203018,13031,89934,7661,110618,2551,33406,5558,41514,226088,1637240,113089,1976418
3003,91,1953,154,2197,97,1642,115,1851,265,3330,323,3919,407,2964,283,3653,564,3235,324,4119,697,3582,302,4582,595,3861,272,4722,366,2595,231,3186,88,741,111,940,3157,23901,2111,29171,106,1761,122,1988,131,1672,129,1932,437,3471,292,4197,780,3071,240,4094,1033,3226,256,4513,1204,3699,248,5152,933,3995,280,5210,417,2807,309,3532,68,1175,153,1396,5111,24896,2020,32018,198,3713,277,4186,228,3315,239,3779,701,6801,616,8114,1184,6039,520,7748,1595,6461,578,8631,1904,7281,550,9736,1529,7860,547,9930,776,5405,538,6723,153,1919,264,2337,8268,48797,4124,61189
3004,174,4164,484,4815,190,3514,577,4283,497,7930,1368,9790,815,8019,1095,9926,1146,8470,1069,10686,1046,7678,841,9565,752,5880,666,7301,287,2700,345,3335,91,665,150,908,5000,49021,6595,60613,237,3951,423,4610,231,3515,514,4254,843,8623,1220,10689,1427,8827,968,11219,1870,8654,830,11352,1665,7288,675,9627,1049,5562,527,7132,386,2707,378,3463,55,1063,220,1337,7744,50184,5749,63679,414,8112,902,9428,420,7032,1094,8537,1335,16555,2592,20478,2236,16845,2059,21147,3017,17123,1900,22038,2708,14970,1520,19190,1797,11442,1186,14428,675,5403,724,6799,144,1728,367,2244,12746,99205,12348,124294
3005,5,469,38,517,8,411,69,481,39,935,148,1122,87,863,151,1103,66,766,92,927,64,595,107,769,33,281,33,349,16,91,22,125,8,21,15,34,320,4438,667,5418,15,376,39,429,25,403,40,465,76,945,95,1117,142,888,89,1121,116,655,64,840,97,523,44,670,40,227,33,301,14,97,15,126,0,28,20,47,531,4147,437,5108,24,846,76,944,29,811,109,947,114,1881,241,2239,226,1753,241,2217,180,1421,156,1763,160,1123,153,1437,78,512,66,646,29,189,36,254,8,47,31,79,841,8580,1097,10530
3006,57,1370,94,1519,52,1143,99,1291,155,2550,251,2958,254,2485,263,2996,322,2545,263,3137,353,2410,223,2991,196,1504,126,1825,80,594,61,738,22,161,21,205,1488,14763,1404,17650,63,1335,91,1483,73,1105,80,1260,287,2604,226,3113,468,2416,195,3083,513,2456,187,3161,511,2038,129,2678,222,1373,97,1695,84,689,78,851,17,241,53,314,2250,14256,1143,17646,118,2703,187,3003,122,2244,179,2553,438,5159,478,6074,721,4905,458,6080,842,5006,455,6301,867,4446,352,5672,420,2873,225,3516,166,1282,141,1585,40,406,78,520,3738,29012,2545,35298
3007,737,18194,1271,20201,853,18176,1586,20617,2209,38311,3999,44513,3664,37535,3239,44442,4908,36341,2994,44239,4995,31594,2374,38957,3649,28274,2107,34031,2239,16333,1644,20220,578,4783,946,6316,23833,229532,20160,273525,915,17527,1191,19631,1118,18888,1592,21596,3640,40751,3776,48171,6442,38692,3087,48221,8476,36535,2723,47737,8750,32445,2300,43486,5853,30041,2117,38005,2523,17853,2104,22476,424,7381,1864,9674,38132,240109,20766,299006,1647,35718,2467,39832,1976,37067,3175,42213,5844,79063,7773,92682,10103,76223,6332,92660,13387,72872,5725,91977,13745,64038,4670,82452,9500,58309,4226,72033,4760,34185,3748,42694,1002,12170,2815,15985,61964,469643,40920,572532
3008,45,676,52,765,37,516,46,600,98,1032,114,1249,126,893,81,1101,192,968,84,1240,215,1003,86,1301,180,1037,65,1280,101,622,45,765,32,220,30,280,1024,6956,602,8581,44,629,45,714,53,502,36,589,179,979,86,1239,298,971,69,1339,346,1030,72,1450,360,1074,66,1500,266,1168,68,1504,124,791,77,992,22,406,49,477,1682,7544,577,9798,85,1300,98,1484,88,1013,86,1184,275,2013,199,2489,423,1860,152,2434,536,1997,156,2688,574,2080,152,2806,446,2207,138,2783,221,1413,124,1759,47,625,81,754,2702,14506,1178,18388
3009,85,1297,107,1493,75,959,86,1121,195,1918,177,2292,300,2007,200,2496,415,2368,233,3010,546,2943,199,3689,582,3893,294,4768,403,2437,263,3101,89,611,125,823,2677,18442,1674,22799,89,1305,96,1496,83,913,64,1054,365,2058,169,2588,574,2249,172,2996,764,2630,207,3601,1048,3238,243,4531,898,4053,311,5266,377,2560,360,3293,77,917,207,1190,4276,19916,1829,26027,173,2603,209,2986,160,1869,149,2179,562,3973,349,4889,871,4252,371,5498,1180,4997,440,6614,1598,6179,441,8222,1484,7948,605,10036,769,4999,623,6389,161,1529,330,2010,6956,38360,3510,48828
3010,15,276,36,330,23,267,23,316,34,623,56,721,60,450,50,557,87,403,44,533,95,440,34,574,92,418,48,551,35,270,37,343,11,93,15,115,460,3247,330,4029,9,296,25,335,26,307,17,349,70,572,51,694,118,433,38,593,128,443,37,609,137,442,39,616,92,517,40,658,55,280,25,357,5,161,30,204,651,3445,313,4409,26,568,62,661,48,573,42,663,110,1197,107,1412,178,884,84,1150,218,844,79,1135,236,889,71,1190,182,935,86,1204,90,555,57,702,16,252,46,315,1109,6694,638,8440
3011,84,2323,202,2606,104,2224,278,2609,255,4659,734,5652,438,4526,742,5709,514,4338,698,5551,612,4112,622,5346,357,2909,315,3580,186,1354,199,1741,50,444,101,588,2607,26890,3890,33386,122,2175,194,2489,133,2159,279,2572,494,4816,575,5883,753,4596,447,5786,938,4180,417,5527,981,3812,329,5124,555,2756,239,3549,261,1614,229,2101,41,763,166,961,4260,26875,2863,33997,202,4499,386,5093,239,4382,559,5179,751,9475,1309,11535,1189,9122,1192,11493,1451,8517,1112,11083,1590,7922,956,10470,907,5668,551,7125,449,2970,427,3843,91,1203,263,1552,6868,53763,6751,67384
3012,48,717,94,854,54,581,153,788,108,1024,357,1486,158,992,312,1467,239,1179,194,1612,295,1475,149,1920,271,1659,133,2054,135,912,93,1141,30,256,32,316,1334,8792,1517,11643,46,616,63,726,63,525,48,633,193,942,89,1232,321,964,95,1385,434,1149,92,1674,492,1441,117,2053,381,1610,128,2126,156,968,102,1224,17,430,59,509,2106,8650,797,11558,95,1329,157,1576,119,1107,199,1423,309,1968,443,2716,474,1962,412,2847,670,2324,291,3279,789,2919,266,3975,650,3272,261,4181,290,1875,200,2369,45,685,92,825,3440,17440,2315,23197
3013,26,522,86,632,17,553,93,659,48,1352,206,1611,82,1046,176,1302,89,903,145,1137,88,832,112,1032,26,399,57,485,17,195,25,243,3,39,9,50,404,5839,915,7156,28,453,60,538,16,568,72,660,99,1409,161,1672,153,1038,134,1321,126,851,110,1083,102,659,84,842,55,326,43,425,18,168,40,224,0,45,14,65,600,5513,719,6831,47,967,155,1170,36,1118,165,1320,153,2755,376,3284,231,2084,305,2625,214,1758,252,2222,193,1490,193,1878,82,723,101,907,42,364,69,465,5,85,26,114,1005,11354,1633,13992
3014,130,2362,230,2729,115,2167,343,2622,331,4463,829,5623,464,3984,801,5248,539,3546,585,4667,640,3478,401,4517,402,2730,239,3378,214,1396,158,1772,67,474,108,654,2905,24602,3699,31206,126,2191,201,2515,148,2214,208,2570,575,4572,391,5536,877,3862,345,5091,964,3535,287,4784,1059,3358,236,4651,571,2624,200,3401,258,1779,219,2257,46,806,181,1033,4631,24936,2269,31837,255,4558,434,5248,257,4383,552,5190,906,9032,1217,11158,1341,7845,1158,10341,1504,7078,873,9457,1695,6835,639,9174,978,5359,438,6774,471,3175,382,4028,116,1276,288,1683,7534,49540,5973,63041
3015,474,10246,637,11351,417,8195,630,9242,1024,17022,1517,19559,1824,18692,1589,22098,2867,20226,1634,24729,3117,19446,1293,23858,2525,18665,1159,22345,1493,10711,888,13089,416,3220,526,4165,14147,126412,9874,150441,472,9936,609,11017,510,8429,599,9539,1754,18223,1381,21357,3516,19857,1365,24733,5059,20922,1331,27306,5773,20512,1253,27537,3907,19586,1173,24665,1693,11703,1135,14530,298,4783,986,6065,22986,133946,9827,166753,941,20178,1244,22369,924,16626,1225,18780,2784,35239,2898,40917,5341,38548,2953,46836,7932,41145,2958,52035,8890,39957,2550,51398,6429,38248,2336,47013,3188,22409,2021,27618,712,8001,1508,10225,37133,260358,19705,317195
3016,254,4354,281,4880,217,3982,287,4484,543,7983,620,9149,805,6919,484,8205,1098,6406,487,7987,1103,5968,403,7470,864,5291,351,6507,500,3170,247,3918,147,1016,136,1298,5533,45081,3290,53907,257,4204,241,4706,276,4011,300,4580,965,8261,500,9732,1508,7034,437,8974,1849,6641,348,8841,2001,6108,374,8488,1296,5956,365,7619,626,3924,385,4943,86,1916,260,2261,8870,48060,3210,60134,508,8558,521,9586,496,7987,585,9068,1511,16248,1119,18880,2309,13953,919,17178,2943,13052,830,16826,3108,12077,777,15961,2161,11245,719,14126,1128,7094,633,8861,232,2930,394,3564,14398,93144,6498,114043
3017,289,5206,535,6027,297,6133,1246,7683,750,10953,1785,13490,1027,8994,1410,11439,1243,8789,1130,11162,1249,7787,797,9836,873,5766,499,7135,441,2732,267,3436,80,702,115,894,6256,57061,7776,71089,309,5421,453,6178,399,5879,572,6848,1168,10751,1152,13068,1864,9374,916,12157,2122,8795,761,11683,2119,7572,540,10233,1241,5764,404,7407,496,3256,309,4059,64,1330,222,1611,9774,58137,5339,73250,592,10627,982,12203,698,12012,1818,14528,1918,21700,2939,26559,2894,18369,2325,23596,3367,17583,1898,22846,3371,15357,1339,20069,2119,11528,904,14540,930,5984,573,7493,139,2029,336,2506,16026,115201,13114,144347
3018,26,422,46,490,38,378,35,452,56,730,75,858,86,529,41,660,121,617,65,802,141,745,69,959,133,781,55,975,82,494,61,631,17,133,28,176,692,4833,475,6005,24,386,28,441,29,348,29,405,106,703,63,872,147,571,57,774,195,697,71,959,237,790,68,1088,164,817,68,1050,78,578,74,733,14,235,48,294,992,5127,504,6633,51,810,73,931,66,727,62,854,159,1434,138,1729,233,1102,98,1436,314,1313,135,1765,381,1531,138,2051,293,1602,126,2027,155,1071,138,1366,27,373,73,465,1685,9963,982,12634
3019,27,625,52,709,24,408,42,470,48,888,137,1070,96,922,156,1176,127,1011,168,1304,192,1066,159,1419,137,947,69,1144,64,521,37,620,21,145,12,178,734,6533,822,8086,22,531,26,576,37,417,38,491,112,912,93,1116,170,995,68,1242,240,1030,69,1342,342,1069,92,1508,205,904,48,1151,92,550,47,689,19,251,27,298,1241,6666,516,8423,50,1156,79,1289,57,824,80,965,161,1798,229,2190,272,1922,224,2410,365,2039,233,2646,535,2138,248,2926,336,1851,113,2302,151,1069,84,1310,36,400,46,480,1968,13198,1338,16510
4000,376,6378,776,7530,360,5540,562,6467,915,11411,1423,13743,1435,11636,1514,14586,2246,13910,1678,17834,3043,17088,1729,21863,2357,16583,1513,20453,1080,8016,941,10035,258,2202,358,2817,12076,92749,10502,115330,398,5724,674,6794,405,4748,389,5540,1455,10923,1043,13424,2467,11161,999,14628,3628,12774,1229,17628,4842,14809,1333,20978,3093,14293,1303,18687,1109,7913,910,9928,175,3285,535,3995,17571,85628,8406,111605,773,12101,1447,14322,765,10284,958,12004,2370,22334,2465,27167,3905,22791,2516,29212,5876,26683,2911,35468,7886,31893,3064,42841,5448,30878,2815,39144,2193,15929,1850,19968,433,5481,894,6809,29647,178383,18910,226935
4001,1672,36152,1775,39600,2408,41391,2230,46030,5873,84753,5176,95811,9035,76363,4509,89907,11934,68946,3896,84773,13644,62697,3216,79557,9002,53203,2632,64840,4432,29826,1942,36205,1350,11146,1116,13606,59346,464487,26501,550334,1899,33955,1621,37476,2964,39155,1875,43992,9090,82924,4272,96288,14445,74615,3598,92653,19058,65227,3032,87317,21765,60957,2798,85517,13287,57418,2823,73529,5358,36368,2660,44388,966,19494,1950,22406,88835,470108,24624,583562,3574,70109,3394,77073,5370,80550,4105,90022,14968,167677,9454,192093,23478,150980,8106,182556,30992,134174,6928,172090,35408,123657,6014,165080,22284,110621,5460,138364,9791,66199,4603,80593,2315,30638,3058,36015,148185,934591,51122,1133898
4002,52,832,62,940,48,691,62,805,130,1492,125,1751,179,1310,88,1583,228,1435,101,1762,302,1456,78,1838,185,1334,100,1621,108,699,75,887,33,243,39,310,1267,9490,737,11494,47,827,54,928,67,673,55,798,194,1543,96,1844,310,1347,104,1760,396,1441,95,1936,468,1441,88,1996,295,1329,102,1727,121,868,115,1101,19,401,90,512,1917,9867,812,12595,96,1660,114,1868,117,1369,117,1600,328,3038,222,3586,490,2656,195,3341,625,2870,204,3699,775,2895,173,3837,481,2664,204,3342,229,1565,193,1988,59,639,130,824,3189,19358,1549,24089
4003,25,450,46,527,33,441,70,540,82,872,248,1203,99,770,227,1104,157,799,148,1101,165,863,106,1133,164,789,79,1029,81,569,56,702,32,172,18,219,835,5725,995,7550,41,405,43,490,48,434,34,517,149,894,71,1110,168,714,67,941,247,764,67,1085,267,924,59,1258,211,823,71,1108,89,615,69,775,12,305,39,348,1233,5872,520,7628,62,857,88,1012,84,876,102,1056,231,1767,315,2315,264,1485,296,2040,403,1564,217,2191,432,1787,169,2389,371,1618,145,2132,172,1180,128,1475,44,474,58,570,2072,11595,1510,15178
4004,14,351,53,413,18,296,93,408,54,768,334,1154,58,557,249,866,106,558,142,801,107,711,95,911,77,532,64,669,28,310,38,381,10,67,13,92,472,4144,1081,5703,15,294,39,349,28,291,24,339,106,760,71,934,112,585,71,766,171,594,80,836,174,617,76,863,103,507,43,651,36,318,35,392,5,136,17,158,745,4103,443,5294,25,647,91,764,46,588,122,752,158,1525,404,2087,168,1144,316,1628,276,1153,219,1645,277,1327,168,1772,187,1031,104,1324,65,627,78,771,11,206,29,248,1223,8244,1523,10995
4005,16,415,46,482,18,353,47,419,50,829,99,983,92,759,123,969,116,811,130,1059,168,805,99,1074,80,750,68,904,56,394,49,495,23,134,22,178,620,5262,683,6558,23,398,40,465,28,366,33,429,92,833,60,986,142,765,66,980,209,763,63,1035,243,792,67,1094,156,738,56,952,57,428,46,531,11,228,22,265,964,5311,447,6723,46,814,85,945,50,720,76,846,146,1666,157,1967,230,1526,196,1949,320,1576,194,2095,412,1595,161,2170,238,1492,119,1851,111,821,97,1022,31,362,47,434,1579,10568,1127,13282
4006,21,373,35,426,38,372,36,438,53,696,62,808,62,547,56,669,128,693,43,871,132,744,57,930,112,618,35,761,57,410,37,503,9,142,21,178,613,4591,384,5589,18,376,29,418,37,367,24,432,93,647,68,807,140,536,40,717,212,637,62,912,199,679,43,919,150,674,43,868,70,482,50,601,7,242,16,259,929,4640,369,5939,35,747,60,847,71,739,60,875,145,1342,127,1616,209,1085,94,1387,338,1334,102,1778,335,1421,97,1849,262,1286,79,1627,132,886,90,1106,15,382,37,439,1543,9231,751,11521
4007,26,503,35,561,28,356,21,407,65,746,41,846,136,848,54,1038,201,1064,66,1332,325,1502,92,1921,400,2414,119,2928,291,1725,114,2125,70,515,50,637,1537,9670,588,11794,40,483,25,543,30,334,24,392,120,734,40,893,217,878,54,1152,346,1015,54,1412,642,1602,81,2325,641,2728,148,3522,270,1791,131,2188,61,749,91,902,2366,10319,649,13328,57,981,57,1100,62,693,45,796,186,1477,81,1744,355,1727,105,2186,550,2076,123,2743,968,3103,177,4250,1041,5145,268,6451,557,3514,237,4318,129,1264,143,1540,3898,19986,1233,25123
4008,36,562,39,636,31,545,58,637,99,1165,105,1374,123,953,82,1164,228,1131,135,1492,223,1201,110,1529,136,858,56,1052,70,474,50,601,21,146,21,195,967,7039,666,8669,43,492,51,585,43,503,35,582,158,1078,98,1339,207,894,90,1188,328,1025,91,1444,318,1012,91,1427,170,807,69,1046,81,659,78,816,8,209,40,260,1348,6689,661,8691,75,1054,89,1219,77,1050,94,1219,253,2245,210,2710,327,1847,176,2350,558,2155,227,2936,536,2215,203,2957,304,1662,130,2099,152,1131,136,1423,26,360,60,449,2313,13727,1321,17361
5000,407,6167,1097,7675,343,5530,1453,7326,923,13038,4376,18334,1410,13698,4439,19542,1954,15170,4170,21290,2325,16328,3283,21931,1660,13872,2004,17536,734,6099,998,7829,186,1407,310,1899,9937,91306,22126,123367,368,5575,991,6931,416,4695,928,6036,1376,12467,2186,16031,2281,12870,2268,17415,3045,13240,2173,18455,3589,14246,2031,19866,2196,11471,1479,15145,761,5421,931,7115,125,1863,431,2421,14143,81853,13418,109415,771,11742,2085,14606,756,10226,2381,13364,2299,25511,6557,34362,3685,26571,6705,36962,4993,28409,6346,39751,5911,30572,5309,41796,3854,25347,3478,32681,1496,11516,1930,14942,307,3270,744,4317,24079,173160,35537,232781
5001,56,1006,69,1133,39,733,68,842,97,1604,253,1961,157,1471,227,1856,256,1651,158,2067,352,1752,146,2247,244,1783,136,2155,139,1009,78,1229,62,370,50,481,1396,11391,1188,13971,55,925,57,1035,46,673,44,766,184,1534,91,1816,329,1564,90,1985,471,1783,111,2357,569,1849,124,2543,390,1829,143,2360,207,1158,108,1475,46,535,73,654,2299,11847,845,14988,113,1934,123,2170,82,1408,114,1611,285,3139,349,3773,485,3031,317,3839,730,3433,268,4425,915,3603,273,4793,632,3609,280,4515,351,2169,183,2701,102,906,126,1133,3692,23240,2031,28964
5002,12,293,72,375,21,267,81,367,38,841,201,1081,75,845,187,1106,66,774,214,1048,44,590,143,783,32,343,64,438,8,89,21,118,0,23,10,33,297,4063,989,5349,15,325,87,435,19,289,71,374,92,1073,254,1424,118,1001,185,1310,118,746,156,1024,97,582,113,791,38,279,63,380,13,91,17,123,0,22,10,31,515,4417,957,5887,26,622,162,804,39,555,152,748,132,1911,461,2504,195,1845,372,2413,183,1518,372,2075,146,1172,257,1573,68,627,129,819,18,182,39,237,0,46,16,63,814,8477,1944,11236
5003,87,2154,128,2365,75,1729,178,1976,232,3828,538,4599,408,4003,541,4952,494,3924,443,4853,614,3711,338,4657,439,3107,253,3798,207,1583,135,1919,48,447,97,588,2601,24477,2638,29714,132,2142,103,2382,105,1693,115,1907,413,4078,305,4800,765,4110,234,5117,951,3977,223,5149,1130,3610,209,4947,637,3210,213,4065,253,1804,186,2244,43,744,166,957,4423,25364,1769,31553,222,4294,232,4749,182,3419,292,3887,648,7905,847,9396,1183,8112,774,10065,1438,7897,667,10003,1739,7321,547,9605,1077,6319,464,7859,459,3384,317,4162,91,1194,262,1539,7026,49844,4398,61269
5004,37,1077,70,1183,23,677,41,737,84,1578,189,1851,176,2012,216,2401,257,2165,216,2639,335,1999,176,2512,238,2282,143,2666,156,1186,113,1448,39,303,51,404,1351,13267,1219,15832,49,944,83,1078,29,572,46,651,149,1669,141,1957,352,2251,146,2746,516,2206,129,2849,596,2095,140,2833,418,2253,159,2834,184,1188,138,1509,40,553,59,645,2344,13722,1045,17118,88,2025,157,2264,50,1247,88,1390,230,3244,328,3811,530,4256,362,5149,776,4369,346,5485,937,4095,318,5341,656,4535,305,5494,340,2365,254,2956,82,856,111,1045,3698,26996,2260,32951
5005,13,334,59,406,11,243,43,297,30,528,82,636,52,544,77,668,85,611,111,803,104,641,79,822,57,518,77,652,33,311,72,414,12,86,13,103,390,3815,603,4811,14,273,41,333,17,234,29,277,71,560,60,692,98,549,85,728,133,577,71,777,139,600,66,803,99,506,60,670,48,340,59,447,12,141,13,168,623,3779,491,4895,33,605,103,737,28,477,68,578,96,1084,147,1333,149,1093,160,1398,219,1181,184,1582,241,1242,143,1627,158,1029,137,1322,81,653,128,858,22,229,19,275,1019,7595,1092,9700
5006,64,1064,148,1269,48,841,116,1006,93,1838,336,2270,186,1795,327,2309,244,1981,310,2540,302,1959,252,2516,188,1535,131,1860,102,778,104,992,34,257,57,349,1260,12051,1789,15104,56,1027,107,1188,48,875,104,1027,227,1884,230,2340,371,1832,250,2456,456,2042,214,2710,512,1807,161,2485,292,1525,160,1980,113,842,129,1088,19,368,89,477,2101,12209,1448,15759,116,2087,256,2454,92,1721,218,2033,323,3726,573,4610,556,3629,578,4767,702,4024,523,5253,813,3768,418,4994,485,3065,289,3839,219,1627,231,2078,59,622,148,828,3362,24264,3228,30859
5007,20,741,90,849,29,862,159,1048,81,2003,344,2434,130,1825,305,2255,147,1637,276,2059,147,1498,218,1866,81,768,133,980,24,277,50,354,3,51,9,60,661,9658,1593,11910,21,662,87,772,35,767,106,912,134,1926,253,2308,219,1649,218,2085,220,1435,176,1829,207,1185,147,1526,93,609,91,785,29,258,35,322,5,117,23,138,957,8606,1128,10682,40,1396,180,1616,63,1627,264,1961,216,3932,596,4745,341,3472,529,4344,364,3069,449,3889,349,2678,364,3399,172,1375,223,1770,50,536,86,669,10,160,31,202,1611,18264,2717,22592
5008,7,425,79,506,7,375,97,485,52,1235,272,1557,113,1357,313,1780,64,982,216,1266,42,611,130,787,12,167,41,222,0,28,5,41,0,4,0,5,307,5186,1154,6644,22,335,62,417,14,321,75,408,82,1297,257,1633,133,1215,221,1571,116,824,149,1092,39,420,83,544,15,124,25,164,8,26,4,37,0,9,0,8,420,4571,875,5868,25,761,137,924,24,693,172,890,125,2533,531,3195,244,2574,536,3353,183,1808,366,2357,86,1031,214,1328,29,294,64,384,7,53,14,75,0,6,4,11,724,9759,2029,12514
5009,2489,57044,2969,62498,2916,59175,4525,66618,7196,128395,12180,147770,11413,127871,11085,150366,14647,110536,8918,134098,15565,93375,6619,115557,10796,74632,4292,89720,5264,39154,3268,47690,1572,12124,2014,15710,71850,702310,55871,830028,2815,53958,2866,59635,3851,57534,3541,64924,11544,133442,8864,153847,18938,127883,7241,154065,24869,106790,5730,137390,26771,90413,4679,121867,16652,77481,4384,98515,6211,44235,4201,54641,1202,20167,3586,24953,112840,711899,45082,869829,5304,111003,5830,122135,6761,116711,8064,131537,18736,261836,21047,301619,30355,255753,18321,304430,39513,217327,14644,271487,42329,183790,11299,237421,27445,152114,8675,188232,11476,83385,7471,102330,2773,32289,5600,40664,184693,1414207,100957,1699854
5010,14,330,74,420,9,317,89,417,57,1139,282,1471,66,1161,257,1483,50,844,194,1087,52,706,177,933,13,183,38,242,0,47,9,57,0,12,3,10,267,4730,1124,6121,11,300,60,377,17,319,75,413,71,1217,244,1531,119,995,187,1299,76,641,155,868,66,474,93,633,28,159,29,215,7,27,9,44,0,7,3,12,386,4152,857,5397,27,632,136,793,27,635,165,825,127,2353,520,3009,183,2153,442,2783,124,1484,351,1956,111,1184,269,1568,35,347,71,455,5,79,21,103,0,22,4,25,653,8880,1981,11520
6000,227,3796,462,4480,198,3342,302,3844,550,7127,678,8351,887,7068,701,8654,1395,8538,766,10696,1945,10913,967,13826,1519,10282,1027,12818,675,4635,517,5825,104,1059,205,1364,7493,56754,5622,69868,249,3370,381,3994,239,2953,253,3446,958,6926,602,8493,1630,6868,645,9142,2297,8082,689,11073,3081,9986,878,13940,1862,8931,837,11634,604,4328,593,5523,81,1407,247,1733,11013,52848,5121,68980,476,7163,839,8473,441,6300,553,7288,1514,14051,1282,16845,2515,13937,1342,17797,3688,16617,1461,21768,5029,20897,1841,27767,3377,19212,1861,24451,1284,8960,1107,11346,184,2461,449,3095,18507,109606,10735,138850
6001,24,686,65,780,43,674,53,771,94,1385,88,1572,181,1181,94,1456,219,1299,111,1629,273,1438,92,1802,182,1289,87,1561,126,758,70,959,29,229,26,285,1172,8944,696,10814,39,684,62,786,65,698,42,803,219,1383,90,1692,329,1258,86,1678,355,1328,97,1786,467,1449,72,1987,322,1346,98,1767,117,918,92,1131,24,401,43,465,1939,9473,680,12090,69,1371,130,1572,105,1374,95,1572,316,2774,180,3264,512,2441,183,3129,580,2633,208,3415,741,2886,159,3786,504,2637,188,3328,243,1677,162,2087,50,628,68,744,3114,18420,1368,22902
6002,34,824,41,899,43,777,43,858,111,1791,116,2011,168,1364,96,1626,269,1524,96,1894,295,1512,113,1920,244,1514,120,1882,133,913,95,1137,34,255,46,336,1325,10470,774,12566,52,745,37,838,72,752,35,855,244,1774,112,2131,346,1375,74,1791,442,1541,75,2056,502,1565,101,2172,376,1624,122,2117,140,1030,117,1284,25,445,80,551,2193,10856,755,13796,88,1572,84,1741,109,1524,77,1714,355,3560,230,4142,502,2742,169,3419,715,3064,175,3950,797,3081,214,4095,624,3136,241,4001,270,1943,209,2419,56,709,126,888,3515,21326,1525,26364
6003,269,5678,324,6278,365,6219,382,6970,1110,16519,1174,18810,1265,12041,833,14140,1750,10502,681,12932,2073,10013,556,12637,1461,9025,530,11020,756,4879,425,6057,202,1616,182,2003,9259,76504,5084,90840,316,5283,326,5918,485,6050,337,6865,1598,16066,939,18603,2295,12029,652,14979,2961,10572,507,14046,3420,10117,504,14038,2265,9727,596,12581,925,6031,532,7488,160,2855,331,3346,14426,78733,4711,97873,583,10964,644,12194,848,12268,717,13835,2709,32590,2113,37415,3566,24074,1484,29118,4714,21077,1191,26977,5493,20129,1064,26680,3727,18751,1121,23599,1681,10907,950,13544,361,4474,515,5344,23685,155234,9793,188711
6004,120,2379,153,2652,144,2649,224,3019,439,6004,439,6880,511,4513,266,5287,688,4385,257,5332,703,4177,225,5103,536,3595,225,4352,287,2172,199,2659,82,684,110,874,3512,30543,2093,36148,136,2340,112,2589,203,2493,187,2879,639,5629,336,6604,917,4525,221,5670,1214,4482,213,5913,1333,4099,218,5649,854,3994,259,5111,362,2640,248,3259,80,1288,178,1548,5730,31496,1987,39212,255,4718,273,5242,350,5138,412,5898,1076,11633,773,13481,1431,9035,488,10956,1902,8870,473,11245,2031,8276,444,10748,1387,7590,483,9461,657,4813,445,5911,159,1972,283,2417,9245,62036,4079,75361
6005,23,373,44,438,20,306,18,347,55,642,45,739,85,594,53,727,106,685,56,850,156,870,48,1074,154,806,63,1020,70,486,51,604,19,150,29,205,696,4911,401,6007,14,371,30,407,31,316,21,370,92,639,35,772,132,627,42,804,230,722,42,994,302,886,48,1235,208,866,56,1128,94,577,64,737,9,260,24,293,1107,5270,364,6733,36,744,71,846,48,620,42,711,150,1285,80,1508,218,1218,98,1536,335,1412,97,1843,454,1759,96,2307,365,1666,124,2154,168,1065,113,1340,30,418,51,496,1799,10175,769,12746
7000,243,2341,457,3038,307,2272,531,3113,578,4871,1228,6682,525,4158,1088,5765,486,3801,952,5248,359,3179,772,4308,165,1887,412,2464,34,568,120,724,8,79,15,99,2703,23155,5578,31432,262,2104,401,2769,343,2239,350,2932,793,5107,927,6831,808,4175,790,5779,709,3726,706,5149,541,2925,574,4048,231,1512,307,2039,52,419,75,544,12,87,8,105,3748,22303,4147,30196,506,4439,855,5803,649,4511,886,6038,1374,9982,2155,13513,1330,8329,1884,11541,1196,7535,1664,10393,900,6107,1352,8355,399,3394,716,4509,86,987,194,1270,20,168,23,208,6451,45455,9727,61635
7001,22,675,73,776,12,562,53,621,129,1895,205,2229,151,1653,153,1961,129,1296,120,1548,119,1243,124,1482,73,710,72,855,29,216,26,273,0,51,4,56,663,8308,827,9798,36,620,63,713,61,552,50,661,189,2245,211,2639,239,1665,163,2065,228,1383,154,1768,222,1221,116,1564,102,679,64,846,39,256,39,333,6,96,22,124,1118,8710,884,10716,61,1290,137,1490,73,1112,97,1283,315,4141,416,4872,387,3321,318,4023,358,2680,276,3313,340,2468,243,3048,180,1388,136,1701,68,476,66,604,9,140,29,176,1779,17018,1708,20512
7002,150,2987,373,3512,164,3742,679,4589,572,9799,1657,12022,756,7911,1268,9936,821,6409,1019,8255,599,5261,643,6508,387,3454,405,4251,148,1315,181,1645,26,267,55,349,3641,41153,6271,51065,203,2842,325,3375,178,3313,391,3880,905,10369,1215,12488,1195,8187,939,10319,1191,6152,670,8006,1023,4766,526,6319,598,3100,338,4040,169,1281,182,1639,22,328,78,430,5495,40330,4670,50497,357,5832,701,6890,351,7057,1066,8469,1480,20168,2866,24509,1954,16098,2205,20253,2018,12555,1694,16262,1631,10027,1168,12824,987,6555,747,8287,318,2600,368,3287,57,596,129,779,9141,81489,10939,101561
8000,3,55,12,66,4,55,6,62,8,90,14,115,6,95,32,132,20,87,28,135,12,66,23,105,15,53,15,82,6,16,3,25,0,0,0,5,81,509,133,724,9,63,6,68,4,62,4,69,11,89,12,110,20,79,11,106,22,75,14,108,19,75,18,112,13,36,11,59,0,18,0,24,0,6,0,3,95,504,69,669,11,112,11,133,5,114,13,136,16,182,31,230,32,177,39,243,40,159,44,241,40,140,34,215,25,88,27,145,4,33,5,50,0,9,0,9,175,1019,203,1398
8001,677,13008,732,14415,905,16115,1190,18208,2243,36884,2556,41679,3489,31588,1793,36872,4285,24793,1299,30379,4113,19068,1018,24194,2474,14770,758,17998,1374,7500,542,9408,383,2397,295,3084,19938,166124,10171,196237,742,12395,698,13838,1073,16082,1067,18211,3089,36845,2107,42040,5075,31076,1455,37608,6245,23674,1034,30955,6065,18757,821,25638,3788,15801,831,20419,1633,9045,679,11359,304,3838,534,4674,28001,167516,9229,204753,1420,25399,1430,28249,1977,32195,2257,36425,5327,73729,4663,83719,8566,62667,3247,74476,10530,48471,2331,61337,10177,37822,1835,49833,6256,30576,1589,38421,3008,16547,1218,20774,686,6239,830,7756,47944,333637,19402,400982
9000,5,69,17,88,4,65,43,108,6,172,164,339,23,203,105,324,29,232,86,347,41,279,60,382,27,247,49,322,11,91,24,120,4,26,5,31,151,1379,547,2073,9,83,19,103,11,82,13,104,18,170,52,240,27,226,51,310,51,219,42,316,64,273,53,384,36,202,32,267,16,94,22,135,0,27,7,34,226,1375,290,1891,10,148,35,189,16,142,58,218,26,341,211,583,49,438,151,642,81,449,126,665,101,557,113,772,65,443,81,586,30,186,47,257,8,51,10,66,376,2756,832,3965
