SUA_CODE_2021,M_LPLFS_EFT_DC_0_4,M_LPLFS_EFT_DC_5_9,M_LPLFS_EFT_DC_10_12,M_LPLFS_EFT_DC_13_14,M_LPLFS_EFT_DC_15_17,M_LPLFS_EFT_DC_18_20,M_LPLFS_EFT_DC_21_24,M_LPLFS_EFT_T,M_LPLFS_EPT_DC_0_4,M_LPLFS_EPT_DC_5_9,M_LPLFS_EPT_DC_10_12,M_LPLFS_EPT_DC_13_14,M_LPLFS_EPT_DC_15_17,M_LPLFS_EPT_DC_18_20,M_LPLFS_EPT_DC_21_24,M_LPLFS_EPT_T,M_LPLFS_EAW_DC_0_4,M_LPLFS_EAW_DC_5_9,M_LPLFS_EAW_DC_10_12,M_LPLFS_EAW_DC_13_14,M_LPLFS_EAW_DC_15_17,M_LPLFS_EAW_DC_18_20,M_LPLFS_EAW_DC_21_24,M_LPLFS_EAW_T,M_LPLFS_HNS_DC_0_4,M_LPLFS_HNS_DC_5_9,M_LPLFS_HNS_DC_10_12,M_LPLFS_HNS_DC_13_14,M_LPLFS_HNS_DC_15_17,M_LPLFS_HNS_DC_18_20,M_LPLFS_HNS_DC_21_24,M_LPLFS_HNS_T,M_LPLFS_EW_T_DC_0_4,M_LPLFS_EW_T_DC_5_9,M_LPLFS_EW_T_DC_10_12,M_LPLFS_EW_T_DC_13_14,M_LPLFS_EW_T_DC_15_17,M_LPLFS_EW_T_DC_18_20,M_LPLFS_EW_T_DC_21_24,M_LPLFS_EW_T_T,M_LPLFS_ULFTW_DC_0_4,M_LPLFS_ULFTW_DC_5_9,M_LPLFS_ULFTW_DC_10_12,M_LPLFS_ULFTW_DC_13_14,M_LPLFS_ULFTW_DC_15_17,M_LPLFS_ULFTW_DC_18_20,M_LPLFS_ULFTW_DC_21_24,M_LPLFS_ULFTW_T,M_LPLFS_ULPTW_DC_0_4,M_LPLFS_ULPTW_DC_5_9,M_LPLFS_ULPTW_DC_10_12,M_LPLFS_ULPTW_DC_13_14,M_LPLFS_ULPTW_DC_15_17,M_LPLFS_ULPTW_DC_18_20,M_LPLFS_ULPTW_DC_21_24,M_LPLFS_ULPTW_T,M_LPLFS_U_T_DC_0_4,M_LPLFS_U_T_DC_5_9,M_LPLFS_U_T_DC_10_12,M_LPLFS_U_T_DC_13_14,M_LPLFS_U_T_DC_15_17,M_LPLFS_U_T_DC_18_20,M_LPLFS_U_T_DC_21_24,M_LPLFS_U_T_T,M_LPLFS_T_LF_DC_0_4,M_LPLFS_T_LF_DC_5_9,M_LPLFS_T_LF_DC_10_12,M_LPLFS_T_LF_DC_13_14,M_LPLFS_T_LF_DC_15_17,M_LPLFS_T_LF_DC_18_20,M_LPLFS_T_LF_DC_21_24,M_LPLFS_T_LF_T,M_LPLFS_NLF_DC_0_4,M_LPLFS_NLF_DC_5_9,M_LPLFS_NLF_DC_10_12,M_LPLFS_NLF_DC_13_14,M_LPLFS_NLF_DC_15_17,M_LPLFS_NLF_DC_18_20,M_LPLFS_NLF_DC_21_24,M_LPLFS_NLF_T,M_LPLFS_LFSNS_DC_0_4,M_LPLFS_LFSNS_DC_5_9,M_LPLFS_LFSNS_DC_10_12,M_LPLFS_LFSNS_DC_13_14,M_LPLFS_LFSNS_DC_15_17,M_LPLFS_LFSNS_DC_18_20,M_LPLFS_LFSNS_DC_21_24,M_LPLFS_LFSNS_T,M_LPLFS_T_DC_0_4,M_LPLFS_T_DC_5_9,M_LPLFS_T_DC_10_12,M_LPLFS_T_DC_13_14,M_LPLFS_T_DC_15_17,M_LPLFS_T_DC_18_20,M_LPLFS_T_DC_21_24,M_LPLFS_T_T,F_LPLFS_EFT_DC_0_4,F_LPLFS_EFT_DC_5_9,F_LPLFS_EFT_DC_10_12,F_LPLFS_EFT_DC_13_14,F_LPLFS_EFT_DC_15_17,F_LPLFS_EFT_DC_18_20,F_LPLFS_EFT_DC_21_24,F_LPLFS_EFT_T,F_LPLFS_EPT_DC_0_4,F_LPLFS_EPT_DC_5_9,F_LPLFS_EPT_DC_10_12,F_LPLFS_EPT_DC_13_14,F_LPLFS_EPT_DC_15_17,F_LPLFS_EPT_DC_18_20,F_LPLFS_EPT_DC_21_24,F_LPLFS_EPT_T,F_LPLFS_EAW_DC_0_4,F_LPLFS_EAW_DC_5_9,F_LPLFS_EAW_DC_10_12,F_LPLFS_EAW_DC_13_14,F_LPLFS_EAW_DC_15_17,F_LPLFS_EAW_DC_18_20,F_LPLFS_EAW_DC_21_24,F_LPLFS_EAW_T,F_LPLFS_HNS_DC_0_4,F_LPLFS_HNS_DC_5_9,F_LPLFS_HNS_DC_10_12,F_LPLFS_HNS_DC_13_14,F_LPLFS_HNS_DC_15_17,F_LPLFS_HNS_DC_18_20,F_LPLFS_HNS_DC_21_24,F_LPLFS_HNS_T,F_LPLFS_EW_T_DC_0_4,F_LPLFS_EW_T_DC_5_9,F_LPLFS_EW_T_DC_10_12,F_LPLFS_EW_T_DC_13_14,F_LPLFS_EW_T_DC_15_17,F_LPLFS_EW_T_DC_18_20,F_LPLFS_EW_T_DC_21_24,F_LPLFS_EW_T_T,F_LPLFS_ULFTW_DC_0_4,F_LPLFS_ULFTW_DC_5_9,F_LPLFS_ULFTW_DC_10_12,F_LPLFS_ULFTW_DC_13_14,F_LPLFS_ULFTW_DC_15_17,F_LPLFS_ULFTW_DC_18_20,F_LPLFS_ULFTW_DC_21_24,F_LPLFS_ULFTW_T,F_LPLFS_ULPTW_DC_0_4,F_LPLFS_ULPTW_DC_5_9,F_LPLFS_ULPTW_DC_10_12,F_LPLFS_ULPTW_DC_13_14,F_LPLFS_ULPTW_DC_15_17,F_LPLFS_ULPTW_DC_18_20,F_LPLFS_ULPTW_DC_21_24,F_LPLFS_ULPTW_T,F_LPLFS_U_T_DC_0_4,F_LPLFS_U_T_DC_5_9,F_LPLFS_U_T_DC_10_12,F_LPLFS_U_T_DC_13_14,F_LPLFS_U_T_DC_15_17,F_LPLFS_U_T_DC_18_20,F_LPLFS_U_T_DC_21_24,F_LPLFS_U_T_T,F_LPLFS_T_LF_DC_0_4,F_LPLFS_T_LF_DC_5_9,F_LPLFS_T_LF_DC_10_12,F_LPLFS_T_LF_DC_13_14,F_LPLFS_T_LF_DC_15_17,F_LPLFS_T_LF_DC_18_20,F_LPLFS_T_LF_DC_21_24,F_LPLFS_T_LF_T,F_LPLFS_NLF_DC_0_4,F_LPLFS_NLF_DC_5_9,F_LPLFS_NLF_DC_10_12,F_LPLFS_NLF_DC_13_14,F_LPLFS_NLF_DC_15_17,F_LPLFS_NLF_DC_18_20,F_LPLFS_NLF_DC_21_24,F_LPLFS_NLF_T,F_LPLFS_LFSNS_DC_0_4,F_LPLFS_LFSNS_DC_5_9,F_LPLFS_LFSNS_DC_10_12,F_LPLFS_LFSNS_DC_13_14,F_LPLFS_LFSNS_DC_15_17,F_LPLFS_LFSNS_DC_18_20,F_LPLFS_LFSNS_DC_21_24,F_LPLFS_LFSNS_T,F_LPLFS_T_DC_0_4,F_LPLFS_T_DC_5_9,F_LPLFS_T_DC_10_12,F_LPLFS_T_DC_13_14,F_LPLFS_T_DC_15_17,F_LPLFS_T_DC_18_20,F_LPLFS_T_DC_21_24,F_LPLFS_T_T,T_LPLFS_EFT_DC_0_4,T_LPLFS_EFT_DC_5_9,T_LPLFS_EFT_DC_10_12,T_LPLFS_EFT_DC_13_14,T_LPLFS_EFT_DC_15_17,T_LPLFS_EFT_DC_18_20,T_LPLFS_EFT_DC_21_24,T_LPLFS_EFT_T
1000,264,563,571,473,635,137,51,2687,65,209,199,185,194,31,13,897,35,34,30,20,42,7,4,170,20,29,24,14,19,4,0,111,383,837,829,693,885,176,67,3863,33,55,47,37,31,4,0,205,9,38,20,18,15,5,0,99,44,90,71,46,43,8,0,304,427,921,897,738,934,181,67,4164,214,426,309,261,254,28,17,1513,19,36,37,30,12,0,0,137,658,1386,1243,1033,1203,211,87,5818,692,1840,1682,1321,1622,338,100,7599,1793,3269,2243,1572,1588,265,69,10789,358,354,216,151,144,36,3,1262,86,137,108,64,66,9,0,471,2927,5591,4255,3107,3419,646,179,20120,101,233,149,112,88,15,6,701,244,343,167,108,94,6,9,964,345,574,319,218,180,20,12,1665,3275,6164,4574,3324,3599,664,191,21789,4231,3862,2076,1326,1172,153,54,12876,144,163,112,79,46,10,3,546,7652,10190,6755,4730,4814,825,244,35218,961,2397,2252,1794,2252,473,147,10284
1001,24,100,76,71,78,20,8,377,10,23,23,11,27,3,0,97,0,3,5,3,5,0,0,23,0,0,3,5,0,0,0,4,38,128,104,86,109,29,7,497,0,3,3,3,6,4,0,26,0,8,0,4,0,0,0,7,3,10,3,4,11,4,0,35,43,138,111,96,117,29,7,531,30,34,23,28,41,6,5,165,0,3,3,7,3,0,0,9,68,176,135,125,157,33,12,710,100,281,208,152,241,79,16,1081,269,473,291,185,204,41,14,1477,43,41,19,10,16,8,0,128,16,15,13,4,5,5,0,57,423,807,528,349,465,122,32,2738,12,33,5,9,10,0,0,80,37,39,21,15,15,4,0,136,48,71,33,20,25,9,3,212,473,885,560,372,497,129,34,2950,542,492,292,176,189,40,12,1750,8,14,5,8,3,0,0,42,1028,1386,856,557,692,170,46,4735,124,379,285,227,320,99,23,1459
1002,9,12,6,10,20,0,0,67,0,12,7,8,8,0,0,39,0,0,0,0,0,0,0,0,0,0,0,0,0,0,0,0,10,25,15,21,33,0,3,105,0,6,0,0,0,0,0,10,0,0,3,0,0,0,0,0,0,9,3,0,0,0,0,9,14,27,16,18,33,0,3,114,9,10,9,12,4,3,3,50,0,0,0,0,0,0,0,0,24,39,27,35,39,0,5,168,24,58,48,36,56,11,5,238,48,87,52,45,62,12,0,308,3,3,5,0,3,0,0,18,4,0,5,0,0,0,0,13,77,152,114,82,120,20,7,575,6,10,6,4,0,0,0,25,4,4,0,3,0,0,0,17,10,14,8,8,0,5,0,45,88,165,121,91,120,26,7,618,143,130,69,42,42,15,8,447,4,3,0,4,0,0,0,5,235,296,188,133,168,38,18,1073,33,74,57,49,80,8,8,303
1003,18,28,33,31,30,12,0,141,9,14,16,16,9,0,0,65,3,5,0,0,0,0,0,11,0,0,0,0,0,0,0,0,25,43,49,42,46,9,5,224,6,4,0,0,0,0,0,8,0,0,0,0,0,0,0,3,6,5,0,0,0,0,0,7,28,51,50,47,46,9,5,235,4,9,9,7,3,3,4,38,0,0,0,0,0,0,0,3,31,57,62,54,50,14,9,277,31,64,100,70,102,32,8,409,77,175,144,109,99,23,5,632,15,14,11,9,8,0,4,53,0,0,4,0,5,0,0,10,121,254,254,189,212,50,17,1106,0,3,0,6,0,0,0,11,4,13,10,3,5,8,0,37,9,17,4,3,3,8,0,49,131,274,264,193,221,55,19,1150,120,129,85,48,64,13,0,459,4,4,3,0,0,0,0,17,251,403,352,247,281,70,21,1629,49,99,128,99,131,36,13,545
1004,7,8,18,8,8,0,0,48,0,7,4,5,3,3,0,27,6,3,3,0,0,0,0,9,0,0,0,0,0,0,0,0,9,21,30,10,15,3,0,82,0,0,0,0,0,0,0,3,0,0,0,0,0,0,0,0,0,0,0,0,0,0,0,3,9,19,27,15,14,3,0,89,8,5,8,5,4,3,0,42,0,0,0,0,0,0,0,0,22,27,35,20,18,6,0,129,17,33,36,25,39,11,0,160,56,76,69,41,44,0,0,283,6,5,10,13,8,0,0,35,0,5,0,0,0,0,0,5,72,116,115,80,89,11,0,486,0,0,0,0,0,4,0,8,3,3,0,0,0,0,0,6,3,4,0,0,0,4,0,20,79,123,116,79,85,16,4,507,105,64,36,23,19,4,3,263,4,4,0,5,0,0,0,13,190,191,152,112,113,25,5,782,21,46,55,33,48,11,0,209
1005,13,50,29,27,36,16,0,167,3,17,0,8,9,0,0,38,0,0,0,0,0,0,0,0,0,0,0,0,0,0,0,5,20,60,37,36,52,16,0,216,0,3,0,0,3,0,0,7,0,0,0,0,0,0,0,4,0,3,4,0,3,0,0,19,24,65,36,40,50,16,4,231,0,22,14,13,8,0,4,58,0,0,0,0,0,0,0,5,24,83,55,49,62,17,3,293,62,133,97,73,106,27,5,513,89,165,112,82,91,18,4,564,15,9,13,3,8,0,0,46,5,8,0,0,6,0,0,20,174,310,222,163,212,50,10,1152,8,20,6,6,4,0,0,47,15,16,7,9,9,0,0,54,29,36,17,11,15,0,0,102,202,344,240,174,224,50,10,1246,193,180,81,56,46,3,5,572,14,6,4,5,3,0,0,24,404,530,328,236,271,53,14,1849,79,178,129,101,148,44,5,684
1006,3,10,19,19,30,7,8,101,9,11,9,4,11,0,4,45,3,0,3,3,0,0,0,12,0,0,0,0,0,0,0,4,12,27,38,23,38,4,7,158,0,0,0,0,0,0,0,0,0,0,0,0,0,0,0,3,0,0,3,0,0,0,0,7,12,27,36,27,38,4,7,167,0,6,5,7,0,0,0,29,0,0,0,0,0,0,0,3,16,32,41,34,44,9,11,194,25,76,78,61,92,28,24,382,48,111,87,71,73,11,8,400,16,8,5,3,9,0,0,53,0,5,0,0,4,0,0,10,85,201,167,137,176,41,25,838,0,0,4,0,0,0,0,7,0,8,0,0,0,0,0,14,3,8,9,6,0,0,0,22,90,202,170,143,173,39,25,857,88,82,60,47,51,14,5,347,0,0,0,0,0,0,0,0,178,288,233,186,223,49,37,1202,31,88,98,80,126,30,26,478
1007,14,16,23,14,20,0,0,87,0,0,5,4,0,0,0,8,0,0,0,3,0,0,0,3,0,0,0,0,0,0,0,4,14,22,30,19,20,0,0,103,0,4,0,0,0,0,0,3,0,4,0,0,0,0,0,4,0,4,0,0,0,0,0,3,14,24,27,19,20,0,0,109,11,11,14,4,7,0,0,50,0,0,0,0,0,0,0,0,23,36,43,25,20,0,0,154,22,60,45,38,40,7,3,221,45,87,51,27,26,0,0,249,14,6,4,0,5,0,0,24,9,7,8,7,0,0,0,21,90,165,103,72,69,10,5,520,3,6,0,0,5,0,0,16,3,3,3,3,0,0,0,20,3,10,7,3,10,0,0,36,96,180,109,75,78,15,5,555,147,113,61,25,31,0,0,381,6,4,0,5,0,0,0,17,254,292,168,110,109,17,3,951,37,80,68,53,57,7,3,307
1008,0,4,6,11,7,0,0,25,0,12,3,4,6,0,0,30,0,0,0,0,0,0,0,5,0,0,0,0,0,0,0,0,3,13,14,12,16,0,0,58,0,0,0,0,0,0,0,0,0,0,0,0,0,0,0,4,0,0,0,0,0,0,0,4,3,15,11,12,16,0,0,64,0,11,5,8,5,0,0,28,0,0,0,0,0,0,0,0,3,25,20,16,21,0,4,89,4,12,12,14,11,4,0,51,7,19,14,12,18,0,0,76,4,3,4,0,7,0,0,12,0,0,0,0,0,0,0,5,16,41,27,32,35,3,0,151,0,0,0,0,0,0,0,4,5,0,0,0,0,0,0,12,5,3,6,4,0,0,0,11,20,40,31,33,38,3,0,161,19,22,14,12,12,0,0,88,0,0,0,0,0,0,0,0,37,67,46,47,52,9,0,251,4,16,14,25,16,6,0,77
1009,8,3,12,7,20,0,0,51,3,4,4,5,5,0,0,17,0,0,0,0,0,0,0,0,0,0,3,0,0,0,0,3,11,9,18,12,24,0,0,73,0,0,0,0,0,0,0,0,0,0,0,0,0,0,0,0,0,0,0,0,0,0,0,0,13,9,18,14,24,0,0,74,4,10,4,6,3,5,0,29,0,0,0,0,0,0,0,0,12,14,21,26,28,5,0,103,14,25,36,27,32,6,5,134,25,63,46,25,36,11,4,212,10,3,3,5,0,0,0,23,5,3,3,0,0,0,0,10,42,95,84,58,75,21,3,376,3,0,0,0,3,0,0,13,0,6,4,0,4,3,0,13,4,10,5,0,5,3,0,26,46,99,90,54,78,24,3,403,43,62,40,15,24,3,3,190,4,0,3,0,0,0,0,14,98,163,134,72,99,22,5,599,23,26,44,34,50,6,5,188
1010,90,210,194,148,237,69,47,996,32,75,77,59,88,21,5,369,19,27,14,22,16,14,4,104,11,5,4,0,8,7,0,41,149,322,292,226,351,111,58,1512,8,27,18,7,27,4,0,91,4,9,10,6,4,3,0,35,10,38,30,11,26,5,0,125,159,354,327,239,379,113,61,1636,51,129,106,100,89,25,15,522,8,6,5,4,0,0,0,26,224,496,430,340,477,142,79,2183,283,715,716,554,758,286,128,3441,666,1166,811,546,675,178,76,4123,242,301,182,131,135,39,15,1038,33,44,32,19,14,4,0,152,1231,2227,1739,1243,1579,509,219,8745,34,68,56,37,35,8,5,241,84,89,51,28,37,13,4,311,117,155,104,66,69,26,7,547,1353,2383,1841,1309,1655,528,227,9301,1674,1641,898,615,572,126,52,5579,22,22,18,18,13,6,0,106,3050,4046,2760,1943,2238,663,281,14979,374,924,910,695,999,356,177,4436
1011,25,61,61,50,52,16,5,280,7,23,27,14,12,0,0,97,0,0,4,0,0,0,0,16,3,9,0,0,0,0,0,14,36,100,94,70,73,23,10,405,0,4,0,6,3,0,0,18,3,3,0,0,3,0,0,10,3,9,0,6,5,0,0,27,37,107,99,77,78,23,10,424,23,24,27,24,17,5,0,118,0,0,0,0,0,0,0,0,57,129,128,97,95,29,11,546,68,205,176,133,192,39,16,828,203,316,205,152,149,38,6,1063,27,29,15,12,5,3,0,89,13,11,8,7,4,0,0,42,299,561,408,297,357,83,21,2027,14,9,14,12,14,0,0,71,19,30,26,10,14,0,0,109,30,40,42,25,30,0,0,174,337,603,453,326,382,84,25,2205,337,271,166,109,92,26,5,1002,9,12,4,5,7,0,0,32,684,884,617,442,478,105,30,3243,95,264,237,189,250,58,17,1106
1012,20,42,37,20,33,5,0,167,4,16,10,5,8,0,0,45,0,0,0,0,4,0,0,3,0,9,0,0,0,0,0,12,29,63,48,28,42,11,0,228,0,0,7,0,4,0,0,8,0,0,0,3,0,0,0,4,0,5,3,4,4,0,0,17,33,64,50,37,46,11,0,243,9,17,10,11,11,0,0,59,0,6,0,0,0,0,0,6,44,81,66,48,54,11,0,303,83,166,132,89,107,21,6,606,137,171,109,66,61,7,4,548,27,6,10,5,0,0,0,45,10,14,6,10,4,0,0,50,257,364,261,168,170,30,9,1252,4,7,10,4,3,0,0,26,16,15,10,5,3,0,0,51,23,25,17,4,9,0,0,75,279,384,274,170,179,30,9,1327,240,209,106,69,40,8,0,666,3,10,3,8,0,0,0,26,522,600,384,247,219,38,11,2023,104,215,175,112,139,28,10,767
1013,5,16,15,8,15,0,5,61,0,8,0,0,5,0,0,12,0,0,0,0,0,0,0,0,3,0,0,0,0,0,0,7,11,25,13,12,14,3,5,84,0,0,0,0,3,0,0,3,0,0,0,0,0,0,0,0,0,0,0,0,3,0,0,4,12,25,15,15,21,3,5,90,3,4,13,15,9,0,0,44,0,0,0,0,0,0,0,0,15,25,29,26,30,3,6,130,16,42,42,24,31,11,4,163,37,72,73,45,36,5,0,273,6,8,3,8,4,0,0,36,0,4,6,3,0,0,0,15,70,123,115,74,78,14,3,482,0,9,8,0,0,0,0,13,0,4,0,0,0,0,0,6,0,9,8,0,4,0,0,21,68,136,121,76,80,14,3,506,92,86,43,35,20,0,0,281,4,6,0,0,0,0,0,15,170,231,165,111,99,16,6,800,21,56,53,33,48,9,7,230
1014,12,21,20,14,18,5,0,91,0,9,9,3,0,0,0,26,0,0,0,0,0,0,0,5,0,5,3,0,0,0,0,4,16,34,32,20,18,5,0,120,0,3,0,0,4,0,0,11,0,0,0,0,0,0,0,0,0,3,0,0,4,0,0,11,15,38,32,16,25,5,0,131,4,13,16,4,15,0,0,50,0,0,0,0,0,0,0,0,16,50,45,25,38,4,0,185,32,72,60,46,52,14,5,281,59,119,62,40,40,11,0,335,5,6,5,3,0,0,0,24,11,3,0,0,0,0,0,19,113,206,128,90,96,23,6,660,0,9,3,0,0,0,0,17,13,12,10,4,7,0,0,43,14,22,13,6,6,0,0,62,122,226,139,99,104,23,6,720,122,119,66,40,23,3,0,374,0,0,4,0,0,0,0,5,243,347,212,133,131,24,6,1099,45,88,83,58,74,15,6,376
1015,11,16,15,15,11,6,0,76,4,5,7,10,3,0,0,32,0,0,0,0,0,0,0,5,0,0,0,0,0,0,0,0,13,23,26,21,18,6,0,108,0,0,0,0,0,0,0,11,0,6,0,0,0,0,0,9,0,5,5,0,0,0,0,16,17,35,32,20,16,6,0,121,18,18,3,7,5,0,0,51,0,0,0,0,0,0,0,0,37,50,36,29,24,4,0,180,25,55,50,29,44,9,0,221,72,111,74,45,44,0,0,354,6,7,8,7,4,0,0,30,0,0,0,0,0,0,0,0,107,176,136,79,95,12,5,609,0,13,4,3,3,0,0,29,4,8,6,4,3,0,0,23,3,16,14,3,9,0,0,53,110,199,144,87,105,13,4,667,169,157,84,57,49,3,0,527,3,10,8,5,0,0,0,25,276,370,236,151,158,23,4,1213,39,72,67,41,57,6,0,295
1016,7,21,12,9,13,0,3,75,0,4,7,3,0,0,0,18,0,0,0,0,0,0,0,0,0,0,0,0,0,0,0,3,15,25,22,17,10,4,3,93,0,0,0,0,0,0,0,0,0,0,0,0,0,0,0,0,0,0,0,0,0,0,0,7,15,26,25,17,10,4,3,100,3,4,3,0,4,0,0,16,0,0,0,0,0,0,0,0,14,34,27,16,18,4,3,120,20,52,40,35,41,10,3,206,43,76,51,27,47,5,0,251,4,4,3,0,3,0,0,12,8,6,3,0,3,0,0,18,71,141,89,72,98,19,9,494,0,4,0,0,5,0,0,12,4,10,3,4,0,0,0,18,3,9,5,3,7,0,0,32,79,150,97,74,100,19,9,525,113,80,40,23,15,5,0,283,0,3,3,0,0,0,0,10,197,238,138,98,120,23,10,818,33,70,56,51,56,12,10,280
1017,6,8,6,8,11,0,0,41,0,5,5,9,3,0,0,19,0,0,0,0,0,0,0,0,0,0,0,0,0,0,0,0,12,9,11,16,11,0,0,57,3,3,6,3,0,0,0,11,0,0,0,0,0,0,0,4,5,3,6,3,5,0,0,17,14,19,15,12,19,0,0,74,9,13,12,15,5,0,0,59,0,3,0,0,0,0,0,3,24,34,21,32,21,0,0,141,19,56,42,35,48,6,0,203,50,81,60,37,28,6,0,257,13,7,14,7,9,3,0,51,0,5,4,0,0,0,0,17,80,152,113,75,88,9,4,523,6,19,12,8,5,0,0,45,6,13,0,3,0,0,0,22,11,23,11,11,7,0,0,65,95,171,124,87,93,14,4,592,154,146,76,52,49,4,4,477,3,4,5,0,3,0,0,24,257,326,202,138,146,18,8,1089,26,67,47,41,55,6,6,240
1018,4,22,21,26,32,7,0,108,0,8,20,9,15,0,0,53,0,3,0,0,5,0,0,8,0,0,0,0,0,0,0,0,12,30,36,35,50,15,0,173,0,0,0,0,4,0,0,8,0,3,3,0,4,0,0,7,0,3,5,0,4,0,0,17,12,31,40,34,55,9,0,186,5,13,17,8,16,5,0,63,0,0,0,0,0,0,0,0,12,47,57,47,66,13,5,252,27,65,68,60,90,16,9,336,75,125,99,65,89,16,5,472,20,12,3,9,0,0,0,48,0,7,6,3,0,0,0,17,122,206,175,136,181,32,13,868,0,4,3,7,3,0,0,14,8,21,8,7,3,0,0,54,10,26,11,12,10,0,0,73,132,232,185,151,198,36,13,938,155,155,95,72,57,8,3,552,11,7,3,4,0,0,0,23,294,390,285,225,253,43,19,1510,32,86,85,77,122,31,7,441
1019,0,8,6,5,8,0,0,28,0,9,0,0,6,0,0,12,0,0,0,0,0,0,0,4,0,0,0,0,0,0,0,0,3,11,6,5,9,0,0,44,0,0,0,0,3,0,0,3,0,0,0,0,0,0,0,4,0,0,4,0,5,0,0,10,3,11,10,11,14,5,0,52,5,8,7,6,6,0,0,37,0,0,0,0,0,0,0,0,7,22,19,15,24,5,0,84,5,27,15,15,13,4,0,78,14,55,26,29,36,5,0,169,7,8,6,6,0,0,0,35,4,0,6,0,0,0,0,9,27,88,54,54,49,8,4,282,5,5,4,0,0,0,0,15,4,6,3,0,0,0,0,21,12,8,11,0,5,0,0,36,37,104,65,54,47,10,4,315,86,82,50,36,21,4,0,272,0,0,0,0,0,0,0,0,117,187,108,90,72,12,4,589,5,29,22,22,17,4,0,98
1020,3,17,12,10,16,0,4,62,0,0,4,0,8,0,0,20,0,5,0,0,0,0,0,5,0,0,0,0,0,0,0,0,3,22,21,12,19,5,3,89,0,0,0,0,0,0,0,0,0,0,0,0,0,0,0,0,0,0,0,0,0,0,0,0,3,23,19,12,25,5,3,91,0,6,4,3,7,0,0,19,0,0,0,0,0,0,0,0,3,26,22,17,28,5,3,111,12,30,27,23,37,7,0,139,27,59,37,41,24,7,0,199,10,10,4,0,4,0,0,24,3,4,3,4,0,0,0,14,53,101,75,67,62,19,0,372,0,3,3,0,0,0,0,16,4,4,3,0,0,0,0,11,3,10,7,0,0,0,0,23,59,107,83,67,65,18,3,396,56,57,30,22,21,3,3,196,0,0,0,0,0,0,0,3,116,165,110,93,91,26,5,599,17,47,44,33,44,11,0,196
1021,8,16,12,11,18,8,5,73,5,7,3,5,8,0,0,25,0,0,0,0,0,0,0,3,0,3,4,0,0,0,0,4,20,26,18,15,19,8,6,108,4,0,5,0,3,0,0,8,0,0,0,0,0,0,0,0,4,0,0,0,3,0,0,15,21,27,19,18,25,9,6,122,0,13,8,10,7,3,0,49,0,0,0,0,0,0,0,4,22,35,35,27,32,7,9,175,13,60,45,28,44,7,7,210,48,95,64,42,45,8,9,308,13,18,18,8,13,4,0,69,3,8,4,7,4,0,0,26,75,186,130,86,102,21,12,613,4,9,0,0,0,0,0,21,14,9,8,5,9,0,0,44,14,17,8,9,9,0,0,63,93,208,138,96,102,27,12,678,152,123,70,41,31,8,7,439,4,3,0,0,0,0,0,7,249,333,219,138,135,34,18,1120,26,81,61,39,61,13,9,286
1022,8,12,6,10,10,0,0,48,0,4,3,0,0,0,0,15,0,0,0,0,0,0,0,6,0,0,0,0,0,0,0,0,8,14,15,16,7,4,0,61,0,0,0,0,0,0,0,0,0,3,0,0,0,0,0,3,0,3,0,0,0,0,0,6,8,16,10,16,7,4,0,69,0,11,7,5,4,0,0,23,0,0,0,0,0,0,0,0,9,26,16,14,11,4,0,93,8,36,33,19,24,7,0,125,33,67,31,20,14,0,0,165,5,6,7,5,0,0,0,18,3,5,0,0,0,0,0,8,52,104,72,46,41,8,0,322,0,0,0,0,0,0,0,0,8,7,3,0,0,0,0,16,8,13,4,0,0,0,0,21,56,117,78,48,41,8,0,344,60,61,37,10,10,0,0,177,5,0,0,0,0,0,0,5,120,177,110,59,44,11,0,524,17,46,39,30,30,6,0,171
1023,3,9,11,14,10,0,0,44,0,0,4,0,0,0,0,14,0,3,0,0,0,0,0,7,0,0,0,0,0,0,0,0,6,13,10,15,11,0,0,59,0,0,0,0,0,0,0,0,0,0,0,0,0,0,0,0,0,0,0,0,0,0,0,0,8,13,10,15,11,0,0,65,4,16,10,5,6,0,0,33,4,0,0,0,0,0,0,4,13,26,14,18,14,0,0,97,10,46,36,24,30,3,0,158,30,55,38,20,21,0,0,171,6,12,5,5,9,0,0,37,4,4,6,0,0,0,0,15,53,124,84,54,59,3,0,381,3,9,0,5,3,0,0,16,11,13,5,0,0,0,0,27,9,16,4,10,3,0,0,45,65,140,91,63,64,7,0,428,92,101,48,36,30,0,0,309,3,5,0,0,0,0,0,10,165,243,140,100,95,7,0,751,14,53,51,39,43,5,3,202
1024,3,11,16,17,22,7,3,80,0,8,3,3,9,3,0,29,0,5,3,0,0,0,0,11,0,3,0,7,0,0,0,13,9,25,28,27,30,10,5,130,4,0,0,0,0,0,0,7,0,0,0,0,0,0,0,0,4,0,0,0,0,0,0,7,4,29,28,33,30,13,5,134,4,12,10,10,11,0,0,40,0,0,0,0,0,0,0,0,6,38,36,38,47,13,7,179,4,44,44,37,49,13,6,200,35,87,61,54,66,12,3,320,12,13,8,7,3,0,0,38,4,4,5,6,3,0,0,16,60,145,119,100,118,22,10,574,7,5,4,3,3,0,0,20,6,11,7,7,7,0,0,33,8,17,16,13,7,0,0,58,69,158,130,113,123,28,10,634,63,83,53,34,31,6,0,275,3,3,0,0,0,0,0,6,139,249,185,146,155,30,11,909,11,58,62,55,68,17,10,282
1025,149,393,320,281,348,138,73,1709,50,108,88,95,78,26,12,440,8,25,16,4,9,10,3,74,13,15,8,7,6,0,0,54,222,539,433,385,440,163,91,2277,17,22,13,26,17,3,3,103,9,24,13,5,6,0,0,60,29,43,30,27,24,3,3,161,249,589,461,414,465,165,94,2435,118,210,162,151,139,41,21,842,7,3,3,3,4,0,0,32,375,798,627,573,610,207,113,3310,448,1213,1052,805,1144,432,189,5280,1116,1973,1238,888,1016,265,119,6618,233,236,139,97,109,29,19,862,55,80,40,26,20,11,3,231,1854,3504,2473,1808,2288,729,332,12994,60,112,83,48,60,14,3,374,129,202,126,76,74,15,0,617,186,311,213,125,133,28,3,989,2038,3820,2685,1934,2422,761,337,13988,2189,2131,1203,795,678,116,81,7192,29,43,30,23,9,0,0,131,4262,5987,3912,2747,3105,876,418,21309,599,1608,1376,1083,1492,563,268,6985
1026,18,38,22,23,18,10,0,128,7,9,8,8,11,3,0,38,6,3,0,0,3,0,0,9,0,0,0,0,0,0,0,0,26,47,30,29,28,15,6,177,0,0,3,0,4,0,0,14,0,3,0,0,0,0,0,5,0,9,3,0,7,0,0,14,28,52,34,35,39,15,6,197,4,15,15,15,14,0,0,67,0,0,0,0,0,0,0,0,35,68,48,46,50,18,0,266,34,82,75,43,72,23,5,342,99,204,127,83,79,24,5,626,26,17,5,6,3,0,0,62,7,8,0,0,5,3,0,26,163,314,209,143,163,48,15,1058,8,8,9,3,4,0,0,28,16,9,8,4,6,0,0,44,25,12,17,7,9,0,0,76,184,330,231,148,173,51,15,1129,265,218,124,88,66,18,0,777,3,4,0,0,0,0,0,10,455,550,354,235,237,68,15,1918,45,123,104,64,97,35,7,470
1027,15,30,32,27,39,5,3,157,5,5,8,5,3,0,0,25,0,0,0,0,0,0,0,3,0,0,0,0,0,0,0,3,21,44,42,30,47,5,3,192,0,4,3,0,0,0,0,11,0,0,0,0,0,0,0,0,4,4,3,0,0,0,0,11,25,43,45,30,45,5,3,202,8,18,22,18,13,0,0,78,0,0,0,3,3,0,0,8,38,62,62,51,63,9,3,286,83,156,126,89,115,24,8,601,119,190,120,68,75,13,0,591,19,16,7,3,7,0,0,52,0,10,0,5,3,0,0,17,217,376,253,170,209,40,6,1266,8,7,6,6,0,0,0,28,10,21,13,7,8,4,0,61,20,25,21,14,8,4,0,83,240,401,276,183,212,38,6,1357,200,182,107,61,55,0,0,613,7,11,4,0,5,0,0,20,443,593,387,249,269,44,6,1989,96,193,157,117,159,28,11,754
1028,10,15,27,27,28,11,0,114,3,12,18,13,10,4,0,54,0,0,0,0,3,0,0,6,0,4,3,0,0,0,0,6,12,28,51,38,38,12,0,172,0,0,3,0,3,0,0,7,0,0,0,0,0,0,0,0,0,0,7,0,3,0,0,7,12,30,55,38,38,11,7,183,8,25,20,14,13,3,0,79,0,6,0,0,0,0,0,8,18,55,72,53,51,17,9,270,37,102,98,91,131,18,9,487,99,196,125,110,108,15,0,661,20,8,8,6,9,0,0,51,5,7,4,3,0,0,0,17,162,307,238,207,248,36,15,1214,3,3,8,8,0,0,0,22,22,12,8,7,12,0,0,71,23,19,18,19,10,0,0,89,185,326,259,227,259,39,14,1304,226,175,117,77,84,14,6,695,8,4,0,6,4,0,0,15,414,505,369,305,352,47,25,2016,53,115,124,112,152,26,14,605
1029,7,13,10,12,9,8,0,65,0,3,3,0,3,0,0,13,0,0,0,0,0,0,0,4,0,0,0,0,0,0,0,0,11,15,13,14,19,8,0,80,0,3,0,0,0,0,0,8,0,0,0,0,0,0,0,0,0,3,0,0,0,0,0,8,11,20,13,14,20,8,0,87,3,3,6,0,3,0,0,20,0,0,0,0,0,0,0,0,18,30,20,16,23,8,0,104,14,40,32,16,18,4,3,122,36,69,45,22,25,4,0,207,9,18,4,0,3,0,0,34,3,8,0,0,6,0,0,15,59,125,82,44,47,14,4,377,3,5,3,0,0,0,0,16,8,14,14,5,0,0,0,40,12,17,18,11,0,0,0,50,69,144,104,57,45,15,4,435,92,104,56,28,31,3,0,313,0,3,0,0,0,0,0,4,160,257,157,86,81,16,4,758,22,52,38,30,30,10,6,188
1030,9,19,11,14,10,0,0,64,4,9,11,0,7,0,0,30,0,0,0,0,0,0,0,3,0,0,0,0,0,0,0,5,11,25,17,19,19,0,0,97,0,0,0,0,3,0,0,5,0,0,0,0,0,0,0,0,0,0,0,0,3,0,0,5,13,26,17,23,19,0,0,101,3,10,4,8,6,0,0,23,0,0,3,0,0,0,0,3,15,31,25,30,23,4,0,133,8,37,36,26,43,8,0,164,39,82,64,41,39,11,3,278,14,11,6,5,0,0,0,38,0,0,0,0,5,0,0,6,65,137,110,67,85,24,5,490,6,9,8,3,0,0,0,24,4,6,7,3,3,0,0,19,10,18,11,4,4,0,0,45,71,152,114,80,92,24,5,532,86,71,41,27,23,3,0,257,0,0,3,0,0,0,0,0,161,226,157,109,116,21,8,794,20,55,41,42,56,15,0,226
1031,935,2017,1783,1472,2132,1183,685,10204,334,637,529,469,621,334,239,3158,174,281,228,188,267,161,107,1405,74,99,58,56,57,40,25,409,1519,3038,2596,2179,3071,1717,1050,15174,101,138,136,101,147,88,52,760,30,44,51,39,48,21,19,252,138,185,191,133,194,110,70,1014,1652,3220,2784,2316,3268,1818,1127,16190,659,1253,956,749,1053,623,343,5638,56,85,58,42,27,13,9,288,2372,4558,3797,3111,4350,2457,1480,22121,3560,8535,7036,5666,8149,4624,2715,40289,4105,7710,5654,4113,5440,2822,1562,31408,1555,1865,1339,940,1274,739,523,8231,239,353,254,166,207,137,84,1447,9466,18462,14292,10887,15068,8322,4883,81378,333,632,430,376,503,268,171,2711,572,863,563,408,483,231,151,3275,901,1496,996,780,989,502,324,5990,10367,19960,15286,11667,16059,8818,5209,87362,14445,15876,9391,6433,7820,4000,2438,60399,316,387,258,160,128,61,38,1346,25129,36220,24937,18256,24008,12877,7678,149105,4500,10552,8817,7136,10288,5806,3397,50485
1032,15,50,24,11,35,4,0,141,7,13,15,7,12,0,0,49,0,0,0,0,0,0,0,9,0,4,4,0,0,0,0,11,27,62,40,21,46,9,0,207,0,7,0,0,6,0,0,20,0,4,0,4,4,0,0,13,0,5,4,9,12,0,0,34,27,73,39,25,60,9,0,237,17,22,27,13,12,3,0,99,0,4,0,9,0,0,0,8,46,96,66,45,75,8,0,346,75,160,120,85,138,20,0,599,138,235,130,91,77,11,0,683,19,19,14,8,13,0,0,75,13,10,7,3,0,0,0,29,241,413,274,187,226,34,0,1385,17,22,18,10,7,0,0,71,27,33,24,17,17,0,0,114,43,56,35,26,21,4,0,187,282,477,309,213,256,30,0,1576,358,296,137,87,78,5,0,965,10,8,6,0,5,0,0,34,651,783,457,303,335,42,7,2572,88,205,141,101,174,24,4,737
1033,9,10,15,20,17,0,0,75,10,13,7,6,11,0,0,43,0,0,0,0,0,0,0,4,0,4,0,0,0,0,0,6,17,24,28,26,29,6,0,124,0,0,0,0,0,0,0,7,0,0,0,0,7,0,0,8,0,3,3,3,7,0,0,9,16,31,32,24,30,6,0,137,13,28,19,14,5,6,0,80,0,0,0,0,0,0,0,3,27,56,46,41,36,5,0,221,29,68,50,43,46,13,4,253,85,153,92,59,58,14,0,460,18,13,10,0,0,3,0,49,5,6,5,0,0,0,0,19,130,241,157,97,113,30,3,778,11,25,13,3,9,0,0,56,13,13,8,8,3,0,0,56,19,37,24,16,11,0,0,106,148,284,177,115,124,30,3,885,226,193,122,83,67,8,3,702,6,11,12,4,0,0,0,36,381,489,316,206,195,38,6,1623,33,86,67,58,63,20,4,326
1034,3,15,14,11,18,0,0,70,6,11,0,5,0,0,0,26,0,0,0,0,0,0,0,0,0,0,0,0,0,0,0,0,6,28,12,17,22,0,0,97,0,0,0,0,0,0,0,0,0,0,0,0,0,0,0,0,0,0,0,0,0,0,0,0,6,28,14,17,22,0,0,104,3,16,4,0,4,0,0,30,0,0,0,0,0,0,0,0,7,45,19,22,30,0,0,129,11,18,30,26,33,6,0,129,26,68,60,52,41,4,0,250,6,7,7,4,5,0,0,30,4,11,0,0,0,0,0,20,46,100,98,84,79,15,0,428,0,0,0,0,0,0,0,11,0,4,0,0,6,0,0,9,0,7,0,0,4,0,0,19,52,111,96,88,88,10,0,439,48,33,30,16,25,5,0,161,0,0,0,0,0,0,0,0,98,144,135,100,110,16,0,608,17,37,43,41,48,11,0,194
1035,19,31,43,19,39,12,0,162,6,14,13,6,9,3,0,54,0,0,0,0,0,0,0,0,0,3,0,0,0,0,0,4,22,51,51,29,46,19,8,225,0,3,8,0,6,0,0,21,0,0,4,0,0,0,0,3,0,6,9,0,3,0,0,28,22,59,59,30,51,17,3,249,8,19,9,12,12,0,0,71,3,0,0,0,0,0,0,9,35,88,71,46,64,23,3,327,84,145,146,123,151,36,15,697,149,266,159,115,88,12,8,807,20,16,4,6,8,0,0,54,8,12,7,0,0,0,0,36,267,438,317,240,249,51,24,1591,16,19,9,0,10,3,0,58,18,35,8,5,9,4,0,73,27,55,17,7,9,9,0,131,294,490,337,257,260,61,24,1724,372,286,131,101,74,12,8,982,7,8,4,0,6,0,0,28,673,784,478,356,341,72,31,2731,97,182,187,146,186,49,19,865
1036,73,154,148,140,195,70,35,826,18,59,56,46,54,18,7,266,6,35,16,7,14,8,3,86,8,6,3,5,4,0,0,27,108,256,224,203,269,97,46,1203,3,18,19,16,9,3,0,71,0,5,0,0,0,0,0,20,8,24,21,18,13,0,0,90,114,279,240,219,282,104,47,1289,49,127,94,85,80,26,14,482,4,12,6,3,0,0,0,24,168,413,342,308,366,132,66,1795,171,507,536,444,565,248,127,2591,474,928,611,414,518,168,88,3202,171,199,141,84,88,35,13,730,25,17,15,11,13,3,5,82,835,1651,1300,957,1175,455,234,6604,17,46,22,26,31,6,0,152,47,54,33,32,33,11,4,202,58,97,57,57,66,18,6,359,895,1746,1359,1011,1244,474,239,6962,1179,1165,639,450,458,121,56,4074,21,20,28,11,4,4,0,86,2096,2934,2020,1473,1702,596,304,11122,246,666,688,588,757,317,160,3418
2000,160,389,347,320,450,112,44,1826,58,135,122,103,123,25,20,572,10,19,23,12,15,7,0,100,8,22,9,12,17,0,0,69,241,569,499,449,607,142,63,2572,9,29,33,19,22,3,5,114,11,19,8,18,13,4,0,68,18,42,34,34,36,7,5,176,254,610,541,483,644,154,60,2744,110,242,184,159,164,35,24,926,9,21,25,16,7,3,0,80,375,873,746,660,819,191,87,3748,292,900,851,729,977,240,76,4067,1015,2122,1495,1090,1160,264,75,7223,181,188,120,87,99,26,13,719,39,65,56,43,43,10,7,264,1522,3280,2529,1943,2289,535,168,12261,39,82,76,54,52,12,5,312,92,165,99,79,72,7,0,514,132,248,173,128,122,21,3,830,1652,3527,2702,2077,2406,553,175,13089,2067,2022,1148,794,658,158,48,6894,53,58,44,29,19,6,0,207,3769,5604,3898,2901,3084,714,224,20191,453,1292,1203,1048,1430,345,118,5891
2001,7,15,14,8,17,15,3,87,3,8,11,0,5,0,0,28,0,0,0,0,0,0,0,0,0,0,0,0,0,0,0,4,10,25,25,8,24,20,3,115,0,0,0,0,0,0,0,0,0,0,0,0,0,0,0,0,0,0,0,0,0,0,0,0,10,29,29,8,24,20,3,120,7,10,9,0,5,0,4,38,0,0,0,0,0,0,0,0,18,33,37,9,34,21,10,158,26,70,62,54,46,20,14,289,33,85,76,46,56,23,10,312,14,4,12,5,0,0,0,37,3,4,6,0,0,0,0,13,68,165,149,103,101,38,23,662,6,7,6,3,0,0,0,26,11,10,4,0,4,0,0,27,19,17,6,7,3,0,0,50,81,183,161,115,109,38,23,714,109,110,69,39,40,13,9,385,0,0,0,0,3,0,0,3,189,293,231,146,150,54,33,1097,35,81,80,61,66,38,20,383
2002,0,12,5,9,18,4,0,46,6,5,3,4,0,0,0,14,0,3,0,0,0,0,0,4,0,0,0,0,0,0,0,0,7,16,7,14,17,4,0,67,0,0,0,0,0,0,0,0,0,0,0,0,0,0,0,0,0,0,0,0,0,0,0,0,7,16,7,14,17,7,0,70,4,13,4,9,0,4,0,30,0,0,3,0,0,0,0,4,15,25,18,19,19,6,0,103,12,27,27,26,34,9,4,132,42,72,37,37,41,8,4,235,9,0,3,4,5,0,0,27,5,4,0,0,0,0,0,5,72,100,70,67,80,13,9,396,4,6,4,3,0,0,0,17,5,6,0,0,4,0,0,15,7,14,3,5,4,0,0,33,80,116,71,68,78,13,9,432,85,93,44,37,29,3,0,287,0,7,4,0,5,0,0,16,165,213,119,103,114,17,9,731,15,34,29,40,48,11,4,179
2003,32,67,68,55,84,23,7,340,15,38,16,19,22,0,0,105,3,10,6,0,3,0,0,19,3,4,0,0,0,0,0,11,50,119,82,75,111,26,16,478,0,3,3,3,3,0,0,20,3,3,6,3,0,0,0,17,4,5,11,8,3,4,0,34,52,127,90,79,115,33,14,508,24,44,31,28,31,13,4,171,0,3,0,4,4,0,0,15,79,172,127,112,147,42,18,696,84,209,232,185,277,76,45,1112,266,541,352,248,282,73,29,1786,61,51,17,26,26,7,3,200,9,20,7,5,0,0,0,50,418,829,616,468,581,156,74,3145,22,26,27,17,36,3,0,136,30,50,34,12,18,0,0,147,55,73,57,28,54,5,0,285,476,902,676,499,641,163,78,3430,552,517,298,199,183,52,15,1819,8,11,9,5,0,0,0,40,1039,1431,981,704,831,212,95,5289,111,278,300,241,364,104,51,1449
2004,28,66,57,54,62,18,6,296,14,16,7,13,20,4,0,71,3,4,9,0,0,0,0,13,0,5,0,0,0,0,0,11,43,93,80,72,83,23,6,396,4,5,7,4,0,0,0,20,0,3,0,0,0,0,0,12,3,10,11,3,4,0,0,26,50,99,86,74,82,23,6,424,20,38,28,41,21,6,3,155,4,3,5,0,0,0,0,11,69,147,119,116,100,26,13,592,95,237,239,192,248,82,38,1125,262,504,342,228,259,65,18,1673,56,54,25,13,22,5,3,176,12,20,14,8,4,4,0,56,425,805,616,438,526,157,58,3035,10,32,16,9,7,4,0,77,19,38,22,19,20,0,0,116,32,65,36,30,29,6,0,196,453,873,653,470,552,160,64,3229,523,524,258,181,180,37,19,1730,14,24,7,3,4,3,0,55,989,1423,923,655,744,200,82,5013,116,298,298,251,303,102,43,1420
2005,0,4,7,10,9,3,0,35,3,12,8,6,4,0,0,41,0,0,0,0,0,0,0,5,0,0,0,0,0,0,0,0,4,14,24,18,9,3,0,79,0,0,0,0,0,0,0,3,0,0,0,0,0,0,0,0,0,0,0,0,0,0,0,3,3,18,24,19,9,3,0,82,3,3,0,0,0,0,0,15,0,0,0,0,5,0,0,4,12,22,26,20,16,3,0,102,3,12,22,15,25,3,0,86,12,60,41,23,32,3,4,161,7,4,0,3,5,0,0,20,0,0,0,0,0,0,0,0,20,77,59,40,59,13,5,267,0,0,0,0,0,0,0,3,0,0,0,0,0,0,0,0,0,0,0,0,0,0,0,0,20,79,59,42,55,13,5,267,40,23,15,15,19,0,0,109,0,0,0,0,0,0,0,0,53,102,75,48,76,9,6,382,5,23,29,23,36,11,0,119
2006,4,7,8,6,7,6,0,32,0,3,3,0,0,0,0,13,0,0,0,0,0,0,0,0,0,0,0,0,0,0,0,0,4,7,12,14,5,6,0,43,0,0,3,0,0,0,0,4,3,0,0,0,0,0,0,3,3,0,3,0,0,0,0,5,3,7,17,14,5,6,0,50,0,6,9,0,0,0,0,19,0,0,0,0,0,0,0,0,4,17,24,11,6,6,0,67,9,25,17,19,27,0,0,94,35,56,26,26,40,7,3,206,8,5,5,5,5,0,0,25,0,0,4,5,3,0,0,12,46,90,55,52,72,9,3,330,0,0,0,0,0,0,0,0,0,6,3,0,0,0,0,6,0,6,3,0,0,0,0,6,48,97,58,52,72,9,3,338,52,59,25,16,15,0,0,172,0,3,0,0,0,0,0,3,103,153,86,68,88,16,3,511,13,32,22,25,33,6,0,126
2007,6,12,23,10,18,4,0,70,0,0,8,3,4,0,3,21,0,0,0,4,0,0,0,4,0,3,0,4,0,0,0,12,9,19,29,22,24,4,3,106,0,0,0,3,0,0,0,8,0,0,0,0,0,0,0,0,0,0,0,3,0,0,0,8,9,23,26,23,28,4,3,108,3,8,3,4,5,0,0,22,0,0,0,0,0,0,0,0,11,27,33,27,33,4,3,137,10,49,42,29,40,9,0,179,28,80,52,46,44,3,4,259,14,11,0,6,0,5,0,39,0,0,0,0,0,0,0,5,59,142,91,73,91,17,7,481,4,5,4,3,7,0,0,20,6,4,6,0,3,0,0,16,13,11,6,8,7,0,0,40,68,148,103,80,100,17,7,520,101,91,55,24,34,0,0,301,3,3,3,0,0,0,0,7,171,240,162,104,126,15,4,833,13,66,61,40,65,12,0,253
2008,75,178,146,127,172,78,36,807,14,45,40,30,43,19,8,203,7,7,9,9,4,4,0,41,3,8,0,0,0,0,0,18,103,235,203,160,224,96,46,1067,6,12,16,12,7,9,3,56,3,18,4,3,0,0,0,37,6,24,24,17,9,8,3,85,108,264,227,179,234,109,49,1157,24,77,53,42,41,22,4,266,3,3,4,7,4,0,0,17,131,341,278,226,277,125,53,1438,199,532,477,395,650,250,124,2630,451,1057,691,508,622,186,90,3608,88,102,64,49,52,16,3,372,23,29,19,12,22,5,3,119,767,1719,1252,955,1341,462,226,6724,13,38,27,22,31,12,0,147,61,96,57,28,27,5,4,272,71,134,82,48,57,19,4,420,840,1853,1336,1006,1400,480,233,7145,819,865,517,380,390,146,71,3187,40,22,9,8,4,3,0,90,1698,2738,1858,1387,1804,635,307,10418,271,702,627,519,821,325,160,3433
2009,6,12,18,11,22,6,0,75,0,0,3,3,7,0,0,21,0,0,0,0,0,0,0,0,0,0,0,0,0,0,0,0,6,14,20,17,34,6,0,94,0,0,0,0,0,0,0,0,0,0,0,0,0,0,0,0,0,0,0,0,0,0,0,0,6,14,20,17,34,6,0,97,0,0,0,0,3,0,4,12,0,0,0,0,0,0,0,0,6,15,27,18,36,6,3,106,9,36,32,38,46,20,11,197,36,70,34,39,49,23,3,258,3,10,0,7,5,4,0,29,0,0,0,0,0,0,0,0,52,116,73,81,101,43,15,482,4,0,0,0,0,0,0,0,0,4,0,0,0,3,0,15,4,4,0,0,0,3,0,15,47,117,77,83,103,48,18,497,32,18,18,5,13,5,0,93,6,5,0,0,0,0,0,8,82,136,92,94,110,55,21,599,17,47,48,52,71,28,11,272
2010,13,10,6,3,7,0,0,42,0,0,8,4,3,0,0,14,0,0,0,0,0,0,0,4,0,0,0,0,0,0,0,4,13,10,16,11,12,0,0,65,0,3,3,0,0,0,0,3,0,0,0,0,0,0,0,0,0,6,3,0,0,0,0,12,9,13,18,11,12,0,0,68,3,16,5,0,3,0,0,26,0,0,0,0,0,0,0,0,11,34,21,12,17,4,3,96,10,29,24,23,33,9,0,128,50,60,59,47,36,19,0,265,8,13,3,3,0,0,0,27,0,3,0,0,0,0,0,9,72,100,84,73,72,25,0,431,3,0,0,0,0,0,0,3,0,10,0,3,4,0,0,19,6,12,0,3,3,0,0,24,73,106,88,73,79,25,0,455,105,82,38,22,15,4,0,276,0,3,0,0,0,0,0,3,180,195,134,97,97,28,5,733,24,36,31,31,39,5,0,169
2011,1119,2501,2080,1719,2736,1601,974,12735,321,649,590,509,701,398,206,3376,54,103,78,83,125,76,42,558,73,98,63,55,57,38,26,401,1565,3346,2815,2368,3619,2118,1250,17078,92,164,126,122,125,82,40,751,27,88,61,57,58,26,22,338,121,252,185,183,184,110,58,1088,1687,3601,2990,2546,3803,2224,1313,18164,512,979,774,622,904,546,351,4694,71,60,56,47,36,8,14,297,2270,4641,3823,3214,4746,2782,1681,23157,3362,8289,7265,5742,8876,5319,2979,41842,5279,10721,7726,5689,7627,3953,2140,43138,1058,1068,679,501,703,365,220,4585,277,435,273,209,291,138,66,1688,9982,20506,15949,12139,17492,9779,5404,91252,362,757,515,396,542,307,192,3061,715,1378,698,499,623,304,158,4381,1079,2135,1209,892,1167,604,350,7441,11062,22646,17157,13035,18661,10388,5757,98700,11789,13236,7604,5481,6640,3569,2274,50585,345,447,243,187,123,67,47,1456,23197,36324,25009,18707,25422,14013,8076,150748,4481,10788,9348,7463,11610,6924,3956,54576
2012,19,30,35,25,41,10,3,173,3,3,11,6,13,0,0,43,0,3,4,0,0,0,0,3,0,0,0,0,0,0,0,0,29,39,47,32,62,13,4,221,5,5,0,4,5,0,0,18,0,5,0,0,0,0,0,5,5,9,0,4,5,0,0,24,31,47,48,33,64,13,4,245,14,25,16,12,9,6,0,85,4,0,0,0,0,0,0,11,57,73,64,51,75,15,8,340,50,130,114,99,140,30,11,573,108,189,133,97,116,30,0,674,25,27,10,3,19,0,0,83,5,18,11,15,9,6,0,61,193,367,264,206,271,64,13,1391,7,12,6,5,4,0,0,34,16,23,13,7,3,0,0,73,24,38,21,9,7,0,0,111,215,408,289,218,281,68,16,1500,278,296,151,92,69,20,7,924,8,12,3,4,6,0,0,40,504,720,450,320,361,92,21,2463,75,165,146,119,181,44,11,740
2013,7,13,13,7,13,3,0,61,3,6,7,3,3,0,0,18,0,0,0,0,0,0,0,0,0,0,0,0,4,0,0,11,11,19,23,10,22,4,0,86,0,5,6,0,0,0,0,12,0,0,0,0,0,0,0,3,5,5,4,0,0,0,0,17,10,29,32,10,23,4,0,105,5,10,6,4,6,4,0,42,0,0,0,0,0,0,0,0,18,41,38,17,32,4,0,149,21,38,41,22,41,12,3,176,43,87,59,38,42,12,3,289,9,16,3,4,0,6,0,30,0,5,0,0,0,0,0,7,69,147,105,58,83,27,7,498,0,3,7,4,3,0,0,15,11,15,4,6,3,0,0,44,13,19,15,8,6,0,0,61,84,168,117,67,91,28,7,556,169,147,75,51,42,12,3,489,5,11,5,0,0,0,0,20,251,321,195,118,125,38,8,1071,24,55,57,25,52,12,3,236
2014,3,0,0,7,6,0,0,25,0,4,3,9,3,0,0,17,0,0,0,0,0,0,0,0,0,0,0,0,0,0,0,0,3,9,9,11,12,0,0,37,0,5,0,0,3,0,0,5,0,0,0,0,0,0,0,0,0,5,0,0,3,0,0,5,3,11,11,11,16,0,0,50,0,9,4,0,0,0,0,17,0,0,0,0,0,0,0,0,6,22,8,11,16,0,0,67,3,15,22,16,23,0,0,80,24,27,20,25,32,6,0,139,4,8,4,0,0,0,0,19,0,0,0,0,0,0,0,5,32,54,50,47,57,11,0,242,0,0,0,0,0,0,0,4,6,6,6,0,3,0,0,19,6,10,4,0,3,0,0,29,33,60,56,51,61,12,0,269,62,67,21,24,19,0,0,195,0,4,4,0,0,0,0,7,94,133,82,75,84,13,0,477,3,15,23,20,34,0,0,111
2015,8,4,10,9,10,5,0,35,3,0,4,4,3,0,0,17,0,0,0,3,6,0,0,8,0,0,0,0,0,0,0,0,9,4,14,13,15,3,0,63,0,0,0,0,0,0,0,9,0,0,0,0,0,0,0,0,0,0,0,0,0,0,0,9,7,8,14,13,18,3,0,70,3,9,0,0,4,0,0,25,0,0,0,0,0,0,0,0,13,15,17,19,27,3,0,98,12,36,21,20,27,11,4,133,40,77,45,28,41,3,0,237,10,4,5,4,0,0,0,26,0,0,6,0,0,0,0,6,58,121,78,54,68,22,7,408,0,0,0,0,5,0,0,16,3,13,0,4,3,0,0,27,10,16,6,7,10,0,0,42,69,138,84,62,76,21,7,450,69,83,42,25,26,4,5,257,0,0,0,0,0,0,0,7,135,223,121,94,100,25,10,709,17,43,28,26,38,19,4,171
2016,15,26,17,15,36,11,6,127,10,12,8,3,7,5,0,45,3,3,0,0,7,0,4,10,0,3,0,0,3,0,0,12,27,48,29,23,48,12,6,199,4,0,0,4,3,0,0,13,0,0,0,0,0,0,0,8,3,4,3,4,3,3,0,19,33,48,33,23,53,17,11,220,14,14,10,15,23,4,0,77,0,0,5,0,0,0,0,7,46,70,47,38,75,17,11,302,47,128,115,86,104,31,7,520,113,241,148,100,112,35,8,758,20,31,10,5,11,0,0,77,10,8,10,0,3,0,0,37,189,408,281,195,227,67,19,1392,7,8,11,10,6,6,0,55,21,17,15,6,9,0,0,83,28,31,28,18,14,7,0,135,220,438,309,214,242,77,22,1526,309,335,169,106,111,21,9,1068,6,8,16,0,3,0,0,35,539,783,493,327,356,97,37,2628,66,157,134,102,136,44,14,650
2017,0,10,8,4,4,5,0,33,0,0,3,0,0,0,0,4,0,0,0,0,0,0,0,4,0,0,0,0,0,0,0,0,0,10,10,3,4,5,0,38,0,0,3,0,4,0,0,8,0,0,0,0,0,0,0,0,0,0,3,0,4,0,0,7,4,10,12,3,10,5,0,41,3,0,3,0,0,0,0,16,0,0,0,0,0,0,0,0,8,14,19,12,11,5,0,63,4,27,27,16,27,9,4,113,33,55,30,30,22,10,3,179,8,6,7,0,0,0,0,21,0,0,0,0,0,0,0,5,48,91,60,46,53,20,7,319,0,0,3,0,0,0,0,3,0,4,0,0,0,0,0,4,0,4,3,0,0,0,0,5,48,92,57,49,52,18,7,328,61,59,35,25,22,8,0,211,0,0,0,0,0,0,0,0,111,152,96,79,73,29,7,540,5,40,32,17,35,16,4,143
2018,8,23,31,20,23,12,8,126,0,10,11,7,8,0,0,45,0,0,0,0,0,0,0,0,0,8,4,0,0,0,0,9,13,35,42,27,32,12,7,177,0,0,0,4,3,0,0,14,0,0,0,0,0,0,0,0,0,0,7,4,3,0,0,18,13,37,48,31,38,14,6,194,26,27,10,13,16,9,4,96,6,0,0,4,0,0,0,12,44,62,61,46,53,22,15,303,32,89,94,57,83,27,6,382,124,188,118,77,89,26,9,627,21,17,16,3,9,0,0,65,0,5,4,0,5,0,0,14,178,295,228,138,182,56,17,1092,11,26,19,7,13,0,3,82,20,23,11,9,4,3,0,73,34,49,32,19,18,8,3,157,210,344,255,151,197,56,20,1245,282,261,116,83,79,10,0,837,5,16,10,3,0,0,0,33,501,615,383,243,286,75,23,2112,45,109,123,77,104,41,13,503
2019,13,20,15,12,21,3,3,79,0,0,0,3,4,0,0,8,0,0,0,0,0,0,0,0,0,4,0,0,0,0,0,3,16,22,20,10,23,5,3,97,0,0,3,0,0,0,0,10,0,0,0,0,0,0,0,5,0,5,3,4,0,0,0,14,13,25,22,17,22,5,3,108,3,7,0,3,3,0,0,19,0,0,0,0,0,0,0,0,16,32,25,19,28,8,3,126,12,52,41,38,54,10,4,210,49,83,76,48,49,12,4,327,10,12,9,4,6,0,0,33,0,5,6,0,0,0,0,11,76,145,127,85,111,26,10,576,3,10,7,0,0,0,0,20,7,11,5,3,3,0,0,26,8,17,8,9,0,0,0,45,83,161,137,97,113,26,9,622,96,83,54,28,36,3,0,298,0,0,0,0,0,0,0,3,174,247,187,126,147,30,15,919,22,70,56,48,75,16,11,287
2020,12,22,16,19,29,11,0,107,4,15,9,9,15,5,0,42,0,0,0,0,0,0,0,6,6,7,0,0,0,0,0,21,22,39,27,22,45,11,0,176,0,7,3,3,0,0,0,9,0,4,0,0,0,0,0,3,0,5,5,3,0,0,0,19,26,50,26,31,46,13,0,193,3,3,7,8,4,5,7,27,0,0,3,3,3,0,0,6,28,52,36,34,52,21,4,224,20,75,79,75,94,27,11,385,98,167,107,90,93,24,10,589,15,18,9,8,9,0,0,65,0,14,8,4,3,0,0,24,131,273,208,174,199,58,18,1068,0,7,3,3,10,0,0,17,11,18,6,6,6,0,0,53,11,18,6,11,12,0,4,71,150,295,218,183,213,58,23,1135,183,149,96,67,56,14,12,584,3,9,3,4,0,0,0,12,332,450,314,255,270,77,31,1723,31,101,100,90,125,35,13,490
2021,7,27,23,17,21,8,0,101,0,4,10,3,6,0,0,20,3,6,0,0,0,0,0,9,0,0,0,0,0,0,0,3,21,32,31,19,30,10,0,138,0,5,0,0,0,0,0,3,0,0,3,0,0,0,0,3,0,5,3,0,0,0,0,11,20,35,39,19,26,10,0,150,0,7,13,6,7,4,0,39,0,0,0,0,0,0,0,5,24,46,48,27,37,14,0,195,16,73,71,56,74,16,5,311,89,175,134,85,105,20,10,614,22,14,4,0,0,0,0,45,0,0,0,0,0,0,0,12,126,269,206,142,177,39,7,978,6,8,0,5,6,0,0,21,4,11,9,3,7,0,0,28,7,14,4,9,10,0,0,48,134,285,218,156,189,39,13,1023,109,126,62,36,37,13,0,373,0,3,0,0,0,0,0,6,248,409,276,183,225,49,10,1406,27,99,92,71,98,27,6,413
3000,243,460,444,390,484,68,15,2110,66,172,138,83,114,14,6,598,22,27,25,16,21,4,0,111,20,34,21,23,19,4,0,125,353,699,635,511,636,78,23,2940,31,67,55,47,38,0,0,250,9,25,34,19,9,0,0,98,45,93,88,67,47,3,0,347,397,793,724,585,681,84,26,3292,206,420,304,237,196,22,5,1384,14,32,30,27,9,0,0,109,620,1237,1059,839,886,105,37,4787,570,1496,1254,944,1124,130,33,5561,1093,2234,1560,1049,1070,125,29,7153,172,209,139,102,99,12,6,746,75,148,82,68,50,9,0,431,1911,4086,3036,2167,2345,266,66,13889,131,305,167,138,99,6,4,843,228,330,195,100,84,12,0,948,354,637,359,242,183,20,3,1796,2265,4722,3397,2408,2530,283,75,15684,3640,3454,1947,1215,919,99,30,11310,100,139,71,53,18,5,0,383,6010,8314,5407,3678,3464,392,103,27378,817,1956,1706,1339,1611,192,54,7667
3001,3,6,11,5,11,0,0,40,0,0,9,0,0,0,0,16,0,0,0,0,0,0,0,0,0,0,0,0,0,0,0,0,3,12,17,6,10,0,0,55,0,4,4,0,0,0,0,3,0,0,0,0,0,0,0,4,0,4,4,0,0,0,0,6,7,18,16,9,10,0,0,64,0,11,4,4,3,0,0,23,3,0,0,0,0,0,0,3,12,29,23,9,18,0,0,89,19,36,26,31,46,0,0,151,20,46,39,14,21,0,0,137,0,0,3,0,0,0,0,7,0,5,3,0,0,0,0,9,40,84,68,44,65,4,0,306,3,4,0,0,0,0,0,14,0,4,4,4,5,0,0,17,0,12,5,4,4,0,0,24,47,93,77,48,68,4,0,332,48,31,9,5,13,0,0,111,0,5,0,0,0,0,0,0,92,123,84,56,80,3,0,446,26,43,34,32,52,4,0,191
3002,865,2045,1799,1397,1941,699,283,9021,241,545,434,316,401,147,61,2152,64,102,92,77,83,45,8,465,58,61,42,32,35,12,10,244,1225,2756,2362,1823,2459,896,364,11883,94,154,134,102,113,26,16,637,32,101,66,37,23,10,9,287,126,248,201,141,131,37,24,923,1357,3007,2567,1963,2594,940,389,12808,402,797,648,515,527,170,94,3151,56,65,54,34,21,12,4,238,1815,3870,3263,2508,3140,1126,483,16196,2598,6128,5128,3990,5875,2223,1044,26994,3597,6877,4855,3411,4074,1287,582,24679,1116,1374,897,601,727,256,118,5087,240,349,205,132,143,49,18,1133,7553,14730,11086,8132,10816,3811,1762,57897,391,800,505,335,377,95,42,2543,677,1043,507,333,371,90,32,3049,1069,1845,1009,671,749,181,73,5592,8620,16572,12094,8803,11563,3995,1838,63487,9516,9479,5246,3674,3628,1060,601,33206,241,257,150,96,58,17,9,836,18382,26313,17495,12578,15246,5074,2447,97534,3460,8176,6924,5386,7820,2922,1330,36012
3003,29,56,56,39,59,3,3,245,8,21,26,7,10,3,6,84,0,0,0,0,3,0,0,0,3,0,4,0,0,0,0,20,45,79,84,55,70,9,3,348,5,9,4,6,3,0,0,30,0,8,4,0,3,0,0,15,9,17,7,5,12,0,0,47,52,94,95,60,76,12,3,394,27,35,22,18,29,0,0,137,0,0,0,0,0,0,0,4,76,135,117,74,113,8,3,535,71,184,202,132,165,19,7,775,155,354,216,154,176,13,3,1066,34,28,9,9,8,7,0,88,12,12,9,5,4,0,0,47,265,575,430,295,354,39,10,1978,19,28,14,17,16,0,0,95,32,64,22,15,16,4,0,151,54,90,42,33,34,7,0,251,319,662,467,330,387,45,10,2230,421,374,227,153,101,6,5,1285,9,18,12,4,0,0,0,45,752,1046,701,484,494,57,22,3551,105,236,252,173,219,24,9,1015
3004,45,160,135,100,134,17,8,603,22,62,37,35,31,3,0,198,5,16,10,7,0,0,0,39,0,5,3,5,0,0,0,16,73,243,191,143,174,18,11,856,12,22,15,11,13,3,0,76,5,3,4,8,3,0,0,27,15,27,22,22,20,3,0,102,88,265,214,162,192,27,13,959,38,83,68,49,46,11,0,292,0,9,6,4,0,0,0,19,120,359,284,214,237,35,14,1263,171,461,399,359,458,91,38,1988,332,636,471,315,369,56,25,2196,52,51,20,22,25,0,6,171,8,22,6,11,6,3,0,63,567,1172,896,708,863,159,65,4416,30,63,59,33,28,9,0,229,63,91,61,38,37,13,3,298,93,157,120,70,62,19,3,534,660,1328,1012,774,929,172,65,4949,739,685,378,249,212,46,18,2328,18,29,20,13,9,0,0,84,1414,2043,1414,1034,1149,221,88,7365,214,626,536,461,599,106,45,2590
3005,5,18,13,10,19,3,0,67,0,4,0,0,0,0,0,3,0,0,0,0,0,0,0,0,0,0,0,0,0,0,0,0,6,18,15,10,21,3,0,75,0,4,0,0,0,0,0,4,0,0,0,0,0,0,0,3,0,4,0,3,0,0,0,12,5,26,12,12,21,3,0,85,0,4,3,0,3,0,0,12,0,0,6,3,0,0,0,10,5,28,20,13,22,3,0,101,22,46,53,44,19,0,0,183,31,42,36,23,18,0,0,150,12,13,10,0,4,0,0,31,0,3,0,0,4,0,0,7,65,99,94,66,42,4,0,377,0,3,0,0,0,0,0,8,7,10,5,0,0,0,0,11,7,6,0,4,0,0,0,24,74,113,96,68,45,4,0,397,55,41,32,7,14,0,0,150,0,0,0,0,0,0,0,5,131,155,124,82,56,4,3,556,24,61,62,54,40,3,0,254
3006,18,47,44,47,44,0,5,219,8,10,3,13,13,4,0,41,5,0,0,0,0,0,0,8,0,0,4,8,0,0,0,15,33,69,56,66,55,6,5,282,3,6,3,3,5,0,0,23,5,6,5,3,3,0,0,21,7,11,12,7,7,0,0,44,35,77,68,67,66,9,5,328,8,19,23,13,10,0,0,76,0,0,0,0,0,0,0,0,46,99,92,85,73,12,5,409,47,114,91,76,101,14,3,450,96,177,104,95,95,7,4,584,22,12,6,4,8,0,0,51,0,9,4,3,0,0,0,25,170,306,209,180,204,24,7,1109,11,30,16,14,12,0,0,87,31,48,29,13,7,0,0,128,47,76,41,27,20,0,0,215,213,382,257,211,229,26,9,1329,336,302,139,99,68,14,0,958,3,7,4,6,0,0,0,25,555,691,402,313,299,39,6,2306,65,162,143,128,150,18,6,669
3007,235,534,473,356,495,149,60,2299,71,165,159,98,155,54,29,733,17,34,27,15,15,7,3,126,24,21,21,12,11,3,3,89,348,749,678,480,680,219,94,3249,19,26,28,23,17,9,7,123,13,20,15,12,6,0,0,68,30,47,44,33,19,8,5,201,379,800,725,519,701,229,102,3450,94,220,172,132,149,57,27,850,12,18,11,6,8,6,0,55,489,1037,898,658,853,289,129,4355,564,1474,1302,1109,1591,551,257,6850,1207,2347,1655,1176,1436,387,170,8374,319,390,266,168,249,80,38,1513,63,80,55,53,41,20,13,320,2150,4294,3272,2500,3318,1037,474,17052,69,162,105,72,72,25,12,514,159,264,144,90,106,25,8,792,227,424,248,163,176,51,23,1309,2374,4719,3519,2666,3495,1085,496,18359,1907,2057,1251,873,922,270,139,7414,55,79,49,33,23,8,0,250,4338,6853,4824,3571,4438,1369,636,26024,802,2009,1772,1465,2087,706,319,9154
3008,11,13,5,9,20,0,0,56,4,4,3,3,3,0,0,20,5,0,0,0,0,0,0,9,0,0,0,0,0,0,0,3,17,17,16,12,28,0,0,84,4,0,0,0,0,0,0,6,0,0,0,0,0,0,0,0,4,0,0,0,0,0,0,6,15,17,17,14,22,0,0,93,0,11,15,15,19,0,0,51,0,0,0,0,0,0,0,0,21,23,26,30,42,0,0,143,30,41,35,44,68,9,6,230,47,110,94,68,71,16,5,417,0,9,8,0,5,0,0,22,8,10,3,4,4,0,0,21,85,167,147,123,147,32,7,696,3,3,0,5,7,0,0,21,6,15,8,8,4,0,0,43,7,22,9,11,6,0,0,63,92,186,155,132,150,32,7,760,164,163,128,64,50,7,0,585,4,0,0,0,0,0,0,3,264,352,286,199,210,34,7,1352,37,53,48,52,82,9,6,286
3009,20,45,35,29,32,3,3,165,8,19,18,18,17,0,0,81,4,0,0,0,5,0,0,10,0,3,5,0,0,0,0,10,30,66,58,49,56,5,3,266,0,8,10,5,3,0,0,23,0,4,0,0,0,0,0,11,0,13,9,5,11,0,0,36,30,75,65,54,63,5,3,304,22,33,35,20,27,3,0,144,0,0,0,0,0,0,0,5,55,108,104,76,89,13,3,445,50,124,113,84,142,19,0,537,109,251,200,125,118,8,4,825,12,13,9,14,10,3,0,66,9,15,8,4,8,0,0,46,176,411,335,226,277,27,8,1467,7,26,19,7,9,0,0,75,20,34,18,6,15,0,0,88,25,60,41,19,24,0,0,163,201,468,377,245,307,27,8,1634,277,328,181,122,123,9,7,1043,9,7,0,0,4,0,0,27,487,806,551,372,429,35,12,2703,69,168,149,118,172,23,8,700
3010,3,3,8,8,15,0,0,41,0,0,0,6,3,0,0,13,0,0,0,0,0,0,0,0,0,0,0,0,0,0,0,0,8,7,10,16,22,0,0,60,0,0,0,0,0,0,0,3,0,0,0,0,0,0,0,0,0,0,5,0,0,0,0,5,8,11,14,16,22,0,0,58,3,6,5,5,3,0,0,22,0,0,0,0,0,0,0,0,10,13,15,20,24,0,0,84,9,22,16,20,22,3,0,91,33,66,37,21,27,3,0,186,4,6,0,0,3,0,0,15,4,0,0,4,0,0,0,10,46,100,58,45,52,0,0,305,0,0,0,3,0,0,0,8,12,3,3,5,0,0,0,15,8,4,3,3,4,0,0,21,53,103,66,48,50,0,0,326,88,87,40,35,29,0,0,278,0,0,0,0,0,0,0,0,142,190,108,85,81,6,0,604,9,25,28,29,33,0,0,127
3011,40,108,68,72,92,14,7,403,4,12,17,8,14,3,0,56,0,8,5,0,0,0,0,14,0,3,4,3,3,0,0,15,48,134,88,87,110,16,7,489,10,10,10,6,6,0,0,38,4,9,6,0,0,0,0,16,10,12,17,4,6,0,0,49,57,150,104,89,116,16,7,535,20,36,15,8,9,0,0,89,0,0,0,0,5,0,0,5,79,181,116,98,130,22,7,627,93,251,200,163,222,25,10,970,196,347,261,151,173,17,4,1149,27,22,8,4,7,3,0,81,12,13,9,0,3,0,0,38,325,639,479,322,401,47,12,2234,11,32,15,14,3,0,0,79,16,32,20,10,13,0,0,99,31,66,41,25,16,0,0,177,361,706,521,348,418,47,12,2415,392,327,172,113,75,4,0,1082,5,15,4,9,3,0,0,33,759,1044,701,469,495,48,13,3529,133,365,273,230,315,41,17,1374
3012,3,16,18,12,26,5,0,85,4,12,9,4,8,0,0,30,0,0,0,3,0,0,0,8,0,0,0,0,0,0,0,0,6,29,28,25,33,0,0,125,4,0,8,3,5,0,0,12,0,0,0,3,3,0,0,6,4,0,10,9,6,0,0,22,12,27,32,31,35,0,0,140,14,32,20,18,11,0,0,94,0,0,0,0,0,0,0,0,22,61,50,45,49,0,3,236,13,41,37,42,61,3,0,206,50,93,72,49,51,0,0,314,13,7,7,0,8,0,0,32,0,4,0,3,4,3,0,15,75,149,125,95,120,3,0,573,8,21,7,16,6,0,0,55,19,27,15,12,0,0,0,76,24,51,21,24,8,0,0,135,104,195,143,119,127,8,0,704,193,166,99,80,61,4,3,601,6,6,6,0,4,0,0,15,298,371,243,206,184,9,4,1323,26,60,58,62,87,3,0,289
3013,9,24,12,12,15,0,0,76,7,0,7,0,0,0,0,10,0,0,0,0,0,0,0,0,0,0,3,0,0,0,0,9,14,24,14,19,17,0,0,90,0,3,0,0,0,0,0,3,0,3,0,0,0,0,0,10,6,10,0,0,0,0,0,13,18,32,14,25,17,0,0,110,3,9,3,0,0,0,0,21,0,0,0,0,0,0,0,3,25,46,25,24,18,0,0,137,40,81,71,57,50,4,0,312,28,70,37,27,19,0,0,175,7,3,3,8,0,0,0,17,6,0,0,0,0,0,0,5,79,159,111,88,62,3,0,512,7,12,4,4,0,0,0,36,16,11,3,0,3,0,0,38,25,24,13,3,6,0,0,68,101,187,126,94,64,3,0,579,177,130,59,26,22,0,0,416,0,0,0,0,0,0,0,4,283,315,186,119,82,3,0,995,55,106,83,78,62,4,0,385
3014,36,81,51,50,73,13,6,309,10,9,12,18,13,0,0,62,0,6,3,6,4,0,0,17,3,0,7,0,0,0,0,10,49,99,77,65,92,18,6,404,4,7,11,5,6,0,0,30,5,0,0,5,0,0,0,11,7,11,15,7,6,0,0,44,56,105,87,75,96,22,6,447,28,28,39,16,24,4,0,144,0,5,3,5,0,0,0,17,87,144,128,92,126,22,6,610,95,236,229,169,197,29,14,976,198,368,228,160,178,18,8,1159,31,45,20,11,20,0,0,134,18,13,12,4,6,0,0,50,348,668,486,345,398,51,19,2311,28,37,27,13,14,3,0,120,42,50,26,19,12,3,0,160,66,91,55,31,31,5,0,275,412,757,543,372,425,64,19,2593,548,454,246,138,111,10,5,1509,12,10,6,4,3,0,0,36,973,1223,790,512,544,71,23,4139,131,319,286,217,272,47,16,1284
3015,110,259,240,183,296,56,37,1170,42,90,76,72,84,18,16,395,8,23,12,9,18,5,5,85,6,21,16,4,5,7,0,55,158,389,348,271,404,75,56,1709,6,15,19,14,13,3,0,72,5,10,5,5,0,0,0,29,15,24,26,19,17,3,0,106,174,412,380,288,420,79,60,1808,34,75,88,63,84,14,11,368,6,5,3,12,0,0,0,22,211,491,472,359,504,96,71,2203,226,650,646,545,862,199,98,3237,627,1315,1016,648,826,169,62,4657,143,232,171,130,161,39,10,887,28,40,30,22,22,4,3,146,1032,2226,1861,1345,1867,410,182,8920,17,74,54,28,33,10,0,217,72,130,67,58,54,10,3,393,93,207,117,88,85,18,3,607,1124,2437,1977,1430,1953,423,181,9531,807,982,595,448,443,104,30,3406,28,31,23,4,3,3,0,106,1955,3455,2604,1882,2400,535,212,13038,336,910,886,726,1157,258,139,4403
3016,59,118,87,88,102,30,9,487,11,37,47,28,17,0,6,144,3,10,8,8,3,0,0,28,0,3,0,0,0,0,0,12,72,167,141,118,126,31,9,669,0,12,8,0,5,0,0,24,0,9,8,5,8,0,0,27,5,17,11,4,11,0,0,53,75,181,153,130,142,37,9,722,35,40,31,35,34,8,5,188,3,8,0,4,3,0,0,13,116,228,184,171,177,44,12,926,169,394,343,305,376,79,33,1698,310,562,373,267,315,43,23,1894,46,47,32,24,18,6,0,172,8,17,9,11,9,0,0,55,529,1024,759,604,721,131,58,3819,30,54,19,24,22,0,0,156,53,80,59,23,18,5,4,233,86,134,76,51,43,5,4,388,607,1156,834,655,764,133,64,4212,649,592,369,263,225,57,24,2175,13,17,7,14,9,0,0,61,1273,1762,1214,928,993,196,86,6450,223,507,426,390,482,114,45,2183
3017,84,238,175,119,165,37,13,824,21,49,44,36,36,6,0,195,8,10,3,4,3,0,0,35,7,13,9,4,4,0,0,31,119,308,226,168,212,42,9,1082,9,7,11,10,10,0,0,58,3,9,13,3,4,0,0,32,15,18,26,15,16,0,0,89,139,326,250,185,224,45,9,1177,28,58,52,51,39,16,9,255,0,9,3,3,6,3,0,17,171,389,308,234,269,57,19,1446,269,595,489,383,515,103,57,2415,382,720,450,313,374,93,40,2366,56,50,40,21,36,9,0,203,13,26,21,10,20,3,0,96,722,1392,995,725,944,204,95,5082,50,85,43,45,40,4,0,262,66,103,62,40,35,7,3,313,111,186,101,79,70,10,3,570,835,1579,1092,808,1011,219,100,5651,843,830,406,304,241,48,28,2696,24,31,14,13,5,0,0,87,1703,2440,1519,1123,1257,269,126,8427,364,834,659,502,675,135,66,3239
3018,9,12,12,10,9,0,0,57,5,7,3,3,4,0,0,22,0,0,0,0,0,0,0,0,0,0,3,0,0,0,0,3,9,21,20,13,10,6,0,79,0,0,0,0,0,0,0,0,0,0,0,0,0,0,0,0,0,0,0,0,0,0,0,0,9,21,20,13,17,6,0,79,3,15,5,6,3,4,0,36,0,0,0,0,0,0,0,0,14,31,26,22,18,4,0,120,10,35,32,32,43,0,0,164,38,73,46,38,36,4,0,233,13,9,4,0,3,0,0,26,4,5,9,0,4,0,0,19,68,122,90,68,91,4,0,442,6,6,5,7,9,0,0,31,10,10,10,4,0,0,0,37,15,20,17,12,9,0,0,67,83,143,105,77,91,8,0,505,108,92,67,36,16,4,0,324,0,5,0,3,0,0,0,9,191,232,172,116,109,7,4,840,17,52,48,40,55,0,0,217
3019,7,19,20,18,23,8,3,92,0,3,0,5,4,0,0,16,0,0,0,0,0,0,0,3,0,0,0,3,0,0,0,12,14,21,16,28,26,8,3,116,0,0,0,0,0,0,0,6,0,0,0,0,0,0,0,0,0,5,0,0,0,0,0,4,14,28,16,26,26,8,3,121,0,8,3,5,0,0,0,22,0,0,0,0,0,0,0,0,14,35,21,33,32,8,3,142,29,42,41,30,60,8,0,215,51,77,48,33,40,3,3,254,9,10,7,0,5,0,0,21,5,5,0,6,0,0,0,18,79,129,95,72,103,14,6,507,0,0,5,6,0,0,0,8,3,8,0,6,3,0,0,14,3,7,3,4,3,0,0,21,85,138,102,77,105,14,6,530,55,68,29,15,24,5,0,186,0,0,0,4,0,0,0,4,143,205,132,101,129,15,6,722,36,57,56,49,80,15,3,305
4000,56,152,116,149,186,42,11,700,24,64,63,33,39,5,0,230,0,15,6,9,6,0,0,41,4,3,5,8,7,0,0,25,88,240,187,193,239,47,10,1000,10,20,18,6,7,0,0,64,0,17,7,4,10,0,0,45,15,38,25,15,16,3,0,108,107,279,212,202,257,50,7,1111,52,107,71,68,57,13,0,371,3,3,11,7,5,0,0,23,166,392,292,274,315,64,9,1507,94,359,328,255,364,72,17,1486,380,778,558,408,456,74,25,2683,46,48,40,35,39,6,0,205,18,26,14,14,9,0,4,88,535,1212,940,711,871,148,39,4468,21,62,37,21,26,3,0,169,40,68,31,19,23,4,0,186,59,128,73,46,50,4,0,360,599,1344,1012,758,922,156,46,4834,897,866,477,315,294,46,14,2912,21,31,27,12,7,0,0,103,1523,2241,1516,1085,1220,202,58,7842,147,513,445,397,550,111,24,2191
4001,401,927,869,664,983,431,259,4528,97,298,250,202,270,125,76,1313,18,38,23,22,40,14,4,165,25,18,22,17,18,8,3,113,532,1285,1166,905,1311,578,346,6120,32,77,68,39,62,19,11,305,10,49,29,31,24,4,0,151,41,130,99,68,82,21,11,455,582,1415,1263,974,1388,599,358,6579,256,429,348,318,341,108,109,1916,12,14,13,21,17,4,0,84,843,1861,1623,1309,1748,717,468,8574,910,2584,2322,1860,2733,1331,833,12576,2086,4203,2980,2036,2468,1002,540,15315,342,262,173,118,177,81,45,1201,100,137,85,58,56,19,15,469,3440,7183,5565,4072,5442,2424,1428,29552,134,277,186,134,183,70,29,1010,280,571,369,210,230,69,42,1768,414,843,551,344,411,141,77,2777,3855,8030,6111,4419,5853,2566,1500,32334,4648,4678,2717,1891,1929,746,455,17073,78,89,70,61,32,18,8,343,8580,12791,8899,6369,7810,3332,1961,49748,1311,3511,3191,2525,3718,1762,1089,17100
4002,9,18,14,17,27,5,0,88,6,4,6,6,0,0,0,18,0,0,0,0,0,0,0,9,0,0,0,3,3,0,0,3,16,18,22,29,29,4,0,120,0,0,4,4,3,0,0,12,0,0,0,0,0,0,0,0,0,0,4,5,4,0,0,14,17,27,21,31,32,10,0,141,14,16,5,4,6,0,0,35,0,0,0,0,0,0,0,3,31,43,29,33,37,10,3,183,18,49,50,49,71,11,4,255,96,165,87,59,80,18,0,498,12,13,4,8,5,0,0,51,3,5,5,0,0,0,0,15,133,228,146,116,165,26,4,817,0,7,9,8,6,3,0,32,6,11,8,7,5,4,0,41,5,22,20,6,6,4,0,74,139,250,163,124,175,33,7,887,164,104,74,40,31,14,0,427,0,0,4,0,0,0,0,10,308,356,242,160,204,48,10,1323,33,64,63,65,102,14,4,344
4003,6,12,13,9,13,0,0,49,0,10,8,5,6,0,0,27,0,0,0,0,0,0,0,0,0,0,0,0,0,0,0,0,9,21,11,12,18,0,0,76,0,3,3,0,3,0,0,16,0,0,0,3,0,0,0,0,0,3,4,6,3,0,0,19,10,22,19,15,20,0,0,88,3,17,21,7,17,0,0,75,0,0,0,0,0,0,0,0,16,46,40,23,34,3,0,161,14,40,42,24,34,8,0,171,34,88,64,38,42,4,0,270,12,11,0,5,5,0,0,32,3,10,3,0,0,0,0,18,65,143,116,67,83,17,7,493,0,10,8,3,6,3,0,33,4,3,7,0,0,0,0,13,3,14,14,8,12,3,0,47,75,163,128,72,88,16,5,539,127,121,58,34,38,12,0,384,0,0,0,0,0,0,0,0,198,279,183,107,125,21,7,927,20,51,60,38,44,6,0,219
4004,10,12,3,6,5,0,0,37,0,3,4,0,5,0,0,11,0,9,3,0,0,0,0,10,0,0,0,0,0,0,0,0,12,21,13,10,4,0,0,60,0,0,4,4,0,0,0,6,0,0,0,0,0,0,0,0,0,5,4,4,0,0,0,10,12,22,17,12,7,0,0,72,4,15,10,18,5,0,0,50,0,4,0,0,0,0,0,5,16,37,33,26,11,3,0,124,9,32,32,13,23,5,0,122,23,64,37,27,23,0,0,183,11,8,0,0,3,0,0,21,0,4,5,0,0,0,0,8,42,112,79,44,47,8,0,330,8,13,3,0,0,0,0,21,3,14,12,9,6,0,0,37,11,23,14,7,7,0,0,59,50,138,90,49,56,8,4,393,131,119,59,49,33,0,0,385,4,4,3,0,0,0,0,16,185,257,150,100,91,6,4,796,19,44,42,21,29,4,0,158
4005,0,5,8,9,7,3,0,32,0,5,0,0,5,0,0,16,0,0,0,0,0,0,0,0,0,0,0,0,0,0,0,0,4,14,16,9,10,3,0,54,0,0,0,3,0,0,0,5,0,0,0,0,0,0,0,5,0,0,0,0,0,0,0,8,6,19,15,16,10,3,0,65,0,9,8,7,3,0,0,30,0,3,0,0,0,0,0,4,9,28,29,15,12,7,0,96,5,26,28,20,34,8,0,124,49,83,50,35,38,9,0,261,0,4,6,4,5,0,0,18,0,0,0,0,0,0,0,11,59,110,85,58,78,12,0,412,0,0,0,0,0,0,0,4,0,4,3,0,0,0,0,9,0,9,4,5,0,0,0,12,63,116,90,58,84,12,0,426,106,86,40,24,23,0,0,279,0,0,0,3,0,0,0,7,170,204,130,88,107,17,0,714,5,33,32,26,42,11,0,154
4006,3,16,13,9,16,0,0,63,0,3,3,0,0,0,0,9,0,0,0,0,0,0,0,0,0,0,0,0,0,0,0,0,3,17,16,15,19,0,0,69,0,0,0,3,3,0,0,4,0,0,0,0,0,0,0,0,0,0,0,3,3,0,0,3,3,16,20,13,20,0,0,83,16,8,15,5,6,0,0,46,0,0,0,0,0,0,0,0,23,20,28,19,26,0,0,127,12,12,21,12,29,5,0,89,19,58,45,32,38,7,0,195,7,3,0,3,4,0,0,17,0,0,0,0,0,0,0,6,39,82,70,50,70,12,0,309,0,4,0,4,7,0,0,18,5,9,5,0,4,0,0,25,6,13,6,4,6,0,0,37,41,89,75,52,78,12,0,350,107,90,50,50,41,3,0,342,6,3,4,0,0,0,0,15,154,180,129,106,120,15,0,707,14,27,33,29,40,5,0,154
4007,0,18,10,11,8,3,0,52,0,3,11,6,7,0,0,25,0,0,0,0,0,0,0,4,4,0,6,0,0,0,0,11,8,22,22,15,16,3,5,93,0,0,0,0,0,0,0,3,0,0,0,0,0,0,0,0,0,0,0,0,0,0,0,3,8,24,24,18,16,3,5,94,5,18,9,7,4,3,0,45,0,0,0,0,0,0,0,0,15,37,32,22,15,9,5,140,8,27,31,25,32,12,4,134,42,112,67,56,75,19,4,378,11,3,7,5,3,0,0,25,0,3,0,0,6,0,0,7,54,148,108,85,118,25,8,549,0,8,0,0,0,0,0,5,3,10,0,3,0,0,0,17,6,13,0,3,0,0,0,26,57,161,104,93,122,25,8,574,80,68,53,27,35,3,0,272,0,4,5,0,0,0,0,6,137,228,159,123,148,29,11,848,11,44,41,34,42,14,3,185
4008,3,20,15,15,25,8,0,82,0,4,3,6,5,0,0,25,0,0,0,0,0,0,0,3,0,0,0,0,0,0,0,0,11,20,23,23,29,9,0,114,3,5,0,3,4,0,0,16,0,0,0,0,0,0,0,4,3,3,0,3,7,0,0,14,17,30,26,24,30,9,0,129,5,19,9,13,14,4,0,71,0,8,0,0,0,0,0,10,19,51,37,36,48,11,0,207,16,40,40,23,46,6,3,178,54,88,54,36,35,4,3,275,6,5,0,0,7,0,0,24,4,8,5,3,5,4,0,21,78,142,96,69,96,13,5,501,8,8,5,5,5,5,0,27,14,26,9,4,4,0,0,58,18,33,17,13,9,5,0,83,95,174,112,77,102,19,5,579,165,129,78,52,43,3,0,469,0,0,0,0,0,0,0,5,257,304,194,127,146,23,7,1057,20,59,48,37,74,14,5,259
5000,57,156,145,108,134,3,4,612,27,60,47,38,37,4,0,210,9,15,16,4,10,0,0,48,4,4,3,4,3,0,0,22,97,236,217,155,185,10,3,899,7,17,12,12,18,0,0,65,5,8,4,4,0,0,0,25,15,21,14,18,19,0,0,92,104,256,229,173,204,10,3,991,83,109,92,72,62,8,0,417,5,13,8,12,7,0,0,51,197,382,329,249,272,16,3,1460,142,399,375,248,345,34,12,1561,319,695,504,338,354,33,4,2243,41,37,42,35,26,0,0,184,11,23,21,20,10,0,0,89,510,1155,945,643,736,66,20,4080,41,64,33,32,26,6,0,202,51,107,59,39,32,6,0,290,89,174,89,75,55,4,0,497,600,1325,1040,720,800,74,19,4573,1150,1157,620,397,292,32,4,3646,34,60,26,18,3,0,0,143,1784,2540,1683,1128,1094,106,24,8367,205,553,523,356,477,39,20,2175
5001,4,24,21,21,30,3,0,103,4,13,18,13,20,4,0,65,3,3,0,3,0,0,0,12,0,0,0,0,0,0,0,0,9,44,36,41,41,4,0,176,0,0,0,0,0,0,0,6,0,0,0,0,4,0,0,0,0,3,3,0,4,0,0,9,9,45,38,39,51,4,0,189,9,19,11,10,11,3,0,62,0,0,0,3,0,0,0,3,19,71,48,53,52,5,0,250,13,54,73,66,77,0,4,288,62,156,107,59,86,9,0,478,5,4,9,0,3,0,0,25,4,3,0,7,3,0,0,20,83,214,181,133,173,10,5,805,0,12,0,0,0,0,0,20,5,13,8,0,0,0,0,26,9,20,10,5,7,0,0,45,95,233,192,141,180,12,9,855,140,153,69,54,48,9,3,477,3,3,6,0,0,0,0,15,236,390,268,192,230,16,7,1343,20,76,90,86,109,9,4,391
5002,9,10,16,14,12,0,0,59,0,3,9,4,0,0,0,8,0,0,0,0,0,0,0,3,0,0,0,0,0,0,0,3,9,14,23,17,15,0,0,80,0,0,0,0,0,0,0,0,0,0,0,0,0,0,0,5,0,0,0,0,0,0,0,7,9,20,21,20,15,0,0,84,6,8,4,3,0,0,0,25,0,0,0,0,0,0,0,0,19,29,30,24,21,0,0,113,35,74,53,50,47,0,0,256,28,55,26,15,16,3,0,139,5,0,0,0,0,0,0,4,0,0,0,0,0,0,0,3,65,132,82,66,68,6,0,413,0,0,7,0,3,0,0,10,0,4,4,0,4,0,0,15,0,8,7,4,6,0,0,26,67,139,88,65,72,6,0,436,72,77,43,32,20,0,0,236,7,11,10,4,0,0,0,24,141,223,138,100,90,6,0,700,43,86,71,60,60,0,0,321
5003,36,61,66,49,75,6,0,292,9,16,18,7,12,3,0,67,5,3,9,0,0,0,0,17,0,0,0,0,0,0,0,4,45,81,87,61,85,13,0,377,0,3,0,4,3,0,0,15,0,0,3,3,3,0,0,8,0,4,3,7,10,0,0,20,45,90,91,65,91,13,0,398,17,21,23,12,21,0,0,96,0,0,0,0,3,0,0,7,70,104,113,83,116,12,0,504,62,176,153,142,202,17,4,750,150,327,226,196,189,19,3,1114,27,17,16,10,15,0,0,91,13,4,8,5,8,0,0,33,247,525,401,351,411,42,12,1985,11,17,16,7,6,0,0,60,22,50,31,14,9,0,0,128,35,68,45,27,14,4,0,191,277,592,449,382,424,40,12,2182,403,366,197,108,99,10,4,1191,6,4,0,7,0,0,0,17,695,968,645,493,523,53,14,3381,100,234,218,184,271,25,9,1037
5004,9,19,27,26,35,0,0,112,4,13,4,11,9,0,0,40,0,3,0,0,0,0,0,6,0,0,0,0,0,0,0,4,7,32,29,38,52,0,0,165,0,0,0,0,0,0,0,4,0,0,0,0,0,0,0,6,0,0,4,0,0,0,0,5,11,38,36,42,52,0,0,173,5,7,9,10,8,0,0,33,0,4,0,0,0,0,0,14,14,48,44,51,57,4,0,218,8,73,78,68,99,4,0,328,60,183,164,104,112,7,0,632,9,5,5,3,0,0,5,27,0,3,0,0,0,0,0,8,81,268,244,178,212,15,0,1000,0,5,3,0,0,0,0,11,0,3,0,3,0,0,0,14,0,10,3,5,3,0,0,28,87,278,250,180,213,15,0,1032,108,107,48,41,35,0,0,344,0,6,5,0,0,0,0,4,190,391,300,222,255,15,7,1380,20,86,101,99,132,9,0,445
5005,5,4,8,3,13,0,0,31,0,0,0,0,0,0,0,5,0,0,0,0,0,0,0,0,0,0,0,0,0,0,0,3,5,5,10,8,15,0,0,42,0,0,0,0,0,0,0,3,0,0,0,0,0,0,0,0,0,0,0,0,0,0,0,0,5,8,10,6,13,0,0,44,0,4,4,0,5,0,0,13,5,0,0,0,0,0,0,3,9,18,14,7,17,0,0,66,7,27,26,20,32,3,0,116,22,36,16,16,23,0,0,108,0,0,0,3,0,0,0,10,0,0,0,0,3,0,0,5,31,65,39,37,61,3,0,241,0,3,4,0,0,0,0,3,0,5,0,0,0,0,0,11,0,7,4,0,0,0,0,18,32,73,44,44,61,3,0,256,74,46,15,21,13,0,0,173,0,0,0,0,0,0,0,0,101,118,62,64,78,7,0,429,10,38,32,25,46,3,3,156
5006,12,31,30,27,32,0,0,135,0,12,14,5,14,0,0,49,0,0,3,0,0,0,0,6,0,0,0,0,0,0,0,4,14,50,41,34,46,0,0,188,0,3,11,5,0,0,0,15,4,10,4,0,6,0,0,18,4,12,11,4,6,0,0,31,17,64,52,34,50,0,0,225,4,9,17,9,10,0,0,53,0,4,5,4,0,0,0,7,22,80,73,51,56,3,0,285,20,87,103,79,101,11,3,403,74,136,111,62,68,0,0,460,14,13,8,10,8,0,0,42,0,4,0,0,0,0,0,9,106,236,227,144,178,10,10,916,3,10,11,6,0,0,0,35,10,15,10,5,7,0,0,64,18,28,24,13,14,0,0,97,129,265,252,157,194,10,3,1008,233,240,104,67,58,7,0,709,3,16,4,3,4,0,0,28,360,519,365,231,252,20,4,1753,35,120,136,104,128,11,3,532
5007,13,30,34,22,17,0,0,122,4,0,0,0,0,0,0,7,0,0,0,0,0,0,0,0,3,0,0,0,0,0,0,3,20,30,36,26,19,0,0,130,0,0,3,0,0,0,0,10,0,0,0,0,0,0,0,0,0,0,3,0,0,0,0,10,20,30,41,26,20,0,0,138,10,7,9,5,0,0,0,36,0,0,0,3,0,0,0,5,30,38,46,38,23,0,0,183,40,89,77,54,61,7,0,331,50,80,46,31,27,0,0,241,0,4,5,6,0,0,0,21,9,5,7,4,0,0,0,24,93,189,135,97,95,10,0,615,0,4,4,0,0,0,0,15,0,5,7,5,0,0,0,23,5,10,12,5,0,0,0,39,97,198,141,100,104,8,0,651,131,83,32,26,15,0,0,293,16,15,10,4,0,0,0,41,243,292,188,129,116,8,0,976,51,124,109,75,80,4,0,450
5008,10,9,11,13,6,0,0,50,0,4,0,0,0,0,0,3,0,0,0,0,0,0,0,0,0,0,0,0,0,0,0,3,10,16,14,14,11,0,0,59,0,0,0,0,0,0,0,0,0,0,0,0,0,0,0,0,0,0,0,0,0,0,0,0,10,17,14,14,11,0,0,61,4,3,8,6,0,0,0,20,0,0,0,0,0,0,0,0,10,16,21,19,11,0,0,76,22,44,39,34,28,0,0,164,16,24,9,6,16,0,0,71,3,3,0,0,0,0,0,6,0,6,0,0,0,0,0,14,43,70,53,49,41,0,0,256,0,0,0,0,0,0,0,3,0,4,0,4,0,0,0,9,3,8,0,4,0,0,0,18,40,82,56,46,44,0,0,273,21,20,10,10,8,0,0,67,0,3,4,0,0,0,0,5,64,104,68,57,52,0,0,349,30,50,49,47,35,0,0,218
5009,607,1445,1288,1097,1539,568,375,6910,151,395,334,219,296,118,73,1593,27,52,56,44,62,15,13,261,26,38,35,23,28,8,9,169,805,1928,1712,1383,1922,713,468,8927,64,117,81,66,86,24,22,459,21,57,34,24,37,3,4,180,79,175,111,94,122,32,26,642,888,2101,1828,1471,2043,743,490,9570,256,521,389,342,356,119,76,2061,29,48,40,26,18,0,0,157,1173,2668,2257,1842,2424,862,569,11794,1630,4129,3741,3003,4275,1811,1171,19765,3134,6502,4471,3149,3680,1250,686,22880,425,352,200,169,206,82,56,1488,133,200,123,102,126,37,33,757,5324,11187,8542,6426,8286,3188,1939,44882,217,493,363,238,292,96,55,1752,523,986,539,355,355,69,57,2883,740,1478,895,587,648,163,112,4631,6066,12666,9437,7014,8935,3352,2052,49517,6841,6533,3550,2424,2378,709,449,22887,160,179,118,73,49,16,17,607,13062,19375,13109,9509,11362,4081,2516,73017,2238,5576,5032,4103,5813,2381,1539,26674
5010,17,25,15,12,4,5,0,78,0,5,0,0,0,0,0,12,0,0,0,0,0,0,0,5,6,0,0,0,0,0,0,6,17,29,18,16,12,5,0,98,0,0,0,0,0,0,0,0,3,0,0,0,0,0,0,4,3,0,0,4,0,0,0,6,21,29,20,17,12,5,0,106,0,6,6,4,6,0,0,25,0,0,0,0,0,0,0,3,25,38,29,24,9,5,0,134,23,63,36,14,31,7,0,171,14,29,7,12,6,0,0,66,0,0,0,0,0,0,0,5,8,4,0,0,0,0,0,14,43,90,45,35,39,7,0,254,4,4,0,6,0,0,0,11,0,3,0,0,0,0,0,10,5,10,4,6,0,0,0,18,42,100,49,37,40,7,0,281,56,46,28,7,14,4,0,156,5,4,0,0,0,0,0,14,106,149,79,47,56,7,0,445,40,88,49,27,36,9,0,252
6000,56,126,105,85,106,23,13,502,11,46,28,28,46,3,0,174,0,6,0,0,9,5,0,24,0,3,3,5,5,0,0,30,72,181,145,116,172,26,14,727,3,6,15,4,3,0,0,34,5,7,9,0,0,0,0,16,9,16,21,8,3,0,0,56,83,196,164,129,169,29,16,786,28,76,65,36,44,4,9,267,0,8,4,0,0,0,0,9,111,273,227,167,218,36,24,1058,52,173,165,169,194,36,21,809,216,467,363,271,265,58,16,1663,40,34,23,19,17,6,0,133,8,18,21,15,6,4,0,74,321,698,567,470,482,102,37,2671,12,50,30,15,31,7,5,158,36,91,43,25,31,8,0,236,55,141,78,46,61,12,5,395,375,837,645,519,541,119,39,3068,667,661,360,257,216,47,5,2210,10,10,12,4,0,0,0,37,1048,1506,1021,779,757,159,45,5318,115,299,271,251,301,56,29,1305
6001,4,11,16,13,12,9,0,62,0,11,7,5,11,0,0,30,0,0,3,0,0,0,0,7,0,0,0,0,0,0,0,0,5,22,18,18,26,8,0,103,0,7,4,0,0,0,0,14,0,4,9,0,3,0,0,20,0,6,13,0,3,0,0,31,7,31,29,20,30,8,0,130,14,18,18,11,19,0,0,84,0,0,0,4,0,0,0,5,28,48,49,37,43,7,3,219,22,40,50,34,61,12,0,221,64,99,89,80,57,10,3,408,6,6,6,0,9,0,0,35,0,7,0,3,6,0,0,15,87,151,142,123,133,21,3,669,0,12,3,6,3,0,0,30,13,22,15,8,11,0,0,66,13,34,13,16,10,5,0,94,103,183,162,140,143,25,3,763,227,181,99,65,57,3,0,636,5,11,7,3,0,0,0,25,332,374,264,206,204,29,10,1423,26,54,60,45,76,16,0,279
6002,14,21,24,25,27,9,3,125,9,3,3,0,8,0,0,31,0,0,0,0,5,0,0,0,4,0,4,0,0,0,0,7,23,28,36,25,33,4,3,161,0,3,0,0,3,0,0,10,0,6,0,0,0,0,0,5,0,7,3,4,3,0,0,12,23,34,42,32,36,7,3,174,8,14,12,10,10,0,0,51,0,0,3,0,0,0,0,4,34,51,51,40,46,10,3,232,22,65,62,41,49,19,3,271,90,155,119,67,92,15,4,545,13,8,4,12,10,0,0,44,4,4,0,4,3,0,0,15,131,231,190,119,156,34,13,869,6,12,3,7,5,0,0,36,9,21,10,7,9,7,0,64,12,31,19,13,15,7,0,96,144,265,209,134,165,38,13,969,179,221,118,85,71,9,0,686,5,4,0,0,0,0,0,14,333,493,325,219,239,54,16,1670,35,87,91,64,79,23,9,389
6003,84,195,162,150,201,52,25,860,26,65,55,26,50,19,0,226,0,7,3,6,8,3,0,31,7,10,0,4,0,0,0,27,111,273,221,184,253,74,25,1146,7,11,14,7,5,4,3,48,6,14,8,3,5,0,0,30,11,19,20,12,7,6,4,82,122,292,241,197,262,82,28,1228,39,69,55,43,46,17,14,276,4,7,0,3,3,0,0,21,174,363,296,245,310,102,43,1522,146,418,419,301,503,199,100,2083,422,822,607,406,461,139,53,2901,81,59,46,30,31,12,6,262,13,22,24,11,3,0,0,79,658,1318,1099,749,1001,345,162,5320,25,60,42,36,40,9,8,220,66,116,56,45,41,12,0,335,90,175,103,85,82,19,4,556,744,1485,1199,831,1082,367,166,5871,932,951,495,372,336,100,55,3248,13,26,9,4,0,3,0,57,1694,2464,1709,1209,1415,467,223,9182,225,609,582,452,699,245,123,2947
6004,33,59,52,42,75,13,11,277,8,24,15,18,18,3,3,87,0,0,0,3,0,0,0,9,0,0,0,0,0,0,0,5,38,81,77,62,89,22,7,376,7,7,5,0,4,0,0,24,4,12,4,3,3,0,0,18,8,19,8,3,0,0,0,39,49,100,80,66,94,21,7,417,25,43,41,35,31,7,0,175,5,5,5,6,0,0,0,8,72,150,124,95,119,33,11,606,53,164,159,140,195,63,23,799,185,355,242,174,226,63,13,1259,27,22,13,8,19,0,0,88,8,11,8,9,3,0,0,41,276,553,425,326,442,124,42,2181,16,20,14,17,10,3,0,81,29,60,39,16,20,4,0,172,38,80,52,36,30,8,0,252,322,636,481,362,475,135,42,2435,467,460,260,165,154,34,15,1562,0,11,7,6,3,0,0,33,796,1104,751,532,631,168,53,4032,83,225,214,181,268,76,32,1075
6005,0,6,3,4,13,4,0,36,0,0,5,3,4,0,0,16,0,0,0,0,0,0,0,0,3,0,0,0,6,0,0,3,8,7,12,7,16,4,0,57,0,0,0,0,0,0,0,5,0,0,0,0,0,0,0,0,0,0,0,0,0,0,0,5,8,7,12,10,16,6,0,58,10,7,4,6,6,0,0,34,0,0,0,0,0,0,0,0,11,11,15,15,26,10,3,88,8,18,16,18,30,3,0,100,27,65,47,33,33,3,0,212,4,5,4,0,3,5,0,15,3,3,0,0,0,0,0,11,37,87,70,56,72,8,3,340,0,0,0,0,0,0,0,6,4,8,4,0,7,0,0,22,4,9,4,5,6,0,0,27,46,94,75,57,74,10,3,369,55,67,31,23,29,3,5,219,0,0,3,0,0,0,0,6,97,164,107,84,111,16,10,592,6,23,26,28,42,4,0,136
7000,15,44,33,34,30,5,0,156,4,9,4,10,8,0,0,35,8,12,3,4,7,0,0,32,8,0,9,3,4,6,0,20,27,66,53,46,40,7,0,244,15,14,8,6,5,0,0,45,0,9,0,6,0,0,0,20,19,22,11,11,5,0,0,68,46,89,63,55,44,8,0,312,59,101,84,48,23,7,0,329,6,3,0,0,0,0,0,13,111,198,152,105,68,14,5,655,84,184,145,96,86,11,0,604,98,173,113,58,45,4,0,480,19,25,10,10,4,0,0,61,10,12,12,6,8,0,0,46,211,388,279,169,137,11,0,1193,31,58,30,35,15,6,0,173,25,46,23,20,9,0,0,128,56,101,53,56,25,6,0,300,270,489,334,222,165,16,3,1495,635,743,457,279,131,13,6,2262,34,41,30,23,4,0,0,132,939,1276,816,528,302,24,7,3889,101,226,184,128,115,10,0,763
7001,12,22,15,16,17,0,0,82,6,3,6,7,3,0,0,22,0,0,0,0,0,0,0,0,8,5,0,0,0,5,0,10,21,30,24,19,24,0,0,118,0,0,0,0,0,0,0,0,0,0,0,0,0,0,0,0,0,0,0,0,0,0,0,0,21,31,25,19,24,0,0,117,13,9,9,5,9,0,0,44,0,0,0,0,5,0,0,3,33,42,33,29,31,4,0,168,47,109,86,63,77,8,5,393,29,59,48,31,33,5,0,194,10,13,6,0,0,0,0,29,0,0,0,3,0,0,0,14,96,180,137,94,111,15,5,631,9,3,9,6,0,0,0,26,0,7,9,0,4,0,0,23,15,10,14,4,3,0,0,50,105,193,152,100,114,15,5,680,157,150,88,55,27,0,0,476,0,0,0,0,3,0,0,8,261,346,240,160,140,17,4,1164,58,131,103,77,92,11,5,478
7002,70,157,93,92,126,22,6,564,8,31,17,18,17,11,3,94,0,4,4,3,10,0,0,19,0,3,3,0,0,0,0,4,81,194,115,112,143,29,10,690,3,9,8,3,3,0,0,28,0,4,0,0,0,0,0,9,3,19,9,6,4,0,0,43,86,216,122,116,153,29,13,731,14,48,39,38,31,3,3,177,0,10,5,6,7,0,0,27,99,267,167,164,187,35,17,938,217,487,391,252,325,61,37,1771,172,307,170,141,105,22,11,933,37,38,18,11,9,4,0,116,9,16,4,8,8,0,0,52,432,848,591,409,448,87,47,2864,20,47,19,21,22,3,0,128,30,50,24,16,8,0,0,122,47,89,46,33,25,3,0,249,481,942,639,450,475,91,46,3114,476,434,224,148,109,17,11,1419,32,30,11,6,3,0,0,85,992,1403,874,604,581,106,58,4617,280,638,484,347,450,89,47,2335
8000,0,0,4,0,0,0,0,3,0,0,0,0,0,0,0,0,0,0,0,0,0,0,0,0,0,0,0,0,0,0,0,0,0,0,4,0,0,0,0,3,0,0,0,0,0,0,0,0,0,0,0,0,0,0,0,0,0,0,0,0,0,0,0,0,0,0,4,0,0,0,0,4,0,0,0,0,0,0,0,0,0,0,0,0,0,0,0,0,0,0,4,0,0,0,0,4,0,0,0,0,4,0,0,7,0,0,0,0,0,0,0,6,0,0,0,0,0,0,0,0,0,0,0,0,0,0,0,0,0,0,0,3,4,0,0,14,0,0,0,0,0,0,0,0,0,0,0,0,0,0,0,7,0,0,0,0,0,0,0,7,0,0,4,0,9,0,0,15,10,4,0,3,0,0,0,19,0,0,0,0,0,0,0,0,10,3,0,4,3,0,0,31,0,0,4,0,4,0,0,12
8001,138,501,376,269,412,168,71,1945,37,59,57,51,78,22,15,326,7,17,21,5,12,5,0,73,20,10,7,0,4,0,0,40,202,586,459,334,507,196,92,2387,9,18,11,10,13,0,0,70,5,16,7,0,4,0,0,30,16,33,24,12,15,6,0,105,218,621,484,348,524,206,94,2487,57,91,80,57,82,34,16,422,5,7,6,0,3,0,0,24,287,722,565,407,615,238,114,2935,565,1427,1101,846,1223,481,232,5891,610,1022,659,399,541,169,78,3482,138,105,48,40,43,30,16,412,26,24,19,11,18,8,3,106,1334,2581,1834,1298,1830,682,330,9883,32,51,38,37,34,13,15,215,63,91,54,36,45,16,6,310,96,145,89,72,78,27,16,524,1431,2725,1927,1371,1911,709,351,10410,979,1019,552,338,426,128,102,3544,28,21,15,12,10,0,0,83,2432,3765,2492,1719,2342,837,448,14031,710,1930,1479,1121,1635,652,307,7838
9000,0,8,6,0,5,0,0,14,0,3,0,0,0,0,0,10,0,0,0,0,0,0,0,0,0,0,0,0,0,0,0,0,0,14,4,0,5,0,0,18,0,0,0,0,0,0,0,0,0,0,0,0,0,0,0,0,0,0,0,0,0,0,0,0,0,14,4,0,5,0,0,18,0,5,0,0,0,0,0,0,0,0,0,0,0,0,0,3,0,10,9,3,6,0,0,26,6,8,9,5,9,0,0,31,11,14,9,3,8,0,0,40,0,0,0,3,0,0,0,4,0,0,0,0,0,0,0,0,11,17,17,13,13,0,0,78,0,0,0,0,0,0,0,0,0,0,0,0,0,0,0,0,0,0,0,0,0,0,0,8,11,21,18,20,13,0,0,82,0,4,3,4,3,0,0,19,4,0,0,0,0,0,0,3,16,25,25,23,18,0,0,103,5,14,10,8,6,0,0,48
