SOS_CODE_2021,D_5_9_FPET_MPTLF,D_5_9_FPET_MPNLF,D_5_9_FPET_MPLFSNS,D_5_9_FPET_T,D_5_9_FPULFTW_MPEFT,D_5_9_FPULFTW_MPEPT,D_5_9_FPULFTW_MP_EAW,D_5_9_FPULFTW_MP_E_HNS,D_5_9_FPULFTW_MPET,D_5_9_FPULFTW_MPULFTW,D_5_9_FPULFTW_MPULPTW,D_5_9_FPULFTW_MPUT,D_5_9_FPULFTW_MPTLF,D_5_9_FPULFTW_MPNLF,D_5_9_FPULFTW_MPLFSNS,D_5_9_FPULFTW_T,D_5_9_FPULPTW_MPEFT,D_5_9_FPULPTW_MPEPT,D_5_9_FPULPTW_MPEAW,D_5_9_FPULPTW_MP_E_HNS,D_5_9_FPULPTW_MPET,D_5_9_FPULPTW_MPULFTW,D_5_9_FPULPTW_MPULPTW,D_5_9_FPULPTW_MPUT,D_5_9_FPULPTW_MPTLF,D_5_9_FPULPTW_MPNLF,D_5_9_FPULPTW_MPLFSNS,D_5_9_FPULPTW_T,D_5_9_FPUT_MPEFT,D_5_9_FPUT_MPEPT,D_5_9_FPUT_MPEAW,D_5_9_FPUT_MPEHNS,D_5_9_FPUT_MPET,D_5_9_FPUT_MPULFTW,D_5_9_FPUT_MPULPTW,D_5_9_FPUT_MPUT,D_5_9_FPUT_MPTLF,D_5_9_FPUT_MPNLF,D_5_9_FPUT_MPLFSNS,D_5_9_FPUT_T,D_5_9_FPTLF_MPEFT,D_5_9_FPTLF_MPEPT,D_5_9_FPTLF_MPEAW,D_5_9_FPTLF_MPEHNS,D_5_9_FPTLF_MPET,D_5_9_FPTLF_MPULFTW,D_5_9_FPTLF_MPULPTW,D_5_9_FPTLF_MPUT,D_5_9_FPTLF_MPTLF,D_5_9_FPTLF_MPNLF,D_5_9_FPTLF_MPLFSNS,D_5_9_FPTLF_T,D_5_9_FPNLF_MPEFT,D_5_9_FPNLF_MPEPT,D_5_9_FPNLF_MPEAW,D_5_9_FPNLF_MPEHNS,D_5_9_FPNLF_MPET,D_5_9_FPNLF_MPULFTW,D_5_9_FPNLF_MPULPTW,D_5_9_FPNLF_MPUT,D_5_9_FPNLF_MPTLF,D_5_9_FPNLF_MPNLF,D_5_9_FPNLF_MPLFSNS,D_5_9_FPNLF_T,D_5_9_FPLFSNS_MPEFT,D_5_9_FPLFSNS_MPEPT,D_5_9_FPLFSNS_MPEAW,D_5_9_FPLFSNS_MPEHNS,D_5_9_FPLFSNS_MPET,D_5_9_FPLFSNS_MPULFTW,D_5_9_FPLFSNS_MPULPTW,D_5_9_FPLFSNS_MPUT,D_5_9_FPLFSNS_MPTLF,D_5_9_FPLFSNS_MPNLF,D_5_9_FPLFSNS_MPLFSNS,D_5_9_FPLFSNS_T,D_5_9_FPT_MPEFT,D_5_9_FPT_MPEPT,D_5_9_FPT_MPEAW,D_5_9_FPT_MPEHNS,D_5_9_FPT_MPET,D_5_9_FPT_MPULFTW,D_5_9_FPT_MPULPTW,D_5_9_FPT_MPUT,D_5_9_FPT_MPTLF,D_5_9_FPT_MPNLF,D_5_9_FPT_MPLFSNS,D_5_9_FPT_T,D_10_12_FPEFT_MPEFT,D_10_12_FPEFT_MPEPT,D_10_12_FPEFT_MPEAW,D_10_12_FPEFT_MPEHNS,D_10_12_FPEFT_MPET,D_10_12_FPEFT_MPULFTW,D_10_12_FPEFT_MPULPTW,D_10_12_FPEFT_MPUT,D_10_12_FPEFT_MPTLF,D_10_12_FPEFT_MPNLF,D_10_12_FPEFT_MPLFSNS,D_10_12_FPEFT_T,D_10_12_FPEPT_MPEFT,D_10_12_FPEPT_MPEPT,D_10_12_FPEPT_MPEAW,D_10_12_FPEPT_MPEHNS,D_10_12_FPEPT_MPET,D_10_12_FPEPT_MPULFTW,D_10_12_FPEPT_MPULPTW,D_10_12_FPEPT_MPUT,D_10_12_FPEPT_MPTLF,D_10_12_FPEPT_MPNLF,D_10_12_FPEPT_MPLFSNS,D_10_12_FPEPT_T,D_10_12_FPEAW_MPEFT,D_10_12_FPEAW_MPEPT,D_10_12_FPEAW_MPEAW,D_10_12_FPEAW_MPEHNS,D_10_12_FPEAW_MPET,D_10_12_FPEAW_MPULFTW,D_10_12_FPEAW_MPULPTW,D_10_12_FPEAW_MPUT,D_10_12_FPEAW_MPTLF,D_10_12_FPEAW_MPNLF,D_10_12_FPEAW_MPLFSNS,D_10_12_FPEAW_T,D_10_12_FPHNS_MPEFT,D_10_12_FPHNS_MPEPT,D_10_12_FPHNS_MPEAW,D_10_12_FPHNS_MPEHNS,D_10_12_FPHNS_MPET,D_10_12_FPHNS_MPULFTW,D_10_12_FPHNS_MPULPTW,D_10_12_FPHNS_MPUT,D_10_12_FPHNS_MPTLF,D_10_12_FPHNS_MPNLF,D_10_12_FPHNS_MPLFSNS,D_10_12_FPHNS_T,D_10_12_FPET_MPEFT,D_10_12_FPET_MPEPT,D_10_12_FPET_MPEAW,D_10_12_FPET_MPEHNS,D_10_12_FPET_MPET,D_10_12_FPET_MPULFTW,D_10_12_FPET_MPULPTW,D_10_12_FPET_MPUT,D_10_12_FPET_MPTLF,D_10_12_FPET_MPNLF,D_10_12_FPET_MPLFSNS,D_10_12_FPET_T,D_10_12_FPULFTW_MPEFT,D_10_12_FPULFTW_MPEPT,D_10_12_FPULFTW_MPEAW,D_10_12_FPULFTW_MPEHNS,D_10_12_FPULFTW_MPET,D_10_12_FPULFTW_MPULFTW,D_10_12_FPULFTW_MPULPTW,D_10_12_FPULFTW_MPUT,D_10_12_FPULFTW_MPTLF,D_10_12_FPULFTW_MPNLF,D_10_12_FPULFTW_MPLFSNS,D_10_12_FPULFTW_T,D_10_12_FPULPTW_MPEFT,D_10_12_FPULPTW_MPEPT,D_10_12_FPULPTW_MPEAW,D_10_12_FPULPTW_MPEHNS,D_10_12_FPULPTW_MPET,D_10_12_FPULPTW_MPULFTW,D_10_12_FPULPTW_MPULPTW,D_10_12_FPULPTW_MPUT,D_10_12_FPULPTW_MPTLF,D_10_12_FPULPTW_MPNLF,D_10_12_FPULPTW_MPLFSNS,D_10_12_FPULPTW_T,D_10_12_FPUT_MPEFT,D_10_12_FPUT_MPEPT,D_10_12_FPUT_MPEAW,D_10_12_FPUT_MPEHNS,D_10_12_FPUT_MPET,D_10_12_FPUT_MPULFTW,D_10_12_FPUT_MPULPTW,D_10_12_FPUT_MPUT,D_10_12_FPUT_MPTLF,D_10_12_FPUT_MPNLF,D_10_12_FPUT_MPLFSNS,D_10_12_FPUT_T,D_10_12_FPTLF_MPEFT,D_10_12_FPTLF_MPEPT,D_10_12_FPTLF_MPEAW,D_10_12_FPTLF_MPEHNS,D_10_12_FPTLF_MPET,D_10_12_FPTLF_MPULFTW,D_10_12_FPTLF_MPULPTW,D_10_12_FPTLF_MPUT,D_10_12_FPTLF_MPTLF,D_10_12_FPTLF_MPNLF,D_10_12_FPTLF_MPLFSNS,D_10_12_FPTLF_T,D_10_12_FPNLF_MPEFT,D_10_12_FPNLF_MPEPT,D_10_12_FPNLF_MPEAW,D_10_12_FPNLF_MPEHNS
SOS10,185035,10180,599,195810,2079,307,126,51,2562,415,36,450,3014,263,9,3294,2522,508,175,71,3272,316,123,439,3711,324,8,4052,4601,812,301,122,5838,732,156,892,6728,588,25,7340,148280,25944,11338,2317,187875,3253,629,3884,191758,10767,621,203150,36989,9417,4799,1403,52604,2035,596,2628,55239,20128,323,75692,358,83,60,570,1074,8,4,15,1085,156,1203,2447,185627,35443,16201,4294,241559,5299,1232,6527,248087,31051,2151,281287,43772,5777,2329,241,52121,899,159,1061,53176,3508,71,56755,34982,7690,2178,283,45135,598,126,727,45863,2725,82,48671,4585,1184,1770,53,7588,111,16,124,7714,527,17,8262,336,85,49,554,1025,14,6,24,1045,128,129,1300,83678,14731,6327,1134,105865,1625,310,1938,107805,6888,297,114984,1154,185,62,24,1421,238,29,268,1692,178,9,1877,1300,286,106,24,1728,196,81,277,2000,182,4,2184,2456,474,169,50,3145,434,109,543,3688,360,12,4057,86128,15208,6495,1183,109015,2058,416,2480,111494,7247,308,119044,18822,4879,2365,655
SOS11,47431,1992,139,49560,259,58,13,9,331,76,8,79,413,39,0,448,590,106,13,13,715,48,21,74,786,63,0,850,852,154,20,19,1046,123,25,151,1195,102,0,1297,39826,6139,1333,616,47914,556,161,716,48627,2089,142,50861,7465,1599,385,291,9738,323,106,429,10172,2141,35,12342,71,22,8,50,150,0,0,3,155,12,220,390,47358,7753,1728,969,57801,878,267,1147,58953,4243,399,63592,11040,1436,307,69,12850,121,34,164,13014,656,22,13686,11512,1990,349,111,13961,114,49,165,14124,694,23,14841,697,166,189,17,1073,12,3,16,1091,71,3,1164,105,23,0,152,280,6,0,5,285,31,31,351,23352,3612,850,350,28170,253,85,346,28513,1452,72,30038,138,37,14,6,189,44,3,50,243,29,0,271,274,43,4,12,334,25,11,45,370,47,0,418,412,75,14,14,521,71,23,91,609,80,0,686,23764,3690,871,365,28685,326,106,437,29127,1526,72,30728,3475,779,168,139
SOS12,4564,214,16,4798,18,3,5,3,29,6,0,5,34,0,0,34,46,9,6,0,57,0,5,8,63,0,0,63,64,8,4,3,83,4,4,11,94,7,0,101,3816,598,118,62,4598,45,17,58,4660,222,16,4902,705,187,38,38,962,21,3,25,989,220,0,1211,0,0,0,16,19,0,0,0,19,10,15,43,4524,785,155,117,5578,63,18,91,5661,447,35,6148,1064,176,36,5,1280,7,5,14,1295,70,0,1370,1219,222,31,30,1509,11,9,17,1525,96,6,1615,67,21,16,3,105,0,0,0,110,7,0,118,14,5,0,27,42,0,0,0,42,0,0,42,2368,427,86,60,2936,18,10,29,2969,174,5,3154,15,3,4,0,21,0,0,3,24,0,0,27,18,3,0,0,21,0,0,3,28,4,0,34,32,8,7,0,48,6,4,10,54,4,0,59,2401,427,94,60,2982,29,18,41,3026,182,6,3212,321,107,22,8
SOS13,20093,734,51,20876,48,8,9,3,69,22,5,25,91,11,0,97,162,32,5,9,203,11,11,18,220,14,0,235,207,40,10,13,268,32,5,40,311,17,0,329,17008,2230,671,322,20227,124,57,172,20401,754,51,21207,2834,596,155,127,3710,61,32,95,3807,797,18,4620,24,11,0,27,62,0,0,0,61,4,120,184,19867,2834,831,474,24001,184,84,267,24274,1557,188,26017,5463,573,143,46,6226,31,14,46,6271,278,9,6557,5749,920,193,56,6924,54,15,63,6991,289,22,7299,309,91,121,18,531,3,0,3,537,34,0,576,92,11,8,110,215,0,0,0,222,12,11,243,11616,1592,465,228,13900,96,27,122,14022,613,46,14677,48,9,0,0,57,14,0,14,71,7,0,77,110,15,0,0,128,10,9,14,144,5,0,151,152,25,0,0,183,20,9,28,214,18,0,232,11773,1620,468,232,14089,113,41,150,14236,628,46,14909,1595,354,95,80
SOS17,0,0,0,0,0,0,0,0,0,0,0,0,0,0,0,0,0,0,0,0,0,0,0,0,0,0,0,0,0,0,0,0,0,0,0,0,0,0,0,0,0,0,0,0,0,0,0,0,0,0,0,0,0,0,0,0,0,0,0,0,0,0,0,0,0,0,0,0,0,0,0,0,0,0,0,0,0,0,0,0,0,0,0,0,0,0,0,0,0,0,0,0,0,0,0,0,0,0,0,0,0,0,0,0,0,0,0,0,0,0,0,0,0,0,0,0,0,0,0,0,0,0,0,0,0,0,0,0,0,0,0,0,0,0,0,0,0,0,0,0,0,0,0,0,0,0,0,0,0,0,0,0,0,0,0,0,0,0,0,0,0,0,0,0,0,0,0,0,0,0,0,0,0,0,0,0,0,0,0,0,0,0,0,0,0,0,0,0,0,0,0,0,0,0,0,0,0,0,0,0
SOS19,0,0,0,0,0,0,0,0,0,0,0,0,0,0,0,0,0,0,0,0,0,0,0,0,0,0,0,0,0,0,0,0,0,0,0,0,0,0,0,0,0,0,0,0,0,0,0,0,0,0,0,0,0,0,0,0,0,0,0,0,0,0,0,0,0,0,0,0,0,0,0,0,0,0,0,0,0,0,0,0,0,0,0,0,0,0,0,0,0,0,0,0,0,0,0,0,0,0,0,0,0,0,0,0,0,0,0,0,0,0,0,0,0,0,0,0,0,0,0,0,0,0,0,0,0,0,0,0,0,0,0,0,0,0,0,0,0,0,0,0,0,0,0,0,0,0,0,0,0,0,0,0,0,0,0,0,0,0,0,0,0,0,0,0,0,0,0,0,0,0,0,0,0,0,0,0,0,0,0,0,0,0,0,0,0,0,0,0,0,0,0,0,0,0,0,0,0,0,0,0
SOS20,168183,6438,428,175053,1925,329,40,34,2331,297,33,326,2664,144,9,2817,3278,627,79,86,4057,270,120,387,4446,248,17,4703,5193,956,119,117,6387,570,151,719,7103,393,25,7521,145477,21314,3157,1934,171877,2667,743,3414,175290,6828,454,182573,37649,8293,1174,1191,48305,1688,428,2117,50421,9098,272,59791,393,105,10,568,1082,23,4,26,1103,82,892,2086,183513,29715,4338,3697,221262,4374,1181,5557,226819,16009,1621,244452,37134,4548,593,164,42441,767,171,936,43378,2215,64,45653,40828,6487,698,257,48270,578,130,708,48977,1793,65,50838,2081,362,311,30,2785,35,3,39,2829,156,5,2985,384,56,15,468,922,16,6,23,942,62,95,1103,80425,11448,1620,927,94420,1399,309,1707,96126,4226,226,100581,969,216,19,20,1232,204,20,224,1452,106,0,1562,1585,300,29,35,1956,160,65,224,2178,143,8,2336,2556,521,51,65,3189,360,87,450,3635,254,14,3895,82978,11973,1670,989,97613,1754,394,2155,99763,4480,238,104479,17742,3989,587,558
SOS21,32192,1235,90,33513,190,41,3,4,237,45,7,46,293,34,3,326,469,82,13,21,586,38,15,53,635,38,0,671,658,121,24,21,820,79,19,101,925,74,7,996,27371,3933,849,459,32613,371,131,502,33116,1302,92,34511,6551,1180,246,254,8230,213,56,267,8500,1461,34,9997,54,18,0,54,131,0,0,0,134,15,159,305,33977,5127,1096,771,40971,585,192,776,41746,2780,285,44810,6328,837,140,48,7362,81,36,115,7475,370,11,7857,8701,1283,185,82,10249,84,42,126,10374,390,6,10773,512,83,91,16,712,0,3,3,715,45,0,761,85,15,6,138,242,4,0,3,242,24,15,278,15628,2222,419,293,18557,169,80,249,18810,824,34,19672,120,32,14,3,161,25,4,27,191,27,0,216,221,34,6,11,271,15,18,30,304,20,0,326,343,68,18,11,435,45,18,59,498,45,3,542,15971,2286,434,302,18992,208,98,313,19303,866,34,20213,2820,579,110,100
SOS22,2924,120,7,3056,7,0,0,0,9,7,0,7,20,0,0,20,28,16,0,0,44,0,0,0,48,8,0,55,39,13,0,0,58,7,0,8,67,8,0,73,2407,407,85,61,2961,24,0,26,2992,129,7,3128,514,95,16,30,659,22,8,25,684,115,5,809,5,4,0,0,10,0,0,0,10,0,15,33,2929,503,101,97,3630,45,10,54,3691,248,33,3964,546,80,14,4,645,3,4,8,652,33,0,687,894,149,27,10,1085,4,0,9,1091,39,0,1133,60,9,13,0,89,0,0,0,91,9,0,96,13,3,0,13,27,0,0,0,27,3,3,33,1512,244,58,26,1841,10,8,19,1863,87,3,1950,7,0,0,0,10,4,0,4,7,0,0,15,18,5,0,0,21,0,0,0,21,8,0,26,20,9,0,0,28,4,0,4,29,8,0,42,1532,251,59,26,1874,15,8,20,1889,89,9,1988,248,44,13,21
SOS23,15044,526,32,15605,56,5,5,0,64,13,0,13,80,6,0,84,87,25,0,0,109,5,0,4,114,3,0,116,139,26,6,0,178,17,0,17,192,10,0,203,13074,1482,326,241,15127,80,26,110,15238,539,32,15807,2298,339,89,106,2833,42,9,56,2890,401,9,3294,34,4,0,8,50,0,0,0,51,6,98,160,15411,1829,418,358,18010,128,34,163,18179,943,144,19259,3477,337,84,32,3924,22,9,31,3959,148,5,4114,5010,687,117,58,5868,34,11,45,5911,195,5,6116,256,51,48,5,365,6,0,6,368,25,0,394,61,16,0,111,189,3,0,3,196,13,9,216,8805,1087,247,212,10351,63,21,86,10433,379,22,10839,38,4,0,0,44,9,0,10,54,7,0,58,64,13,4,0,80,3,0,8,84,5,0,89,102,17,0,3,121,16,5,15,138,7,0,150,8907,1106,246,210,10478,84,20,99,10575,389,22,10992,1240,206,58,55
SOS27,0,0,0,0,0,0,0,0,0,0,0,0,0,0,0,0,0,0,0,0,0,0,0,0,0,0,0,0,0,0,0,0,0,0,0,0,0,0,0,0,0,0,0,0,0,0,0,0,0,0,0,0,0,0,0,0,0,0,0,0,0,0,0,0,0,0,0,0,0,0,0,0,0,0,0,0,0,0,0,0,0,0,0,0,0,0,0,0,0,0,0,0,0,0,0,0,0,0,0,0,0,0,0,0,0,0,0,0,0,0,0,0,0,0,0,0,0,0,0,0,0,0,0,0,0,0,0,0,0,0,0,0,0,0,0,0,0,0,0,0,0,0,0,0,0,0,0,0,0,0,0,0,0,0,0,0,0,0,0,0,0,0,0,0,0,0,0,0,0,0,0,0,0,0,0,0,0,0,0,0,0,0,0,0,0,0,0,0,0,0,0,0,0,0,0,0,0,0,0,0
SOS29,0,0,0,0,0,0,0,0,0,0,0,0,0,0,0,0,0,0,0,0,0,0,0,0,0,0,0,0,0,0,0,0,0,0,0,0,0,0,0,0,0,0,0,0,0,0,0,0,0,0,0,0,0,0,0,0,0,0,0,0,0,0,0,0,0,0,0,0,0,0,0,0,0,0,0,0,0,0,0,0,0,0,0,0,0,0,0,0,0,0,0,0,0,0,0,0,0,0,0,0,0,0,0,0,0,0,0,0,0,0,0,0,0,0,0,0,0,0,0,0,0,0,0,0,0,0,0,0,0,0,0,0,0,0,0,0,0,0,0,0,0,0,0,0,0,0,0,0,0,0,0,0,0,0,0,0,0,0,0,0,0,0,0,0,0,0,0,0,0,0,0,0,0,0,0,0,0,0,0,0,0,0,0,0,0,0,0,0,0,0,0,0,0,0,0,0,0,0,0,0
SOS30,120871,5148,310,126331,1076,244,36,46,1407,240,22,263,1668,180,0,1848,2015,373,51,61,2500,171,73,246,2742,183,10,2933,3090,622,88,106,3905,410,94,504,4412,361,11,4782,102174,15871,3538,1345,122925,1862,496,2355,125283,5511,321,131113,22485,4387,1072,676,28620,938,267,1203,29824,4740,129,34695,208,52,11,282,551,7,3,12,557,47,546,1155,124863,20308,4618,2309,152099,2805,768,3568,155669,10301,996,166967,29438,3722,845,168,34167,545,140,681,34845,1840,54,36740,27920,4741,827,185,33664,403,106,507,34176,1393,51,35623,3026,570,483,41,4127,56,8,69,4201,232,3,4435,276,42,10,299,628,11,4,14,640,62,68,774,60648,9072,2173,694,72586,1012,261,1269,73856,3533,178,77569,564,118,18,17,718,147,13,157,878,94,0,974,1006,168,32,25,1227,102,39,138,1367,116,6,1492,1566,283,53,44,1945,247,56,300,2244,209,6,2468,62215,9358,2226,737,74533,1258,312,1571,76105,3748,183,80033,10949,2178,513,301
SOS31,27165,1234,83,28481,195,34,4,7,241,60,5,67,308,41,4,351,404,62,14,22,504,36,12,51,550,31,0,587,602,95,24,29,746,99,18,120,863,74,0,947,23318,2869,853,480,27518,406,105,510,28031,1309,88,29427,5583,882,292,204,6961,243,69,311,7277,1582,36,8893,62,14,7,39,122,0,0,0,122,11,149,283,28960,3765,1149,726,34603,649,174,826,35426,2902,271,38600,6706,754,205,62,7720,83,25,106,7829,418,21,8260,7236,1003,243,91,8575,95,24,118,8696,449,7,9154,431,86,91,12,620,5,3,12,630,50,0,681,65,10,4,126,203,0,0,4,205,20,24,244,14433,1850,539,288,17120,188,50,237,17357,937,53,18338,119,20,3,0,144,49,3,48,200,30,0,230,229,39,16,6,289,8,13,22,309,15,0,329,352,59,16,15,435,57,15,75,511,49,4,565,14788,1909,561,301,17556,245,70,312,17868,981,55,18900,2529,461,141,101
SOS32,3760,219,10,3983,26,8,0,6,40,31,0,28,70,12,0,82,48,9,0,4,62,8,7,10,73,3,0,75,76,14,0,7,99,35,6,40,138,21,0,157,3112,494,115,79,3800,82,23,100,3898,231,10,4145,653,135,31,33,856,40,23,60,916,409,0,1326,8,0,0,4,18,0,0,0,18,3,48,70,3772,631,149,120,4672,118,49,166,4831,640,69,5539,840,113,17,8,977,10,4,15,990,82,0,1067,990,159,31,15,1190,12,8,18,1205,92,0,1305,77,23,13,0,116,0,0,0,116,7,0,125,15,0,0,27,42,0,0,0,41,6,0,51,1920,290,65,44,2318,25,9,31,2352,192,3,2543,22,11,3,3,36,22,0,22,52,12,0,62,34,4,0,0,40,7,0,7,46,5,0,52,56,9,3,4,73,29,0,29,103,20,0,114,1977,295,69,46,2396,51,9,60,2449,206,3,2663,372,72,35,20
SOS33,14128,539,34,14699,34,8,0,0,43,12,0,15,63,24,4,89,122,23,9,3,157,11,6,20,174,15,3,187,158,31,5,3,202,25,12,34,235,39,4,276,12041,1475,396,290,14209,116,42,155,14364,572,34,14972,2458,430,106,114,3108,71,37,101,3214,645,8,3865,34,8,7,28,73,4,0,4,81,7,76,167,14537,1917,513,429,17389,191,73,268,17654,1226,121,19000,3768,354,92,31,4243,23,3,27,4268,208,11,4482,4115,622,117,57,4914,24,12,37,4949,211,4,5166,254,59,57,8,372,5,0,5,378,18,4,400,46,3,0,100,147,0,0,0,147,12,6,163,8184,1043,268,185,9682,45,21,62,9745,456,18,10221,38,11,5,0,46,11,0,14,62,23,0,86,73,13,3,0,92,4,3,9,103,9,0,110,109,22,4,0,142,20,4,21,159,34,0,195,8293,1069,267,190,9827,66,20,83,9906,485,21,10411,1425,250,66,57
SOS37,0,0,0,0,0,0,0,0,0,0,0,0,0,0,0,0,0,0,0,0,0,0,0,0,0,0,0,0,0,0,0,0,0,0,0,0,0,0,0,0,0,0,0,0,0,0,0,0,0,0,0,0,0,0,0,0,0,0,0,0,0,0,0,0,0,0,0,0,0,0,0,0,0,0,0,0,0,0,0,0,0,0,0,0,0,0,0,0,0,0,0,0,0,0,0,0,0,0,0,0,0,0,0,0,0,0,0,0,0,0,0,0,0,0,0,0,0,0,0,0,0,0,0,0,0,0,0,0,0,0,0,0,0,0,0,0,0,0,0,0,0,0,0,0,0,0,0,0,0,0,0,0,0,0,0,0,0,0,0,0,0,0,0,0,0,0,0,0,0,0,0,0,0,0,0,0,0,0,0,0,0,0,0,0,0,0,0,0,0,0,0,0,0,0,0,0,0,0,0,0
SOS39,0,0,0,0,0,0,0,0,0,0,0,0,0,0,0,0,0,0,0,0,0,0,0,0,0,0,0,0,0,0,0,0,0,0,0,0,0,0,0,0,0,0,0,0,0,0,0,0,0,0,0,0,0,0,0,0,0,0,0,0,0,0,0,0,0,0,0,0,0,0,0,0,0,0,0,0,0,0,0,0,0,0,0,0,0,0,0,0,0,0,0,0,0,0,0,0,0,0,0,0,0,0,0,0,0,0,0,0,0,0,0,0,0,0,0,0,0,0,0,0,0,0,0,0,0,0,0,0,0,0,0,0,0,0,0,0,0,0,0,0,0,0,0,0,0,0,0,0,0,0,0,0,0,0,0,0,0,0,0,0,0,0,0,0,0,0,0,0,0,0,0,0,0,0,0,0,0,0,0,0,0,0,0,0,0,0,0,0,0,0,0,0,0,0,0,0,0,0,0,0
SOS40,38990,1345,86,40418,320,91,4,6,425,77,7,83,515,47,0,560,709,150,18,13,889,59,25,77,970,58,3,1029,1034,240,18,20,1317,137,29,165,1485,99,3,1589,33219,5471,689,333,39710,586,171,762,40473,1444,91,42005,7048,1724,217,187,9178,350,115,468,9651,2039,34,11722,64,16,0,47,136,0,0,0,136,12,131,277,40338,7212,907,573,49031,933,294,1232,50257,3498,256,54012,8040,1193,123,35,9389,145,34,180,9570,442,13,10026,10165,1670,174,69,12078,120,41,155,12232,419,24,12672,367,83,63,4,517,11,3,13,529,30,3,564,57,13,4,82,157,7,0,7,165,12,10,191,18629,2958,362,195,22149,273,75,347,22493,902,43,23447,180,48,0,6,235,45,0,49,282,19,0,304,324,68,4,7,402,42,23,64,466,24,0,493,499,117,3,11,643,88,19,108,745,42,0,794,19130,3081,373,201,22790,355,99,454,23241,949,48,24238,3374,835,108,81
SOS41,9661,439,18,10119,43,11,0,0,63,10,0,10,75,14,0,83,124,13,3,3,147,12,5,16,163,17,4,182,175,21,4,8,203,18,7,35,236,27,4,267,8259,1127,240,119,9746,97,54,150,9896,472,19,10386,1692,353,67,74,2188,52,29,82,2265,435,14,2715,18,0,0,12,28,0,0,0,28,5,31,64,9967,1478,310,207,11962,148,85,232,12193,904,66,13159,2164,303,36,18,2519,18,9,26,2545,123,4,2677,2889,433,87,39,3440,39,14,58,3493,118,3,3610,88,28,22,0,133,0,0,0,136,16,0,144,18,0,0,31,58,4,0,4,58,7,3,68,5156,759,143,86,6147,65,21,83,6231,264,9,6504,28,7,0,0,36,10,0,7,47,6,0,50,63,12,0,5,78,9,3,14,89,11,0,108,90,24,0,5,118,14,5,21,136,15,0,156,5251,782,144,91,6262,78,32,107,6375,279,11,6664,774,159,18,29
SOS42,1324,62,6,1385,0,0,0,0,6,3,0,3,7,0,0,12,14,6,0,0,21,0,0,0,24,0,0,25,16,6,0,0,28,4,4,8,38,3,0,40,1118,170,32,17,1335,13,11,20,1354,62,9,1431,221,47,6,12,292,23,6,27,318,87,0,404,5,0,0,0,8,0,0,0,8,0,9,14,1343,217,39,31,1632,39,13,47,1680,147,20,1850,274,37,3,5,317,0,0,0,317,18,0,335,440,54,12,7,512,3,0,3,517,34,0,552,15,4,4,3,31,0,0,0,31,4,0,31,0,0,0,4,4,0,0,0,4,0,0,7,728,99,22,14,867,4,0,3,874,59,0,929,5,0,0,0,5,3,0,3,6,0,0,9,3,0,0,0,8,0,0,0,16,3,0,13,9,0,0,0,15,3,0,4,22,4,0,28,736,106,24,18,880,7,0,14,888,60,3,954,94,17,0,9
SOS43,5206,141,9,5358,15,4,0,0,10,9,0,9,22,0,0,24,46,0,0,0,46,0,0,0,47,0,0,47,56,4,0,0,59,9,0,9,68,0,0,65,4599,450,99,73,5233,31,12,42,5271,147,9,5425,859,115,25,41,1036,17,11,26,1065,185,0,1248,12,0,0,5,14,0,0,0,14,0,18,29,5465,567,121,126,6280,48,20,69,6346,332,26,6706,1177,116,23,7,1323,6,7,9,1334,40,0,1371,1769,206,31,25,2033,8,6,14,2043,76,0,2120,66,16,30,0,112,0,0,0,112,0,0,112,20,4,7,26,48,0,0,0,48,0,4,55,3028,347,88,60,3513,16,10,24,3539,117,9,3662,7,0,0,0,12,4,0,4,12,0,0,10,20,0,6,0,28,0,0,0,27,4,0,30,24,4,6,0,40,4,0,4,43,6,0,49,3053,352,89,59,3552,20,8,25,3582,119,9,3709,425,64,12,14
SOS47,0,0,0,0,0,0,0,0,0,0,0,0,0,0,0,0,0,0,0,0,0,0,0,0,0,0,0,0,0,0,0,0,0,0,0,0,0,0,0,0,0,0,0,0,0,0,0,0,0,0,0,0,0,0,0,0,0,0,0,0,0,0,0,0,0,0,0,0,0,0,0,0,0,0,0,0,0,0,0,0,0,0,0,0,0,0,0,0,0,0,0,0,0,0,0,0,0,0,0,0,0,0,0,0,0,0,0,0,0,0,0,0,0,0,0,0,0,0,0,0,0,0,0,0,0,0,0,0,0,0,0,0,0,0,0,0,0,0,0,0,0,0,0,0,0,0,0,0,0,0,0,0,0,0,0,0,0,0,0,0,0,0,0,0,0,0,0,0,0,0,0,0,0,0,0,0,0,0,0,0,0,0,0,0,0,0,0,0,0,0,0,0,0,0,0,0,0,0,0,0
SOS49,0,0,0,0,0,0,0,0,0,0,0,0,0,0,0,0,0,0,0,0,0,0,0,0,0,0,0,0,0,0,0,0,0,0,0,0,0,0,0,0,0,0,0,0,0,0,0,0,0,0,0,0,0,0,0,0,0,0,0,0,0,0,0,0,0,0,0,0,0,0,0,0,0,0,0,0,0,0,0,0,0,0,0,0,0,0,0,0,0,0,0,0,0,0,0,0,0,0,0,0,0,0,0,0,0,0,0,0,0,0,0,0,0,0,0,0,0,0,0,0,0,0,0,0,0,0,0,0,0,0,0,0,0,0,0,0,0,0,0,0,0,0,0,0,0,0,0,0,0,0,0,0,0,0,0,0,0,0,0,0,0,0,0,0,0,0,0,0,0,0,0,0,0,0,0,0,0,0,0,0,0,0,0,0,0,0,0,0,0,0,0,0,0,0,0,0,0,0,0,0
SOS50,66553,2131,169,68852,621,108,14,15,751,78,10,85,843,59,0,907,1771,238,67,40,2124,92,21,118,2244,89,15,2341,2391,347,78,53,2873,170,33,208,3079,143,15,3241,59147,7142,1498,749,68541,863,224,1094,69633,2272,185,72094,16666,2454,581,483,20175,519,130,646,20829,2175,86,23089,143,28,0,163,336,4,0,4,342,13,277,634,75954,9624,2078,1398,89051,1393,353,1745,90801,4463,554,95813,13856,1657,289,70,15862,212,70,290,16155,778,23,16947,19428,2221,409,151,22211,266,44,311,22519,542,39,23096,582,83,111,16,794,10,0,9,806,32,6,842,139,17,0,158,309,5,0,10,320,18,46,387,34000,3977,811,391,39179,502,115,618,39797,1366,101,41273,353,74,10,6,435,58,5,68,501,49,0,547,883,130,26,18,1063,53,19,68,1130,61,4,1194,1234,202,35,27,1495,112,24,137,1630,110,4,1744,35230,4179,845,423,40678,612,141,757,41433,1476,108,43011,7902,1142,299,217
SOS51,12474,443,23,12944,65,7,0,0,79,21,0,21,99,12,0,103,185,22,17,4,233,19,7,24,254,13,0,271,250,36,22,3,307,35,7,46,354,22,0,377,10766,1172,528,183,12646,141,45,182,12827,460,24,13314,2667,327,156,112,3261,120,32,152,3413,451,9,3873,26,5,0,21,61,0,0,0,61,5,76,137,13459,1508,681,316,15963,256,73,331,16297,913,111,17323,2617,291,74,34,3015,29,8,41,3061,131,7,3193,3414,399,174,32,4021,41,11,53,4073,149,0,4228,160,23,49,5,229,3,0,3,234,11,0,246,31,5,0,40,83,0,0,0,83,9,4,94,6225,716,292,119,7347,75,22,98,7444,303,15,7758,28,4,0,0,37,14,0,14,50,8,0,56,82,14,8,0,105,9,3,15,125,7,0,132,113,24,8,5,147,20,3,28,175,12,0,186,6334,740,299,122,7494,90,26,121,7613,315,15,7947,1109,154,73,45
SOS52,1326,94,0,1423,13,0,0,0,18,9,0,9,25,0,0,28,17,0,0,0,21,5,5,13,32,3,7,40,31,0,0,0,36,17,5,23,59,3,7,69,1105,137,62,35,1345,30,12,41,1385,97,3,1489,310,60,23,13,415,38,8,41,456,257,3,719,4,0,0,5,9,0,0,0,9,3,22,41,1424,195,93,55,1764,67,16,86,1851,362,34,2251,246,36,8,4,296,0,4,3,297,25,0,329,364,57,10,6,439,10,0,10,448,34,0,485,10,5,3,0,18,0,0,0,18,0,0,18,3,0,5,13,13,0,0,0,13,0,0,16,629,97,22,19,772,13,4,16,786,62,0,852,7,0,0,0,4,13,0,13,19,0,0,23,4,5,0,0,9,4,3,3,16,4,0,19,11,5,0,0,19,17,3,16,35,4,0,37,645,102,29,18,787,30,5,34,821,64,5,891,139,40,15,6
SOS53,4790,149,7,4945,11,7,0,0,18,6,0,6,22,11,0,32,45,5,6,0,57,10,0,14,69,3,0,72,59,12,4,0,77,10,0,12,94,12,0,100,4138,449,148,102,4834,38,10,51,4880,157,7,5046,984,118,52,43,1198,29,3,34,1229,198,0,1423,8,0,0,4,9,0,0,0,9,3,33,43,5126,569,195,142,6043,70,15,78,6125,355,36,6518,1134,125,27,5,1290,5,0,7,1298,44,0,1339,1671,201,46,19,1941,9,0,8,1948,63,0,2017,57,12,23,0,88,0,0,0,89,0,0,91,10,0,0,29,40,0,0,0,40,3,7,46,2876,337,100,52,3355,18,0,16,3372,111,7,3495,14,3,0,0,17,4,0,4,20,4,0,26,28,0,0,0,25,6,0,6,32,0,0,34,38,7,0,0,42,9,0,8,54,5,0,63,2909,343,98,52,3402,21,6,27,3432,119,7,3556,469,73,23,18
SOS57,0,0,0,0,0,0,0,0,0,0,0,0,0,0,0,0,0,0,0,0,0,0,0,0,0,0,0,0,0,0,0,0,0,0,0,0,0,0,0,0,0,0,0,0,0,0,0,0,0,0,0,0,0,0,0,0,0,0,0,0,0,0,0,0,0,0,0,0,0,0,0,0,0,0,0,0,0,0,0,0,0,0,0,0,0,0,0,0,0,0,0,0,0,0,0,0,0,0,0,0,0,0,0,0,0,0,0,0,0,0,0,0,0,0,0,0,0,0,0,0,0,0,0,0,0,0,0,0,0,0,0,0,0,0,0,0,0,0,0,0,0,0,0,0,0,0,0,0,0,0,0,0,0,0,0,0,0,0,0,0,0,0,0,0,0,0,0,0,0,0,0,0,0,0,0,0,0,0,0,0,0,0,0,0,0,0,0,0,0,0,0,0,0,0,0,0,0,0,0,0
SOS59,0,0,0,0,0,0,0,0,0,0,0,0,0,0,0,0,0,0,0,0,0,0,0,0,0,0,0,0,0,0,0,0,0,0,0,0,0,0,0,0,0,0,0,0,0,0,0,0,0,0,0,0,0,0,0,0,0,0,0,0,0,0,0,0,0,0,0,0,0,0,0,0,0,0,0,0,0,0,0,0,0,0,0,0,0,0,0,0,0,0,0,0,0,0,0,0,0,0,0,0,0,0,0,0,0,0,0,0,0,0,0,0,0,0,0,0,0,0,0,0,0,0,0,0,0,0,0,0,0,0,0,0,0,0,0,0,0,0,0,0,0,0,0,0,0,0,0,0,0,0,0,0,0,0,0,0,0,0,0,0,0,0,0,0,0,0,0,0,0,0,0,0,0,0,0,0,0,0,0,0,0,0,0,0,0,0,0,0,0,0,0,0,0,0,0,0,0,0,0,0
SOS60,5728,201,10,5940,37,9,0,0,45,11,0,12,58,17,0,71,91,25,0,0,118,3,3,7,127,11,0,137,127,29,0,0,164,18,4,24,185,22,0,212,4671,977,115,50,5811,74,32,105,5912,225,9,6152,730,195,27,18,970,38,10,46,1022,239,9,1262,8,0,0,3,7,0,0,0,10,0,12,30,5412,1172,142,73,6796,109,41,151,6945,463,35,7442,1253,224,30,3,1515,25,0,27,1540,82,5,1622,1530,322,21,10,1881,20,3,18,1906,67,0,1967,53,11,16,0,78,0,0,0,83,9,0,87,6,5,0,16,27,0,0,0,27,4,0,32,2843,553,70,35,3499,44,8,49,3553,158,6,3714,26,3,0,0,28,6,0,4,34,5,0,43,36,10,0,0,50,0,4,9,59,3,0,61,69,16,0,0,80,3,3,7,96,7,0,105,2912,563,70,35,3581,49,18,63,3644,164,6,3813,373,80,11,18
SOS61,5728,248,16,5991,34,13,4,0,53,20,0,14,70,5,0,76,70,15,0,3,91,6,11,14,101,17,0,118,108,29,4,4,141,26,9,28,173,22,0,199,4771,812,125,63,5769,90,40,136,5897,272,16,6187,1128,257,54,27,1461,73,21,91,1555,384,3,1939,11,3,0,6,18,0,0,0,18,0,14,36,5904,1070,178,96,7251,161,61,227,7477,657,35,8159,1056,174,26,4,1269,21,7,30,1293,82,0,1377,1754,309,32,17,2113,34,4,44,2155,85,5,2242,65,26,14,0,112,0,3,5,113,0,0,118,13,0,0,11,24,0,0,0,24,6,0,29,2894,510,71,32,3512,59,14,75,3587,173,8,3768,17,6,0,0,24,6,0,14,34,6,0,39,28,8,0,0,40,9,0,11,46,3,0,50,40,12,4,0,64,18,4,18,79,5,0,90,2938,529,73,35,3574,75,16,89,3667,180,8,3851,545,133,22,19
SOS62,802,41,0,840,4,0,0,0,4,0,0,0,3,0,0,4,10,0,0,0,9,3,0,3,19,0,0,14,11,0,0,0,15,3,0,0,14,0,0,22,648,127,27,10,807,6,4,9,817,44,0,861,152,38,7,8,211,3,0,3,213,52,0,265,0,0,0,0,0,0,0,0,0,0,4,4,802,171,33,21,1020,8,4,13,1030,94,4,1129,157,23,6,0,195,0,0,0,199,11,0,210,262,61,9,4,334,0,0,0,332,20,0,360,8,5,0,0,11,0,0,0,11,0,0,9,0,0,0,4,5,0,0,0,5,3,0,8,428,90,22,10,547,5,0,5,552,37,0,589,0,0,0,0,0,0,0,0,0,0,0,0,11,5,3,0,14,0,0,0,17,0,0,17,10,5,3,0,16,0,0,0,15,0,0,15,435,93,22,10,561,3,0,3,568,37,0,601,65,14,0,0
SOS63,3427,173,3,3604,7,4,0,0,11,6,0,4,18,3,0,20,35,7,0,0,46,0,3,4,50,3,0,56,43,10,0,0,61,3,5,8,66,3,0,75,2803,502,70,73,3447,27,14,46,3494,178,3,3678,544,122,35,32,727,14,5,22,753,122,0,877,5,0,0,4,14,0,0,0,14,0,4,19,3352,627,102,102,4186,39,22,62,4254,305,13,4572,741,101,18,9,872,6,3,10,879,55,0,933,1037,197,32,16,1282,12,0,15,1296,75,0,1370,49,8,3,0,66,0,0,0,66,10,0,72,5,0,0,33,38,0,0,0,38,0,0,38,1835,314,59,53,2257,11,12,25,2285,133,0,2424,10,3,0,0,11,3,0,5,13,11,0,22,15,9,0,0,31,0,0,0,31,3,0,34,29,12,0,0,39,4,0,5,49,15,0,59,1863,322,59,54,2300,20,10,30,2334,144,0,2477,295,75,17,9
SOS67,0,0,0,0,0,0,0,0,0,0,0,0,0,0,0,0,0,0,0,0,0,0,0,0,0,0,0,0,0,0,0,0,0,0,0,0,0,0,0,0,0,0,0,0,0,0,0,0,0,0,0,0,0,0,0,0,0,0,0,0,0,0,0,0,0,0,0,0,0,0,0,0,0,0,0,0,0,0,0,0,0,0,0,0,0,0,0,0,0,0,0,0,0,0,0,0,0,0,0,0,0,0,0,0,0,0,0,0,0,0,0,0,0,0,0,0,0,0,0,0,0,0,0,0,0,0,0,0,0,0,0,0,0,0,0,0,0,0,0,0,0,0,0,0,0,0,0,0,0,0,0,0,0,0,0,0,0,0,0,0,0,0,0,0,0,0,0,0,0,0,0,0,0,0,0,0,0,0,0,0,0,0,0,0,0,0,0,0,0,0,0,0,0,0,0,0,0,0,0,0
SOS69,0,0,0,0,0,0,0,0,0,0,0,0,0,0,0,0,0,0,0,0,0,0,0,0,0,0,0,0,0,0,0,0,0,0,0,0,0,0,0,0,0,0,0,0,0,0,0,0,0,0,0,0,0,0,0,0,0,0,0,0,0,0,0,0,0,0,0,0,0,0,0,0,0,0,0,0,0,0,0,0,0,0,0,0,0,0,0,0,0,0,0,0,0,0,0,0,0,0,0,0,0,0,0,0,0,0,0,0,0,0,0,0,0,0,0,0,0,0,0,0,0,0,0,0,0,0,0,0,0,0,0,0,0,0,0,0,0,0,0,0,0,0,0,0,0,0,0,0,0,0,0,0,0,0,0,0,0,0,0,0,0,0,0,0,0,0,0,0,0,0,0,0,0,0,0,0,0,0,0,0,0,0,0,0,0,0,0,0,0,0,0,0,0,0,0,0,0,0,0,0
SOS70,4216,145,7,4363,35,5,0,0,33,13,0,13,49,0,0,55,64,14,0,0,81,5,11,16,95,9,0,99,97,16,0,0,114,22,11,27,142,11,0,149,3618,505,90,52,4261,78,18,95,4361,151,7,4517,692,84,30,14,822,24,3,20,844,139,0,987,6,0,0,4,12,3,0,3,15,0,24,34,4320,590,121,69,5100,103,18,122,5219,290,34,5537,1269,133,37,3,1449,23,0,28,1468,53,0,1521,654,107,19,8,784,8,0,8,792,34,0,825,39,10,12,0,61,0,0,0,64,5,0,66,9,0,0,10,24,0,0,0,24,0,0,25,1978,249,67,20,2318,29,0,33,2343,95,0,2441,19,0,0,0,24,10,0,10,36,0,0,35,29,7,0,0,38,0,0,0,40,0,0,37,51,7,0,0,58,11,0,13,76,4,0,79,2028,255,70,20,2376,44,3,43,2421,96,0,2519,263,49,8,9
SOS71,1388,90,14,1491,6,6,0,0,19,34,3,38,51,3,0,58,13,6,0,0,17,11,0,11,27,13,0,46,19,11,0,0,29,44,5,55,84,18,0,101,1151,186,29,27,1384,75,12,85,1475,110,14,1596,247,57,0,13,322,38,6,41,362,440,10,816,4,0,0,0,4,0,0,0,4,0,34,36,1395,237,36,40,1713,110,22,135,1844,550,52,2444,417,43,10,3,470,8,4,15,482,31,0,513,192,44,8,0,241,0,5,4,245,28,3,275,13,8,8,0,29,0,0,0,29,3,0,33,6,0,0,11,18,0,0,0,21,3,0,21,629,94,24,14,761,16,5,24,783,61,3,845,3,5,0,0,7,24,3,21,35,5,0,41,3,6,0,0,5,4,4,3,12,6,0,16,10,4,0,0,15,23,4,25,41,12,0,50,642,94,24,14,778,37,10,51,824,67,3,897,113,41,0,8
SOS72,429,92,4,524,3,6,0,0,7,30,5,33,39,11,0,50,0,0,0,0,0,0,11,10,12,7,0,17,5,6,0,0,13,34,13,43,56,15,0,70,280,109,14,14,413,47,16,64,481,112,4,589,75,66,3,7,160,39,9,44,200,453,5,655,0,0,0,0,4,0,0,0,5,0,18,22,356,174,18,18,572,90,22,108,681,554,29,1272,87,16,4,0,103,3,0,3,106,33,0,140,57,44,0,8,113,6,0,7,116,25,6,150,3,0,5,0,9,0,0,0,9,0,0,10,3,0,0,0,7,0,0,0,7,0,0,9,147,57,11,10,227,9,0,12,241,68,6,316,0,0,0,0,7,12,0,12,20,5,0,23,6,0,0,0,3,0,5,0,4,3,0,10,5,3,0,0,7,18,5,20,28,6,0,32,158,58,11,10,237,25,0,29,272,77,6,345,43,39,3,4
SOS73,975,32,13,1019,8,3,0,0,19,28,0,29,39,6,0,46,4,3,0,0,9,0,0,0,12,0,0,12,12,5,0,0,21,28,4,29,50,9,0,60,853,86,22,22,978,47,4,48,1024,36,13,1081,109,41,8,9,169,19,3,22,190,250,0,440,3,0,0,4,9,0,0,0,9,0,30,38,968,127,33,37,1157,65,7,72,1227,291,40,1556,348,18,9,0,378,0,5,3,388,13,0,398,164,32,4,0,208,5,0,7,209,13,0,224,16,0,5,0,19,0,0,0,22,0,0,23,7,0,0,4,13,0,0,0,16,0,0,16,532,51,21,9,619,10,0,10,633,31,0,664,8,0,0,0,11,14,0,14,22,3,0,28,3,0,0,0,4,0,0,0,4,0,0,4,11,0,0,0,13,14,0,14,23,3,0,31,544,54,21,13,626,25,0,26,657,35,0,693,55,24,5,3
SOS77,0,0,0,0,0,0,0,0,0,0,0,0,0,0,0,0,0,0,0,0,0,0,0,0,0,0,0,0,0,0,0,0,0,0,0,0,0,0,0,0,0,0,0,0,0,0,0,0,0,0,0,0,0,0,0,0,0,0,0,0,0,0,0,0,0,0,0,0,0,0,0,0,0,0,0,0,0,0,0,0,0,0,0,0,0,0,0,0,0,0,0,0,0,0,0,0,0,0,0,0,0,0,0,0,0,0,0,0,0,0,0,0,0,0,0,0,0,0,0,0,0,0,0,0,0,0,0,0,0,0,0,0,0,0,0,0,0,0,0,0,0,0,0,0,0,0,0,0,0,0,0,0,0,0,0,0,0,0,0,0,0,0,0,0,0,0,0,0,0,0,0,0,0,0,0,0,0,0,0,0,0,0,0,0,0,0,0,0,0,0,0,0,0,0,0,0,0,0,0,0
SOS79,0,0,0,0,0,0,0,0,0,0,0,0,0,0,0,0,0,0,0,0,0,0,0,0,0,0,0,0,0,0,0,0,0,0,0,0,0,0,0,0,0,0,0,0,0,0,0,0,0,0,0,0,0,0,0,0,0,0,0,0,0,0,0,0,0,0,0,0,0,0,0,0,0,0,0,0,0,0,0,0,0,0,0,0,0,0,0,0,0,0,0,0,0,0,0,0,0,0,0,0,0,0,0,0,0,0,0,0,0,0,0,0,0,0,0,0,0,0,0,0,0,0,0,0,0,0,0,0,0,0,0,0,0,0,0,0,0,0,0,0,0,0,0,0,0,0,0,0,0,0,0,0,0,0,0,0,0,0,0,0,0,0,0,0,0,0,0,0,0,0,0,0,0,0,0,0,0,0,0,0,0,0,0,0,0,0,0,0,0,0,0,0,0,0,0,0,0,0,0,0
SOS80,19096,459,28,19586,167,22,5,0,195,20,0,20,211,0,0,217,192,25,5,0,230,9,3,17,246,16,0,257,357,50,14,4,416,33,3,37,458,14,0,469,16628,2169,380,135,19312,180,51,235,19545,475,27,20052,2119,334,64,48,2567,59,8,62,2629,295,13,2936,19,9,0,25,57,0,0,0,55,3,37,98,18765,2515,445,207,21936,234,65,300,22234,773,84,23088,5706,596,97,18,6417,60,15,78,6497,220,3,6720,3375,469,68,13,3926,32,13,36,3967,100,3,4073,236,35,43,8,329,0,0,0,329,13,0,348,29,6,0,20,59,0,0,0,63,3,3,71,9351,1112,211,58,10735,94,28,117,10853,336,11,11206,87,9,7,0,95,4,0,5,101,0,0,107,94,6,0,0,103,11,0,11,109,0,0,115,179,17,7,0,202,12,6,15,218,3,0,225,9526,1131,214,64,10938,102,33,135,11073,341,14,11427,937,172,30,19
SOS82,43,0,0,43,0,0,0,0,0,0,0,0,0,0,0,0,0,0,0,0,0,0,0,0,0,0,0,0,0,0,0,0,0,0,0,0,0,0,0,0,29,10,3,0,43,0,0,0,43,0,0,43,4,0,0,0,6,0,0,0,6,0,0,6,0,0,0,0,0,0,0,0,0,0,0,0,30,10,3,0,48,0,0,0,48,0,0,48,10,5,4,0,14,0,0,0,14,0,0,14,15,0,0,0,15,0,0,0,15,0,0,15,0,0,0,0,0,0,0,0,0,0,0,0,0,0,0,0,0,0,0,0,0,0,0,0,22,5,4,0,30,0,0,0,30,0,0,30,0,0,0,0,0,0,0,0,0,0,0,0,0,0,0,0,0,0,0,0,0,0,0,0,0,0,0,0,0,0,0,0,0,0,0,0,22,5,4,0,30,0,0,0,30,0,0,30,0,0,0,0
SOS83,18,0,0,18,0,0,0,0,0,0,0,0,0,0,0,0,0,0,0,0,0,0,0,0,0,0,0,0,0,0,0,0,0,0,0,0,0,0,0,0,15,0,0,0,18,0,0,0,18,0,0,18,0,0,0,0,0,0,0,0,0,0,0,0,0,0,0,0,0,0,0,0,0,0,0,0,13,0,0,0,18,0,0,0,18,0,0,18,7,0,0,0,7,0,0,0,7,0,0,7,0,0,0,0,0,0,0,0,0,0,0,0,0,0,0,0,0,0,0,0,0,0,0,0,0,0,0,0,0,0,0,0,0,0,0,0,8,0,0,0,8,0,0,0,8,0,0,8,0,0,0,0,0,0,0,0,0,0,0,0,0,0,0,0,0,0,0,0,0,0,0,0,0,0,0,0,0,0,0,0,0,0,0,0,8,0,0,0,8,0,0,0,8,0,0,8,0,0,0,0
SOS87,0,0,0,0,0,0,0,0,0,0,0,0,0,0,0,0,0,0,0,0,0,0,0,0,0,0,0,0,0,0,0,0,0,0,0,0,0,0,0,0,0,0,0,0,0,0,0,0,0,0,0,0,0,0,0,0,0,0,0,0,0,0,0,0,0,0,0,0,0,0,0,0,0,0,0,0,0,0,0,0,0,0,0,0,0,0,0,0,0,0,0,0,0,0,0,0,0,0,0,0,0,0,0,0,0,0,0,0,0,0,0,0,0,0,0,0,0,0,0,0,0,0,0,0,0,0,0,0,0,0,0,0,0,0,0,0,0,0,0,0,0,0,0,0,0,0,0,0,0,0,0,0,0,0,0,0,0,0,0,0,0,0,0,0,0,0,0,0,0,0,0,0,0,0,0,0,0,0,0,0,0,0,0,0,0,0,0,0,0,0,0,0,0,0,0,0,0,0,0,0
SOS89,0,0,0,0,0,0,0,0,0,0,0,0,0,0,0,0,0,0,0,0,0,0,0,0,0,0,0,0,0,0,0,0,0,0,0,0,0,0,0,0,0,0,0,0,0,0,0,0,0,0,0,0,0,0,0,0,0,0,0,0,0,0,0,0,0,0,0,0,0,0,0,0,0,0,0,0,0,0,0,0,0,0,0,0,0,0,0,0,0,0,0,0,0,0,0,0,0,0,0,0,0,0,0,0,0,0,0,0,0,0,0,0,0,0,0,0,0,0,0,0,0,0,0,0,0,0,0,0,0,0,0,0,0,0,0,0,0,0,0,0,0,0,0,0,0,0,0,0,0,0,0,0,0,0,0,0,0,0,0,0,0,0,0,0,0,0,0,0,0,0,0,0,0,0,0,0,0,0,0,0,0,0,0,0,0,0,0,0,0,0,0,0,0,0,0,0,0,0,0,0
SOS91,65,0,0,69,0,0,0,0,0,0,0,0,0,0,0,0,0,0,0,0,0,0,0,0,0,0,0,0,0,0,0,0,0,0,0,0,0,0,0,0,63,8,0,0,65,0,0,0,65,0,0,69,7,0,0,0,5,0,0,0,5,0,0,5,0,0,0,0,0,0,0,0,0,0,0,0,67,8,0,0,76,0,0,0,76,0,0,80,8,3,0,0,13,0,0,0,13,0,0,13,15,0,0,0,13,0,0,0,13,0,0,13,0,0,0,0,0,0,0,0,0,0,0,0,0,0,0,0,0,0,0,0,0,0,0,0,24,4,0,3,35,0,0,0,35,0,0,35,0,0,0,0,0,0,0,0,0,0,0,0,0,0,0,0,0,0,0,0,0,0,0,0,0,0,0,0,0,0,0,0,0,0,0,0,29,4,0,3,32,0,0,0,32,0,0,32,7,0,0,0
SOS92,78,11,0,88,0,0,0,0,0,0,0,0,0,0,0,0,0,0,0,0,0,0,0,0,0,0,0,0,0,0,0,0,0,0,0,0,0,0,0,0,53,22,3,0,73,0,0,0,78,11,0,88,6,10,0,0,19,0,0,0,19,5,0,15,0,0,0,0,0,0,0,0,0,0,0,0,54,28,3,0,88,0,0,0,90,12,0,101,21,3,0,0,24,0,0,0,24,0,0,24,17,3,0,0,19,0,0,0,19,6,0,21,0,0,0,0,4,0,0,0,4,0,0,4,0,0,0,0,0,0,0,0,0,0,0,0,36,4,0,0,43,0,0,0,43,6,0,50,0,0,0,0,0,0,0,0,0,0,0,0,0,0,0,0,0,0,0,0,0,0,0,0,0,0,0,0,0,0,0,0,0,0,0,0,36,4,0,0,43,0,0,0,43,6,0,50,3,5,0,0
SOS93,25,0,0,26,0,0,0,0,0,0,0,0,0,0,0,0,0,0,0,0,0,0,0,0,0,0,0,0,0,0,0,0,0,0,0,0,0,0,0,0,19,9,4,0,25,0,0,0,25,0,0,26,0,0,0,0,0,0,0,0,0,0,0,4,0,0,0,0,0,0,0,0,0,0,0,0,21,9,4,0,24,0,0,0,24,5,0,27,0,0,0,0,4,0,0,0,4,0,0,4,0,0,0,0,0,0,0,0,0,5,0,4,0,0,0,0,0,0,0,0,0,0,0,0,0,0,0,0,0,0,0,0,0,0,0,0,0,3,0,0,5,0,0,0,5,5,0,9,0,0,0,0,0,0,0,0,0,0,0,0,0,0,0,0,0,0,3,3,3,0,0,3,0,0,0,0,0,0,3,3,3,0,0,3,0,3,0,0,5,0,3,3,9,5,0,10,0,0,0,0
SOS97,0,0,0,0,0,0,0,0,0,0,0,0,0,0,0,0,0,0,0,0,0,0,0,0,0,0,0,0,0,0,0,0,0,0,0,0,0,0,0,0,0,0,0,0,0,0,0,0,0,0,0,0,0,0,0,0,0,0,0,0,0,0,0,0,0,0,0,0,0,0,0,0,0,0,0,0,0,0,0,0,0,0,0,0,0,0,0,0,0,0,0,0,0,0,0,0,0,0,0,0,0,0,0,0,0,0,0,0,0,0,0,0,0,0,0,0,0,0,0,0,0,0,0,0,0,0,0,0,0,0,0,0,0,0,0,0,0,0,0,0,0,0,0,0,0,0,0,0,0,0,0,0,0,0,0,0,0,0,0,0,0,0,0,0,0,0,0,0,0,0,0,0,0,0,0,0,0,0,0,0,0,0,0,0,0,0,0,0,0,0,0,0,0,0,0,0,0,0,0,0
SOS99,0,0,0,0,0,0,0,0,0,0,0,0,0,0,0,0,0,0,0,0,0,0,0,0,0,0,0,0,0,0,0,0,0,0,0,0,0,0,0,0,0,0,0,0,0,0,0,0,0,0,0,0,0,0,0,0,0,0,0,0,0,0,0,0,0,0,0,0,0,0,0,0,0,0,0,0,0,0,0,0,0,0,0,0,0,0,0,0,0,0,0,0,0,0,0,0,0,0,0,0,0,0,0,0,0,0,0,0,0,0,0,0,0,0,0,0,0,0,0,0,0,0,0,0,0,0,0,0,0,0,0,0,0,0,0,0,0,0,0,0,0,0,0,0,0,0,0,0,0,0,0,0,0,0,0,0,0,0,0,0,0,0,0,0,0,0,0,0,0,0,0,0,0,0,0,0,0,0,0,0,0,0,0,0,0,0,0,0,0,0,0,0,0,0,0,0,0,0,0,0
