SOS_CODE_2021,M_Arthritis_0_14,M_Arthritis_15_24,M_Arthritis_25_34,M_Arthritis_35_44,M_Arthritis_45_54,M_Arthritis_55_64,M_Arthritis_65_74,M_Arthritis_75_84,M_Arthritis_85_over,M_Arthritis_Tot,M_Asthma_0_14,M_Asthma_15_24,M_Asthma_25_34,M_Asthma_35_44,M_Asthma_45_54,M_Asthma_55_64,M_Asthma_65_74,M_Asthma_75_84,M_Asthma_85_over,M_Asthma_Tot,M_Cancer_0_14,M_Cancer_15_24,M_Cancer_25_34,M_Cancer_35_44,M_Cancer_45_54,M_Cancer_55_64,M_Cancer_65_74,M_Cancer_75_84,M_Cancer_85_over,M_Cancer_Tot,M_Dementia_0_14,M_Dementia_15_24,M_Dementia_25_34,M_Dementia_35_44,M_Dementia_45_54,M_Dementia_55_64,M_Dementia_65_74,M_Dementia_75_84,M_Dementia_85_over,M_Dementia_Tot,M_Diabetes_0_14,M_Diabetes_15_24,M_Diabetes_25_34,M_Diabetes_35_44,M_Diabetes_45_54,M_Diabetes_55_64,M_Diabetes_65_74,M_Diabetes_75_84,M_Diabetes_85_over,M_Diabetes_Tot,M_Heart_disease_0_14,M_Heart_disease_15_24,M_Heart_disease_25_34,M_Heart_disease_35_44,M_Heart_disease_45_54,M_Heart_disease_55_64,M_Heart_disease_65_74,M_Heart_disease_75_84,M_Heart_disease_85_over,M_Heart_disease_Tot,M_Kidney_disease_0_14,M_Kidney_disease_15_24,M_Kidney_disease_25_34,M_Kidney_disease_35_44,M_Kidney_disease_45_54,M_Kidney_disease_55_64,M_Kidney_disease_65_74,M_Kidney_disease_75_84,M_Kidney_disease_85_over,M_Kidney_disease_Tot,M_Lung_cond_0_14,M_Lung_cond_15_24,M_Lung_cond_25_34,M_Lung_cond_35_44,M_Lung_cond_45_54,M_Lung_cond_55_64,M_Lung_cond_65_74,M_Lung_cond_75_84,M_Lung_cond_85_over,M_Lung_cond_Tot,M_Mental_health_cond_0_14,M_Mental_health_cond_15_24,M_Mental_health_cond_25_34,M_Mental_health_cond_35_44,M_Mental_health_cond_45_54,M_Mental_health_cond_55_64,M_Mental_health_cond_65_74,M_Mental_health_cond_75_84,M_Mental_health_cond_85_over,M_Mental_health_cond_Tot,M_Stroke_0_14,M_Stroke_15_24,M_Stroke_25_34,M_Stroke_35_44,M_Stroke_45_54,M_Stroke_55_64,M_Stroke_65_74,M_Stroke_75_84,M_Stroke_85_over,M_Stroke_Tot,M_Other_0_14,M_Other_15_24,M_Other_25_34,M_Other_35_44,M_Other_45_54,M_Other_55_64,M_Other_65_74,M_Other_75_84,M_Other_85_over,M_Other_Tot,M_None_0_14,M_None_15_24,M_None_25_34,M_None_35_44,M_None_45_54,M_None_55_64,M_None_65_74,M_None_75_84,M_None_85_over,M_None_Tot,M_NS_0_14,M_NS_15_24,M_NS_25_34,M_NS_35_44,M_NS_45_54,M_NS_55_64,M_NS_65_74,M_NS_75_84,M_NS_85_over,M_NS_Tot,M_Tot_0_14,M_Tot_15_24,M_Tot_25_34,M_Tot_35_44,M_Tot_45_54,M_Tot_55_64,M_Tot_65_74,M_Tot_75_84,M_Tot_85_over,M_Tot_Tot,F_Arthritis_0_14,F_Arthritis_15_24,F_Arthritis_25_34,F_Arthritis_35_44,F_Arthritis_45_54,F_Arthritis_55_64,F_Arthritis_65_74,F_Arthritis_75_84,F_Arthritis_85_over,F_Arthritis_Tot,F_Asthma_0_14,F_Asthma_15_24,F_Asthma_25_34,F_Asthma_35_44,F_Asthma_45_54,F_Asthma_55_64,F_Asthma_65_74,F_Asthma_75_84,F_Asthma_85_over,F_Asthma_Tot,F_Cancer_0_14,F_Cancer_15_24,F_Cancer_25_34,F_Cancer_35_44,F_Cancer_45_54,F_Cancer_55_64,F_Cancer_65_74,F_Cancer_75_84,F_Cancer_85_over,F_Cancer_Tot,F_Dementia_0_14,F_Dementia_15_24,F_Dementia_25_34,F_Dementia_35_44,F_Dementia_45_54,F_Dementia_55_64,F_Dementia_65_74,F_Dementia_75_84,F_Dementia_85_over,F_Dementia_Tot,F_Diabetes_0_14,F_Diabetes_15_24,F_Diabetes_25_34,F_Diabetes_35_44,F_Diabetes_45_54,F_Diabetes_55_64,F_Diabetes_65_74,F_Diabetes_75_84,F_Diabetes_85_over,F_Diabetes_Tot,F_Heart_disease_0_14,F_Heart_disease_15_24,F_Heart_disease_25_34,F_Heart_disease_35_44,F_Heart_disease_45_54,F_Heart_disease_55_64,F_Heart_disease_65_74,F_Heart_disease_75_84,F_Heart_disease_85_over,F_Heart_disease_Tot
SOS10,351,1007,3720,7947,16374,31248,41190,31227,12497,145554,37956,28054,28399,26961,21400,17938,14115,7852,2584,185255,496,664,1488,2670,5100,12276,20319,16884,6081,65989,32,52,63,95,288,862,2693,6650,6279,17007,706,1614,3490,10175,19446,34542,40884,25896,7257,144006,844,819,1309,3307,9761,23869,37429,31357,13076,121766,613,480,799,1436,2386,4126,6382,6089,3109,25424,498,382,631,1154,2762,6552,10492,9638,3883,35991,8991,22003,28005,26208,26419,22978,14437,7138,2985,159162,136,150,285,678,1783,4222,7058,7143,3429,24885,22829,15029,16951,21824,27013,33301,29273,16686,7665,190572,435403,272489,331672,304015,230892,162066,86249,33956,8424,1865179,40058,28928,35605,31339,27072,22152,15025,9810,5682,215666,540978,361641,438180,418163,356701,311794,233418,130878,46944,2838701,466,1629,5171,11650,28255,54349,72912,58931,30343,263699,24595,26691,34500,32995,30067,27230,23667,14055,5585,219388,417,595,1770,4687,10747,17057,20657,15218,6492,77629,29,30,45,83,252,744,2604,8175,12666,24622,702,1717,3952,8079,15151,26871,33065,23116,9140,121792,671,697,1114,1970,4603,11137,20233,22178,15690,78282
SOS11,153,427,1466,3116,6756,15310,22995,16678,5944,72845,14650,8414,8388,8007,7036,7564,7548,4100,1287,66985,130,197,406,769,1704,4867,10042,8112,2782,29002,14,14,27,32,103,365,1227,2941,2415,7150,287,549,1031,2211,5178,10214,15572,10387,2757,48195,294,299,483,977,2959,8388,16122,14053,5679,49255,188,170,258,405,755,1548,2815,2954,1346,10452,231,163,270,568,1457,4038,6867,5590,1903,21093,4904,9080,10186,10362,11129,10965,8186,3830,1411,70055,55,50,115,251,661,1719,3258,3373,1511,10990,8364,4580,4559,5625,7607,10700,10446,5962,2628,60470,107127,58096,60116,52739,48695,41626,29991,13187,3210,414797,15545,10082,10733,9796,9330,8366,6914,4515,2086,77370,147761,87800,92366,86705,88784,95651,94358,56413,18800,768642,172,617,2019,4707,11085,23920,35152,28178,14015,119868,10658,9609,12159,11836,11718,13048,13175,7876,2864,92944,144,175,531,1237,3064,6023,8946,6873,2878,29869,0,8,30,44,92,295,1103,3356,5131,10056,276,640,1334,2370,4772,8584,11705,8820,3294,41802,236,262,465,724,1810,4849,9155,10252,7171,34922
SOS12,13,47,111,268,692,1961,2632,1541,385,7655,1216,704,588,675,731,876,880,372,116,6169,14,18,22,71,161,538,1136,749,178,2879,4,6,4,7,14,34,103,212,121,495,33,37,67,170,442,1064,1571,967,194,4545,28,24,41,76,303,949,1748,1256,373,4786,16,15,23,41,91,162,283,254,101,981,10,13,35,38,133,468,796,489,157,2143,391,671,706,829,1021,1236,884,295,61,6089,7,6,6,18,55,190,340,294,95,1019,645,346,345,435,732,1281,1178,510,141,5615,10149,5176,4542,4794,5371,5140,3637,1314,257,40375,1396,850,765,819,967,1073,972,497,168,7509,13582,7611,6832,7612,9386,11562,11057,5379,1306,74329,19,43,165,397,1136,2662,3420,2128,785,10747,957,720,851,978,1142,1359,1271,643,159,8073,15,18,36,126,302,691,866,533,155,2750,0,0,0,3,3,28,88,198,233,556,16,43,97,185,442,835,1132,687,207,3653,28,18,42,52,170,470,912,749,411,2846
SOS13,47,132,356,977,2735,6596,8868,4722,1198,25628,4118,2439,1931,2452,2871,3186,2846,1116,245,21200,59,59,89,243,711,2189,3968,2513,566,10395,8,0,4,8,35,93,329,615,334,1427,96,174,233,481,1674,3598,5079,2795,533,14660,102,90,107,253,1093,3597,5997,4061,1088,16391,78,60,54,105,255,533,913,746,251,2997,82,45,62,151,441,1450,2335,1445,370,6374,1194,2041,1945,2557,3415,3873,2585,898,179,18683,17,11,35,75,198,592,1049,848,276,3103,2136,1320,1109,1586,2866,4341,3987,1601,425,19382,40018,23637,16915,19480,24563,23818,15161,5079,828,169493,5644,4137,3857,4202,4856,5400,4058,1968,481,34606,52626,33245,25644,30595,41279,48733,41527,18477,4005,296123,52,172,477,1361,3864,8751,10353,5725,1792,32553,2837,2416,2478,3157,4033,4655,3631,1461,359,25032,47,42,118,423,1318,2508,2927,1457,356,9194,0,0,0,5,24,70,229,539,503,1371,73,146,236,465,1203,2457,2958,1768,423,9735,71,91,101,182,583,1570,2646,2041,923,8204
SOS17,0,0,0,0,0,0,0,0,0,0,0,0,0,0,0,0,0,0,0,0,0,0,0,0,0,0,0,0,0,0,0,0,0,0,0,0,0,0,0,0,0,0,0,0,0,0,0,0,0,0,0,0,0,0,0,0,0,0,0,0,0,0,0,0,0,0,0,0,0,0,0,0,0,0,0,0,0,0,0,0,0,0,0,0,0,0,0,0,0,0,0,0,0,0,0,0,0,0,0,0,0,0,0,0,0,0,0,0,0,0,0,0,0,0,0,0,0,0,0,0,0,0,0,0,0,0,0,0,0,0,0,0,0,0,0,0,0,0,0,0,0,0,0,0,0,0,0,0,0,0,0,0,0,0,0,0,0,0,0,0,0,0,0,0,0,0,0,0,0,0,0,0,0,0,0,0,0,0,0,0,0,0,0,0,0,0,0,0,0,0,0,0,0,0,0,0,0,0,0,0
SOS19,0,0,15,23,53,134,131,35,5,389,27,41,61,52,47,55,40,12,3,333,0,0,3,6,9,47,43,28,0,140,0,0,0,0,3,0,4,3,0,16,0,0,3,21,36,79,75,20,4,240,5,3,4,5,30,69,108,39,3,265,0,0,0,5,12,10,16,6,0,48,0,3,8,14,16,58,55,16,0,164,10,94,132,145,167,137,58,5,0,755,0,0,0,0,4,23,17,4,0,54,25,31,39,72,77,111,75,19,7,461,314,289,527,365,281,261,189,44,0,2264,262,241,426,496,450,318,137,35,3,2375,639,658,1164,1108,1010,949,648,166,19,6375,3,3,17,29,70,136,107,42,6,422,32,67,79,60,68,72,56,13,0,448,0,0,7,10,14,44,38,5,0,122,0,0,0,0,0,0,0,0,6,13,0,6,4,9,13,33,38,10,4,122,3,5,8,8,12,30,37,15,6,120
SOS20,280,913,3534,6991,13759,24794,32254,25811,11102,119442,32589,25606,30849,28248,21557,16975,13326,7747,2695,179582,464,590,1382,2324,4645,10570,17786,14988,5789,58537,46,46,63,83,210,585,1980,5170,5174,13372,700,1497,3368,9410,17206,27784,32960,21612,6629,121172,884,672,1197,2812,8249,19627,30605,25891,11623,101548,582,407,757,1254,2015,3374,5067,5118,2671,21252,409,337,601,1014,2304,5152,8189,7741,3371,29124,8297,20724,30852,27739,25491,20782,13085,6959,3399,157334,197,147,292,649,1719,3679,6208,6402,3308,22596,20244,14046,16597,20216,23902,27866,23559,14206,6918,167561,368898,234500,293110,259158,194449,132509,71236,28423,7296,1589589,32331,23782,30974,25621,22486,17716,11948,7727,3762,176341,458500,313517,397885,365252,306744,257175,192208,110073,40398,2441753,314,1515,4907,10403,24818,46772,63474,52315,27652,232171,20542,25785,37636,34026,29935,25590,22962,13952,5706,216136,353,503,1592,3994,9122,14344,17983,13183,5983,67060,24,22,55,66,188,546,2140,6923,11263,21221,596,1425,3629,7322,13006,21500,26849,19832,8693,102855,653,611,1126,1665,3932,8954,16695,19227,14307,67158
SOS21,82,232,952,1938,3968,8197,12454,9186,3264,40277,8945,5436,6007,5818,4854,4695,4433,2570,766,43534,110,110,239,528,1060,2926,5783,4822,1513,17089,4,15,17,22,59,208,671,1480,1235,3721,150,360,731,1551,3361,6232,9474,6161,1613,29626,224,168,302,610,1917,5226,9839,8163,3099,29544,134,103,154,246,436,862,1512,1548,706,5694,157,90,154,292,790,2191,3786,3156,1087,11707,2797,5187,6348,6475,6871,6452,4951,2333,856,42276,49,52,65,163,466,1042,2025,2023,842,6731,5208,2997,3042,3754,4842,6337,6318,3564,1550,37611,71285,36947,40586,36473,32363,26813,18540,7332,1831,272177,9193,5316,5484,5355,5228,4918,4264,2755,1280,43795,95983,54351,60410,58034,57277,58832,56871,32359,10722,484834,92,359,1377,3063,7167,14435,20999,15647,7654,70798,6183,5737,8239,8115,7682,7962,7818,4439,1583,57763,78,104,319,830,1933,3853,5534,3953,1643,18238,4,18,16,16,53,192,626,1723,2579,5237,171,344,834,1629,3090,5377,7283,5080,2014,25824,172,143,266,448,1187,2930,5600,6016,4098,20859
SOS22,16,20,83,186,454,1095,1666,960,287,4767,779,394,402,527,514,570,612,241,64,4107,15,7,9,38,103,363,736,461,131,1868,5,0,0,0,5,21,48,105,114,301,22,34,42,93,308,697,1081,565,119,2960,16,7,17,53,185,668,1241,785,279,3247,19,7,4,21,38,83,188,136,58,541,13,12,11,39,95,301,541,333,88,1445,237,388,478,570,697,841,664,206,53,4128,10,0,3,21,48,137,226,178,67,686,411,230,210,267,518,806,721,335,113,3610,6051,3023,3043,3157,3340,3464,2390,852,159,25472,761,487,424,475,592,720,647,327,135,4568,8147,4412,4494,4987,5995,7590,7353,3432,950,47368,8,40,92,273,777,1727,2240,1361,591,7109,499,419,586,661,738,938,833,386,114,5195,8,7,28,66,188,408,539,336,115,1685,0,0,0,0,4,6,43,127,184,375,10,34,46,117,231,528,675,386,150,2180,4,15,23,37,103,311,531,464,331,1820
SOS23,39,80,273,689,1982,4782,6380,3545,787,18554,2852,2007,1482,2008,2251,2509,2214,974,179,16476,32,54,87,187,554,1580,3053,1875,381,7802,0,0,6,4,24,70,197,348,181,828,63,139,178,385,1217,2746,3962,2071,399,11163,70,76,72,204,845,2685,4879,3070,792,12689,46,35,34,57,172,382,659,453,140,1986,39,23,53,129,319,1022,1657,1068,231,4531,809,1557,1559,1908,2755,2898,2014,640,114,14252,3,13,19,56,189,470,852,692,177,2463,1426,1032,802,1200,2175,3410,2953,1208,328,14536,28814,17177,12460,14647,18597,18305,11987,3899,655,126553,3855,2741,3043,3395,3827,3966,3212,1527,369,25946,37453,24196,19262,23421,31393,36977,32210,13965,2926,221807,41,119,382,1030,3074,6847,8122,4224,1197,25023,1986,1855,2127,2604,3201,3504,2889,1164,221,19565,45,53,91,307,962,1870,2194,1123,265,6907,0,11,4,3,15,42,145,340,301,864,73,118,188,380,900,1836,2258,1280,328,7364,60,64,85,130,405,1203,2025,1461,592,6027
SOS27,0,0,0,0,0,0,0,0,0,0,0,0,0,0,0,0,0,0,0,0,0,0,0,0,0,0,0,0,0,0,0,0,0,0,0,0,0,0,0,0,0,0,0,0,0,0,0,0,0,0,0,0,0,0,0,0,0,0,0,0,0,0,0,0,0,0,0,0,0,0,0,0,0,0,0,0,0,0,0,0,0,0,0,0,0,0,0,0,0,0,0,0,0,0,0,0,0,0,0,0,0,0,0,0,0,0,0,0,0,0,0,0,0,0,0,3,0,0,0,10,0,0,0,11,3,7,0,0,0,25,0,0,6,16,3,10,4,0,0,36,0,0,0,0,0,0,0,0,0,0,0,0,0,0,0,0,0,0,0,0,0,0,0,0,0,0,0,0,0,0,0,0,0,0,0,0,0,0,0,0,0,0,0,0,0,0,0,0,0,0,0,0,0,0,0,0,0,0,0,0
SOS29,0,4,15,27,53,54,56,17,0,224,41,34,52,48,52,31,22,12,0,296,0,0,4,6,14,14,28,11,0,79,0,0,0,0,8,0,0,3,0,18,0,0,4,13,31,38,45,9,0,145,0,3,4,9,30,40,59,18,0,165,0,0,0,3,15,9,4,6,0,38,0,4,8,3,33,17,25,4,0,88,23,100,125,162,164,82,35,9,0,700,0,0,0,5,6,8,9,4,0,39,47,32,52,64,78,61,38,3,0,379,240,225,360,256,202,157,101,22,0,1568,263,221,392,530,468,284,133,19,8,2314,594,575,939,1008,912,644,392,90,15,5170,0,3,23,28,54,69,50,20,6,263,31,57,78,74,59,52,23,7,5,389,0,0,4,9,9,24,12,0,0,65,0,0,0,0,0,0,0,0,0,11,0,0,7,13,31,17,7,4,0,91,0,6,3,11,12,15,14,11,6,69
SOS30,267,989,3471,6952,13721,23594,29939,21008,7013,106944,23972,18700,20407,19859,16494,12799,10446,5574,1542,129792,340,524,1072,2053,4193,9417,15908,12661,4020,50190,34,32,64,93,183,554,1974,4518,3621,11068,521,1287,2329,5467,12101,19148,23296,14549,3482,82173,680,696,1079,2326,7004,16166,25828,21080,7816,82676,352,315,528,862,1555,2480,3834,3776,1788,15483,704,386,604,1152,2551,5724,9032,7848,2528,30534,9657,19360,24086,23343,22615,17871,12156,5795,2083,136970,125,131,238,538,1397,2998,4884,4894,1971,17168,19070,11790,12835,15843,19457,21253,18579,10646,4256,133723,272502,170023,179696,163908,136704,92615,52126,19829,4323,1091726,27928,21185,24347,21327,19839,14918,10134,5797,2713,148183,348485,236412,257639,245647,228516,191162,150538,82459,25668,1766530,319,1522,4421,9690,22710,38978,51516,38003,17290,184450,17168,20976,27806,27580,25529,22017,19492,10876,3674,175124,286,485,1393,3676,8329,12371,15243,10699,4260,56733,28,21,50,63,173,465,1855,5247,7205,15099,544,1240,2688,5187,9895,15132,17891,12137,4204,68930,570,684,1055,1710,3869,8355,14764,15563,9894,56472
SOS31,82,250,846,1855,4032,8557,12326,8584,2539,39072,7358,4170,4473,4494,4116,4060,3824,2091,503,35085,85,115,251,461,1099,2971,5569,4274,1277,16115,8,10,11,30,67,260,787,1487,1105,3767,176,334,575,1448,3469,6465,8792,5429,1244,27935,215,214,331,639,2106,5451,9480,7344,2571,28356,99,82,149,220,445,875,1550,1532,629,5591,216,89,159,382,1030,2754,4317,3341,968,13244,2947,4785,5231,5613,6247,6206,4906,2256,708,38900,35,42,77,160,419,1014,1861,1731,639,5979,5382,2802,2660,3487,4912,6428,5878,3351,1222,36133,68977,36930,37102,32988,30361,24741,16176,6673,1477,255427,9691,6720,8005,7283,7071,6144,4195,2439,1037,52597,92968,54245,56784,54183,56029,57495,52129,29203,8636,461686,97,359,1193,3033,7036,13671,18586,13424,5748,63160,5305,5165,6837,7090,6993,7408,6732,3590,1032,50161,72,108,340,865,1874,3508,4935,3416,1214,16337,7,8,15,20,58,214,591,1674,2266,4839,181,362,806,1542,3165,5384,6440,4452,1454,23791,174,186,331,539,1360,3184,5374,5577,3281,20002
SOS32,18,44,94,249,706,1691,2376,1330,296,6802,910,507,470,587,639,757,674,329,52,4916,14,10,27,58,197,547,1004,652,132,2651,0,0,0,6,13,39,98,162,126,443,19,36,74,211,568,1137,1608,851,153,4663,37,43,41,83,353,1024,1710,1200,276,4769,10,14,17,23,67,179,298,237,89,941,25,17,28,46,174,502,782,571,102,2237,329,512,548,693,1008,1158,843,288,58,5423,3,0,6,25,54,212,326,258,79,962,630,333,274,467,794,1250,1066,495,127,5429,9842,5007,4508,4449,4806,4718,3346,1215,184,38066,1775,971,1149,1156,1267,1234,927,531,112,9119,13382,7205,6901,7451,9082,10979,10098,4975,999,71072,7,55,125,370,1025,2473,2925,1724,542,9248,661,585,734,838,1038,1251,1068,505,100,6783,16,14,37,104,330,629,787,426,109,2453,0,0,4,4,0,21,79,171,181,473,14,51,118,245,550,966,1103,617,138,3795,26,35,71,104,214,590,889,661,310,2911
SOS33,29,106,289,793,2236,5185,6706,3632,753,19726,2745,1668,1462,1940,2182,2529,2053,915,176,15668,48,55,93,211,606,1704,2991,1890,380,7959,4,5,6,11,32,102,237,392,221,1022,53,123,180,437,1423,3181,4079,2160,335,11964,74,77,96,246,1005,2917,4787,3231,720,13147,33,33,45,93,211,412,670,569,185,2249,65,50,41,148,465,1378,1994,1287,231,5659,930,1508,1529,2035,2894,3332,2244,727,136,15337,8,19,28,68,181,494,874,705,192,2562,1756,1121,883,1432,2452,3755,3077,1249,302,16035,30725,17270,13468,15810,19421,17961,11144,3797,537,130130,4661,3539,4184,4350,5148,4703,3223,1509,327,31654,40451,24818,21406,25861,34129,38217,31383,14142,2696,233099,43,140,383,1159,3381,7180,8005,4119,976,25390,1804,1685,1953,2699,3427,3670,2946,1176,215,19570,45,36,97,329,1113,1978,2169,1090,191,7055,0,4,3,9,26,67,187,339,289,925,84,114,218,427,1018,2141,2360,1237,215,7809,76,85,86,174,505,1445,2204,1616,554,6754
SOS37,0,0,0,0,0,0,0,0,0,0,0,0,0,0,0,0,0,0,0,0,0,0,0,0,0,0,0,0,0,0,0,0,0,0,0,0,0,0,0,0,0,0,0,0,0,0,0,0,0,0,0,0,0,0,0,0,0,0,0,0,0,0,0,0,0,0,0,0,0,0,0,0,0,0,0,0,0,0,0,0,0,0,0,0,0,0,0,0,0,0,0,0,0,0,0,0,0,0,0,0,0,0,0,0,0,0,0,0,0,0,0,0,14,15,10,0,0,0,0,39,0,9,24,40,31,3,0,0,0,107,0,4,37,55,42,3,3,0,0,149,0,0,0,0,0,0,0,0,0,0,0,0,0,0,0,0,0,0,0,0,0,0,0,0,0,0,0,0,0,0,0,0,0,0,0,0,0,0,0,0,0,0,0,0,0,0,0,0,0,0,0,0,0,0,0,0,0,0,0,0
SOS39,3,3,15,39,65,175,248,69,3,622,51,47,71,75,54,73,70,6,4,463,0,0,0,15,11,46,107,31,5,215,0,0,0,0,0,5,12,4,3,22,0,0,14,15,47,87,142,47,0,355,0,3,6,15,33,101,188,48,3,402,0,0,4,6,4,12,24,11,0,64,0,3,4,9,27,56,82,26,4,202,40,83,151,169,148,156,102,15,0,864,0,0,0,5,7,25,33,12,0,81,49,49,49,72,94,144,130,21,0,605,502,339,647,445,330,472,408,90,3,3236,136,238,421,469,419,341,224,40,3,2284,753,719,1301,1194,1042,1297,1253,283,23,7861,0,3,21,36,96,266,236,48,10,723,30,65,114,84,81,118,99,23,0,615,0,0,3,8,34,61,56,13,0,177,0,0,0,0,0,6,6,4,3,22,0,0,9,22,30,79,60,16,7,219,0,4,6,7,18,57,62,29,7,188
SOS40,85,290,1085,2191,4564,8812,11578,8515,3802,40924,7884,6261,7162,6772,5671,4999,4286,2335,820,46194,113,145,322,651,1200,3220,5832,4548,1880,17914,4,14,20,35,68,236,732,1747,1879,4728,188,433,902,2443,4928,8502,10606,6772,2168,36947,196,202,332,697,2413,6128,9981,8291,3958,32201,164,155,197,292,505,903,1362,1357,751,5674,221,120,207,334,806,2051,3169,2674,1193,10770,2105,5860,8268,7971,8191,7191,4836,2266,1088,47785,34,27,74,158,509,1150,1956,1850,1029,6795,6009,3765,4114,5261,6774,8353,7370,4082,1992,47716,86695,58440,64937,56568,46035,34383,19915,8005,2146,377119,7037,5272,5945,5533,5389,4568,3009,1842,938,39540,108662,78175,89123,82765,76573,71483,58214,32643,12507,610146,98,460,1520,3283,7904,15350,21316,16931,9512,76371,5352,6741,9153,9108,8304,8484,7883,4568,1895,61493,98,139,364,985,2443,4241,5765,4091,1942,20077,11,17,16,23,64,194,795,2355,4069,7546,166,426,1058,2097,3959,6607,8266,5968,2815,31361,166,182,323,493,1300,3037,5545,6176,5052,22278
SOS41,26,83,322,682,1530,3186,4620,3521,1318,15296,2649,1818,1884,1771,1677,1773,1587,967,292,14414,38,41,74,149,340,958,2008,1833,601,6044,0,3,4,5,25,72,267,658,570,1608,63,128,224,480,1266,2652,3766,2602,759,11950,63,61,108,189,694,1944,3556,3203,1295,11107,33,34,42,90,145,329,479,492,220,1872,60,39,59,96,335,813,1325,1176,433,4324,691,1707,2111,2035,2332,2339,1856,891,303,14269,8,10,17,23,144,376,651,703,318,2259,1708,995,1027,1255,1811,2465,2318,1322,560,13459,22497,12617,12520,11286,11216,9705,7016,3005,730,90577,2503,1693,1957,1871,1890,1701,1340,895,392,14238,29656,18352,19118,18184,20062,21617,20893,12598,4188,164653,32,152,457,1011,2551,5105,7334,6123,2899,25669,1887,1982,2597,2578,2730,2900,2845,1758,599,19869,31,39,85,278,651,1315,1872,1495,585,6351,0,4,0,12,21,69,275,840,1162,2382,64,124,275,549,1166,2091,2881,2250,944,10347,52,48,84,182,401,1021,1944,2278,1512,7510
SOS42,3,6,33,107,247,636,893,583,208,2709,312,183,218,248,229,325,315,138,53,2036,0,0,12,14,58,171,385,253,100,1010,0,0,0,0,0,16,40,87,79,223,4,21,26,66,195,465,709,403,113,1996,10,11,16,26,119,342,654,473,187,1838,3,0,14,8,20,43,95,93,30,306,3,0,12,5,39,149,266,183,52,714,78,192,259,282,363,457,341,126,55,2152,0,0,3,6,24,76,125,91,46,369,197,109,100,145,287,461,394,173,72,1937,3219,1733,1653,1583,1698,1810,1359,516,110,13673,380,240,238,268,349,415,377,199,74,2542,4141,2430,2443,2523,3124,4123,4097,2028,644,25555,7,10,52,135,371,950,1164,795,389,3879,230,216,283,316,344,465,457,236,81,2624,6,6,9,37,94,205,296,196,71,916,0,0,0,0,3,4,57,95,184,339,9,17,41,79,163,381,439,319,111,1544,14,13,23,26,67,193,296,299,208,1134
SOS43,13,33,97,250,664,1795,2153,1166,230,6398,999,683,528,716,810,935,759,333,54,5813,9,14,28,52,173,553,982,567,119,2495,0,0,0,0,10,25,68,125,56,276,28,54,68,132,490,1180,1584,778,152,4468,7,20,27,60,299,1024,1594,995,247,4279,12,16,13,21,53,143,188,128,47,611,18,10,16,41,105,409,569,318,76,1552,195,449,443,645,916,1082,723,197,33,4680,3,7,4,12,57,159,282,208,49,776,485,314,277,411,816,1202,932,340,78,4856,10166,5853,4492,5140,6583,6463,4020,1304,209,44225,1148,911,931,1091,1229,1293,983,452,88,8122,12910,8132,6667,8119,10966,13220,10839,4625,878,76352,19,56,115,346,1069,2276,2589,1299,334,8104,656,636,671,877,1039,1210,960,387,76,6506,8,13,33,105,320,615,671,325,47,2135,0,0,0,0,4,23,34,99,61,214,30,34,70,155,373,759,897,428,107,2849,26,15,18,56,143,416,625,419,165,1871
SOS47,0,0,0,0,0,0,0,0,0,0,0,0,0,0,0,0,0,0,0,0,0,0,0,0,0,0,0,0,0,0,0,0,0,0,0,0,0,0,0,0,0,0,0,0,0,0,0,0,0,0,0,0,0,0,0,0,0,0,0,0,0,0,0,0,0,0,0,0,0,0,0,0,0,0,0,0,0,0,0,0,0,0,0,0,0,0,0,0,0,0,0,0,0,0,0,0,0,0,0,0,0,0,0,0,0,0,0,0,0,0,0,0,0,0,3,0,0,0,0,5,0,0,0,0,5,0,0,0,0,5,0,0,0,3,5,0,0,0,0,12,0,0,0,0,0,0,0,0,0,0,0,0,0,0,0,0,0,0,0,0,0,0,0,0,0,0,0,0,0,0,0,0,0,0,0,0,0,0,0,0,0,0,0,0,0,0,0,0,0,0,0,0,0,0,0,0,0,0,0,0
SOS49,0,0,10,6,21,32,37,13,0,123,21,26,28,21,19,12,9,4,0,153,0,0,0,0,6,10,19,0,4,40,0,0,0,0,0,0,0,0,0,5,0,0,3,6,21,32,34,6,0,98,5,0,3,0,0,17,33,8,0,65,0,0,0,0,0,5,4,0,0,11,0,0,0,0,4,13,11,3,0,33,11,40,53,45,52,46,19,3,0,267,0,0,4,0,3,4,3,0,0,21,9,14,14,20,36,42,25,5,0,162,127,89,143,124,101,92,54,17,0,744,42,43,97,94,96,101,53,7,0,538,208,182,320,289,299,311,214,40,7,1873,0,4,15,12,14,46,47,8,0,141,17,40,34,37,22,18,24,0,0,196,0,0,0,0,0,11,12,0,0,31,0,0,0,0,0,4,0,4,0,8,0,0,3,0,8,12,12,7,0,46,0,0,4,0,8,7,13,0,3,33
SOS50,145,471,1532,3232,6253,11460,15274,10975,3995,53339,12622,9151,10003,10115,8283,6447,5177,2767,867,65433,207,259,543,1060,2081,4784,8327,6519,2241,26024,3,19,22,44,97,288,940,2224,1972,5596,304,611,1271,3426,7010,11051,13870,8616,2383,48545,271,246,462,1109,3630,8738,14009,11169,4315,43947,201,154,247,489,709,1228,1890,2065,1041,8029,269,159,256,472,1135,2632,4492,3876,1441,14729,4010,9159,12158,11760,10639,8501,5608,2608,972,65414,45,59,101,302,650,1397,2460,2623,1181,8807,9415,5907,6079,7591,9522,10843,9845,5351,2374,66923,161306,93283,104253,102625,81485,57724,32311,12072,2747,647799,13576,9974,13693,13094,11827,8957,5474,3198,1742,81543,199184,125463,144955,147237,130284,111637,86701,46197,15377,1007026,212,802,2271,4928,11216,20217,27203,20550,10057,97459,8718,9888,13318,13305,11910,10861,9319,5039,1837,84190,170,230,664,1870,4081,6435,8108,5493,2216,29253,12,21,15,30,57,254,871,2819,4109,8182,290,670,1321,2860,5273,8629,10896,7158,2914,40016,201,229,329,703,1760,4122,7371,7742,5180,27638
SOS51,35,97,318,699,1460,2763,3593,2369,806,12127,2947,1630,1720,1797,1511,1438,1084,585,173,12881,33,34,97,169,393,1044,1712,1273,433,5205,0,0,5,9,18,69,202,481,370,1154,82,134,277,586,1363,2475,2815,1737,425,9891,74,47,99,201,687,1711,2710,2139,841,8519,49,28,71,78,175,301,426,426,196,1756,69,37,56,70,251,705,1093,844,270,3383,827,1571,1959,2040,2132,2051,1335,574,218,12714,7,3,20,37,127,290,549,506,218,1774,1822,963,923,1164,1581,1994,1772,1036,397,11659,30574,14677,16395,16309,14385,10950,6463,2309,523,112592,4930,2935,3800,3821,3579,2959,1747,935,339,25041,40782,21461,24698,25562,24926,23384,18206,9393,2912,191322,56,129,428,1060,2577,4540,5644,3967,1839,20237,1970,1781,2521,2647,2478,2315,1992,1003,350,17050,25,25,116,356,775,1215,1568,1097,376,5564,5,0,6,7,27,68,196,575,827,1711,58,123,309,594,1185,1962,2270,1344,546,8381,53,53,79,154,436,938,1504,1374,936,5517
SOS52,7,9,34,99,225,563,850,462,123,2376,350,199,214,246,249,276,272,123,21,1946,3,6,10,13,48,209,325,260,67,946,0,0,0,4,10,13,45,59,45,175,15,34,55,115,274,459,649,336,72,2007,11,22,18,49,128,382,583,395,127,1714,13,8,5,13,32,57,93,73,22,324,9,0,6,21,52,160,309,204,48,810,126,186,246,302,342,373,307,103,35,2020,3,0,3,4,22,77,133,103,25,371,226,123,103,172,270,403,374,157,47,1876,4280,2186,2249,2050,2099,1921,1227,438,105,16551,862,402,514,514,626,636,441,236,63,4299,5816,3061,3338,3343,3862,4401,3853,1868,498,30040,9,18,66,157,381,821,1094,650,247,3436,224,222,307,329,394,462,416,178,55,2579,3,6,20,53,106,231,257,165,58,897,0,0,0,0,4,17,32,63,69,198,12,16,51,140,279,421,457,241,72,1688,18,23,24,56,97,204,303,242,123,1085
SOS53,4,51,95,259,672,1571,1955,1013,215,5822,847,563,529,704,764,753,603,248,43,5050,12,11,23,54,205,569,956,597,111,2533,0,3,0,5,8,22,40,134,54,255,24,42,75,158,559,1022,1315,631,108,3933,17,25,27,57,333,941,1468,928,218,4016,14,9,22,29,63,134,176,152,49,652,15,13,13,20,97,329,529,345,66,1428,292,487,483,640,861,923,621,206,28,4534,3,5,7,11,53,129,244,198,49,712,518,340,275,456,728,1044,935,372,80,4748,10737,6351,5691,6566,7690,7200,4232,1313,196,49974,1539,1718,3039,2985,2806,2246,1326,530,104,16293,13828,9381,10059,11495,13733,14468,11045,4509,841,89366,10,41,138,341,1017,2154,2416,1194,325,7642,549,536,578,789,1041,1083,819,317,60,5777,16,10,26,121,343,669,705,355,65,2304,0,3,0,0,4,28,66,117,104,326,18,30,72,145,366,611,757,406,111,2506,15,15,26,44,142,387,613,481,166,1885
SOS57,0,0,0,0,0,0,0,0,0,11,0,0,0,8,4,4,0,0,0,15,0,0,0,0,0,0,0,0,0,9,0,0,0,0,0,0,0,0,0,0,0,0,0,0,0,0,0,0,0,0,0,0,0,0,3,4,3,0,0,9,0,0,0,0,0,0,0,0,0,0,0,0,0,0,0,0,0,0,0,0,0,0,3,5,0,0,0,0,0,8,0,0,0,0,0,0,0,0,0,3,0,0,0,0,0,0,0,0,0,5,0,15,54,75,45,23,0,0,0,218,0,14,44,70,43,20,4,0,0,204,0,30,99,157,103,55,14,0,0,455,0,0,0,0,0,0,0,0,0,4,0,0,0,0,0,0,0,0,0,0,0,0,0,0,0,0,0,0,0,0,0,0,0,0,0,0,0,0,0,0,0,0,0,0,0,0,0,0,0,0,0,0,0,0,0,0,0,0,0,0
SOS59,0,6,4,14,23,53,55,18,0,175,14,22,39,36,21,12,19,9,0,171,0,0,0,5,13,17,34,7,0,72,0,0,0,0,0,0,0,0,0,3,0,6,4,12,16,33,44,10,0,133,0,3,0,8,18,26,51,17,0,129,0,0,0,5,7,0,3,3,0,25,0,0,0,4,7,10,20,4,0,54,9,47,73,66,72,42,18,9,0,337,0,0,0,0,5,4,15,0,0,26,13,22,23,30,37,52,42,7,0,223,255,164,303,277,186,168,124,15,4,1496,101,176,396,530,514,334,158,50,10,2281,389,414,822,926,842,667,444,118,14,4639,0,0,4,22,34,70,80,10,6,222,11,33,41,38,28,29,21,3,0,200,0,0,4,5,9,19,20,4,0,59,0,0,0,0,0,0,0,0,0,0,0,4,10,8,14,15,24,0,6,74,0,0,8,3,10,13,18,3,0,57
SOS60,15,66,224,424,892,1579,2211,1525,583,7517,1294,1017,1078,1016,898,779,657,352,121,7225,17,32,51,106,193,532,983,757,276,2948,0,4,3,4,8,44,149,291,258,758,43,76,150,292,570,1044,1395,898,257,4710,34,23,45,109,320,858,1486,1280,540,4690,16,19,21,46,74,151,272,243,104,941,22,21,30,65,149,347,500,429,171,1727,466,1300,1607,1513,1469,1203,788,367,159,8875,0,5,7,23,78,155,310,335,153,1071,953,672,678,820,1045,1206,1093,635,316,7408,12853,8036,12736,7997,6167,4877,3161,1261,305,57395,1313,948,1280,983,943,772,581,369,135,7337,16626,11613,17136,12326,11047,10655,9363,5279,1795,95846,18,109,320,704,1480,2895,4010,2988,1507,14036,923,1240,1483,1436,1364,1362,1305,732,270,10112,16,31,64,187,393,677,1013,711,335,3415,5,0,3,4,9,26,152,366,514,1071,36,81,171,272,507,868,1105,812,334,4199,23,37,59,80,182,431,827,967,690,3287
SOS61,31,72,245,513,1198,2271,3248,2295,775,10647,1974,1245,1244,1138,1024,1044,1045,597,164,9487,9,25,50,99,239,615,1229,982,328,3577,3,3,3,7,29,50,152,338,284,865,27,85,179,341,780,1460,2054,1413,369,6719,48,53,61,136,449,1144,2055,1861,657,6472,23,26,39,47,135,181,378,408,169,1406,25,13,44,100,302,591,1025,792,216,3109,684,1355,1681,1532,1716,1517,1091,482,165,10227,5,0,11,32,121,257,516,479,206,1634,1142,696,745,814,1192,1552,1396,770,328,8629,14067,8496,9912,7374,6732,5973,3933,1685,398,58560,1662,1169,1113,1016,1023,1012,891,584,243,8712,19096,12554,14379,11855,12457,13438,12536,7423,2359,106104,37,107,339,789,2056,3820,5323,4079,1824,18373,1367,1418,1868,1851,1827,1766,1861,1110,317,13384,13,26,69,170,472,873,1242,909,359,4137,5,0,5,9,20,43,114,394,503,1093,40,72,226,354,783,1265,1714,1199,407,6053,41,33,50,91,273,610,1179,1279,820,4374
SOS62,5,6,28,67,150,430,619,366,98,1765,193,135,126,130,155,189,169,86,19,1200,0,0,4,16,43,129,232,186,41,661,0,3,0,4,0,5,18,38,42,116,4,13,23,41,99,246,375,219,38,1062,8,0,0,19,78,236,361,278,80,1076,7,0,4,16,13,42,39,42,10,175,0,4,0,7,36,92,167,126,21,466,78,136,154,195,279,279,224,79,19,1439,0,0,0,6,14,36,91,58,25,238,125,66,69,115,168,300,259,121,39,1258,1864,973,1058,1028,1086,1144,856,314,49,8374,224,147,131,132,185,213,216,110,50,1401,2460,1432,1526,1607,1964,2529,2535,1266,303,15622,0,15,40,95,327,650,857,498,183,2670,144,127,170,196,249,308,291,140,23,1650,0,7,5,20,70,152,215,133,29,632,0,0,0,0,3,7,18,56,56,135,6,9,18,34,107,195,242,158,45,809,4,6,8,13,53,96,190,181,78,628
SOS63,5,30,71,227,691,1579,2000,961,168,5723,696,456,398,460,515,643,575,200,35,3988,11,12,27,61,138,448,745,445,89,1979,0,0,0,0,3,22,46,79,35,190,19,40,30,115,315,761,991,492,96,2853,24,17,14,56,250,747,1211,718,160,3188,11,11,11,22,38,102,161,126,39,515,5,14,18,34,117,364,457,283,71,1362,222,438,451,632,818,946,602,173,28,4310,0,5,4,9,58,129,224,167,41,642,403,244,259,352,665,1028,847,285,61,4135,7196,4011,3637,3880,4529,4516,2911,891,120,31699,830,544,502,591,745,836,691,255,77,5055,9262,5613,5182,6007,7739,9634,8133,3249,600,55419,13,36,156,368,1000,2126,2260,1025,246,7225,502,462,578,738,835,909,718,214,56,5009,10,7,17,90,266,494,523,250,56,1718,0,0,0,0,0,9,26,58,60,167,16,24,63,129,288,525,574,269,63,1939,16,14,11,39,113,337,462,311,127,1428
SOS67,0,0,0,0,0,0,0,0,0,0,0,0,0,0,0,0,0,0,0,0,0,0,0,0,0,0,0,0,0,0,0,0,0,0,0,0,0,0,0,0,0,0,0,0,0,0,0,0,0,0,0,0,0,0,0,0,0,0,0,0,0,0,0,0,0,0,0,0,0,0,0,0,0,0,0,0,0,0,0,0,0,0,0,0,0,0,0,0,0,0,0,0,0,0,0,0,0,0,0,0,0,0,0,0,0,0,0,0,0,0,0,0,0,0,3,0,0,0,0,8,0,0,0,0,0,0,0,0,0,3,0,0,4,7,7,0,0,0,0,13,0,0,0,0,0,0,0,0,0,0,0,0,0,0,0,0,0,0,0,0,0,0,0,0,0,0,0,0,0,0,0,0,0,0,0,0,0,0,0,0,0,0,0,0,0,0,0,0,0,0,0,0,0,0,0,0,0,0,0,0
SOS69,0,0,8,8,10,18,7,6,0,54,0,10,11,6,10,4,5,0,0,51,0,0,0,4,3,9,4,0,0,20,0,0,0,0,0,0,0,0,0,3,0,0,0,4,5,3,13,0,0,32,0,0,0,0,3,6,16,0,0,35,0,0,0,0,3,3,0,0,0,8,0,0,0,3,5,5,0,0,0,14,0,31,27,25,24,22,10,0,0,143,0,0,0,0,0,0,5,0,0,5,4,9,3,10,15,10,3,0,0,60,56,55,54,34,47,27,21,3,0,290,12,28,43,28,29,38,46,4,0,221,74,108,135,99,130,104,90,18,0,758,0,0,0,6,14,16,10,4,4,64,5,21,12,16,7,13,4,0,0,72,0,0,0,0,5,6,3,0,0,16,0,0,0,0,0,0,0,0,0,0,0,0,0,0,6,8,0,0,0,23,0,0,0,0,0,5,4,0,0,10
SOS70,3,30,138,245,456,636,646,311,67,2532,647,380,577,462,395,310,217,68,6,3066,10,14,31,57,122,272,384,200,31,1117,0,0,0,7,4,23,49,89,49,229,8,45,76,212,443,649,648,289,55,2431,25,26,41,81,229,449,593,303,91,1832,16,17,19,59,61,86,111,79,22,468,36,10,21,30,66,181,201,133,25,716,187,364,523,527,504,377,212,79,13,2784,0,4,3,15,36,89,133,83,23,383,608,320,394,511,557,584,436,209,68,3686,9959,5708,8535,6535,4632,2961,1453,412,58,40251,1314,1042,1697,1345,1090,724,405,140,52,7814,12651,7790,11752,9620,7817,6100,3989,1528,336,61583,10,41,134,284,600,918,975,548,161,3678,421,445,896,740,594,529,371,155,37,4198,3,9,39,94,230,269,276,151,23,1099,0,0,0,4,3,12,46,77,75,221,12,38,126,231,354,545,522,231,57,2116,21,21,46,58,135,241,279,204,94,1098
SOS71,6,8,27,67,85,196,175,66,16,656,225,113,189,197,182,159,97,38,13,1203,3,0,13,17,50,73,83,40,6,291,0,0,0,4,5,18,23,32,12,96,11,17,53,118,217,292,207,80,16,1009,73,76,49,79,147,218,227,89,15,981,20,6,17,20,46,72,58,24,4,264,15,11,16,24,30,56,63,32,11,254,62,132,222,213,178,130,69,23,0,1032,0,0,0,12,26,48,42,24,6,151,252,134,140,183,220,250,146,56,17,1397,4495,2470,3134,2484,1625,1121,465,102,14,15908,621,334,515,412,307,293,142,47,11,2687,5734,3253,4255,3662,2796,2423,1302,407,72,23900,3,21,44,81,194,280,233,133,64,1050,144,159,306,291,274,283,129,54,17,1650,0,4,15,18,55,123,75,43,13,344,0,0,0,0,4,11,39,35,43,127,9,39,80,173,302,337,227,79,32,1277,60,99,90,116,141,167,101,81,38,894
SOS72,0,3,12,17,36,59,59,22,3,207,80,30,32,54,68,61,38,13,0,366,0,0,0,0,11,26,24,16,0,77,0,0,0,0,3,7,12,9,0,32,7,18,40,105,157,153,90,38,7,609,52,58,51,41,92,107,65,30,3,498,10,6,6,17,41,41,21,6,4,146,13,3,0,20,16,26,25,11,3,115,19,45,60,64,48,46,22,10,0,315,0,0,3,3,10,21,14,10,0,54,84,40,50,58,83,96,58,28,5,488,2580,1677,1562,1144,810,488,205,37,6,8509,314,127,214,146,136,135,74,20,5,1156,3141,1989,2001,1609,1377,1048,556,164,22,11918,0,3,8,29,74,104,76,22,8,325,51,46,71,97,124,128,64,15,6,603,0,0,3,5,13,16,24,8,0,73,0,0,0,3,3,11,17,14,3,47,11,26,89,198,252,252,139,37,5,994,52,72,76,80,94,96,55,22,5,548
SOS73,0,4,26,47,126,247,237,101,11,797,149,89,97,107,131,132,81,37,6,825,3,3,9,9,36,83,106,62,10,315,0,0,0,0,0,0,11,19,5,40,5,14,14,60,134,217,208,88,13,766,19,39,21,31,94,175,211,85,9,689,4,8,4,17,25,36,51,31,4,174,7,4,3,10,35,86,90,34,4,275,39,66,92,102,133,126,66,15,4,642,0,0,0,6,15,33,33,30,7,118,125,68,76,111,147,187,147,53,7,919,2636,1697,1644,1426,1499,1091,523,118,17,10657,477,527,664,604,582,436,243,89,11,3634,3444,2489,2607,2446,2733,2408,1516,512,63,18220,0,6,33,78,174,278,253,108,28,954,82,90,118,171,196,183,115,32,5,990,3,0,9,23,50,109,85,22,6,304,0,0,0,0,4,9,11,9,11,42,7,25,40,90,163,192,137,51,12,709,13,23,33,45,73,95,94,34,13,433
SOS77,0,0,0,0,0,0,0,0,0,0,0,0,4,0,0,6,0,0,0,8,0,0,0,0,0,0,0,0,0,0,0,0,0,0,0,0,0,0,0,0,0,0,0,0,0,4,0,0,0,4,0,0,0,0,0,0,0,0,0,0,0,0,0,0,0,0,0,0,0,0,0,0,0,0,0,0,0,0,0,0,0,0,0,0,0,0,0,0,0,0,0,0,0,0,0,0,0,0,0,0,0,0,0,0,0,0,0,0,0,0,0,9,14,15,9,9,0,0,0,51,0,0,4,4,5,3,0,0,0,23,0,12,16,22,18,17,0,0,0,83,0,0,0,0,0,0,0,0,0,0,0,0,0,0,0,0,0,0,0,0,0,0,0,0,0,0,0,0,0,0,0,0,0,0,0,0,0,0,0,0,0,0,0,0,0,0,0,0,0,0,0,0,0,0,0,0,0,0,0,0
SOS79,0,0,0,4,10,23,38,4,0,80,6,5,14,16,16,10,14,0,0,77,0,0,0,3,4,13,17,5,0,49,0,0,0,0,0,0,5,0,0,7,0,0,0,6,13,30,26,0,0,77,0,3,7,4,20,36,28,4,0,96,0,0,0,0,13,12,4,0,0,37,0,0,0,3,9,11,8,0,0,32,3,9,16,24,26,29,14,0,0,129,0,0,0,0,5,8,6,0,0,14,8,7,7,18,31,25,19,4,0,117,200,53,174,143,101,91,60,10,4,837,42,41,88,101,109,93,46,13,0,531,260,113,292,305,311,300,205,33,6,1826,0,0,0,8,15,33,23,5,0,84,6,6,28,17,18,25,9,0,0,105,0,0,0,4,7,7,8,3,0,29,0,0,0,0,0,0,0,0,0,6,0,0,9,9,27,29,12,0,0,86,0,4,7,10,16,27,10,3,0,81
SOS80,43,119,449,974,1715,2600,3156,2193,843,12089,3246,2637,3083,2912,2094,1605,1285,661,205,17740,35,64,151,274,517,1118,1713,1332,440,5639,6,0,0,12,19,54,184,419,425,1126,47,160,346,804,1479,2183,2524,1470,398,9414,76,91,131,306,765,1598,2606,2093,894,8564,47,41,81,138,228,324,551,457,225,2093,40,41,57,127,259,476,812,734,283,2835,1119,2870,3639,3204,2754,1942,1131,520,187,17368,7,15,29,63,145,268,462,473,242,1708,2301,1551,2044,2516,2861,3003,2530,1351,485,18643,34090,21569,27761,23349,16683,10552,5776,2167,484,142432,2458,2411,2658,2009,1696,1280,874,499,208,14098,42635,30316,38546,34198,27701,21798,16561,8767,2861,223365,41,250,729,1489,2977,4927,6055,4474,1932,22876,2212,2941,4214,3828,3173,2678,2284,1199,410,22935,32,61,190,474,949,1369,1781,1195,438,6485,0,4,0,10,14,44,160,539,727,1497,84,142,363,729,1213,1742,1958,1317,484,8022,49,77,113,201,375,764,1333,1552,1014,5477
SOS82,0,0,0,3,0,0,7,6,0,23,6,0,3,4,4,5,0,0,0,26,0,0,0,0,0,4,4,8,0,9,0,0,0,0,0,0,0,0,0,0,0,0,0,0,0,3,6,0,0,15,0,0,0,0,5,4,6,0,0,15,0,0,0,0,0,0,5,0,0,3,0,0,0,0,0,0,0,0,0,4,4,4,6,3,3,0,0,0,0,20,0,0,0,0,0,0,0,0,0,0,5,0,0,0,7,7,3,6,0,24,57,35,19,35,28,12,13,0,0,198,3,0,0,0,0,3,5,0,0,16,71,41,30,48,47,30,28,15,0,307,0,0,0,3,7,12,3,15,0,38,5,6,0,4,4,6,3,3,0,31,0,0,0,0,0,4,0,10,0,12,0,0,0,0,0,0,0,0,0,0,0,0,0,0,0,4,0,4,0,12,0,0,0,0,0,0,0,0,3,5
SOS83,0,0,0,0,3,4,7,0,0,20,5,4,7,4,0,3,4,0,0,28,0,0,0,0,0,5,0,0,0,10,0,0,0,0,0,0,0,0,0,0,0,0,0,0,0,5,0,0,0,8,0,0,0,0,0,0,3,0,0,7,0,0,0,0,0,0,0,0,0,5,0,0,0,0,0,0,4,0,0,5,0,3,3,4,4,3,5,0,0,20,0,0,0,0,0,0,0,0,0,6,5,5,0,3,0,0,4,0,0,19,44,54,49,14,24,15,12,0,0,203,9,20,10,0,8,8,6,0,0,61,55,82,65,27,41,36,31,6,6,348,0,0,0,0,5,8,3,0,0,28,5,6,6,0,4,8,0,0,0,26,0,0,0,0,0,4,0,0,0,8,0,0,0,0,0,0,0,0,0,0,0,0,0,0,0,3,4,0,0,4,0,0,0,0,0,0,0,0,0,7
SOS87,0,0,0,0,0,0,0,0,0,0,0,0,0,0,0,0,0,0,0,0,0,0,0,0,0,0,0,0,0,0,0,0,0,0,0,0,0,0,0,0,0,0,0,0,0,0,0,0,0,0,0,0,0,0,0,0,0,0,0,0,0,0,0,0,0,0,0,0,0,0,0,0,0,0,0,0,0,0,0,0,0,0,0,0,0,0,0,0,0,0,0,0,0,0,0,0,0,0,0,0,0,0,0,0,0,0,0,0,0,0,0,0,0,0,0,0,0,0,0,0,0,0,0,0,0,0,0,0,0,0,0,0,0,0,0,0,0,0,0,0,0,0,0,0,0,0,0,0,0,0,0,0,0,0,0,0,0,0,0,0,0,0,0,0,0,0,0,0,0,0,0,0,0,0,0,0,0,0,0,0,0,0,0,0,0,0,0,0,0,0,0,0,0,0,0,0,0,0,0,0
SOS89,0,0,0,3,0,4,4,0,0,21,0,6,0,4,5,0,0,0,0,24,0,0,0,0,0,3,0,0,0,3,0,0,0,0,0,0,0,0,0,0,0,0,0,4,4,0,0,0,0,7,0,0,0,0,3,4,0,3,0,11,0,0,0,0,0,0,0,0,0,0,0,0,0,0,3,0,0,0,0,8,4,12,14,13,6,7,0,3,0,55,0,0,0,0,3,0,0,0,0,6,0,4,7,3,9,4,5,0,0,34,17,31,29,18,11,5,4,0,0,125,3,15,11,30,19,15,10,0,0,105,23,66,60,62,53,38,21,6,0,336,0,0,0,0,0,12,4,3,0,24,0,8,5,3,3,3,3,0,0,32,0,0,0,0,0,0,4,0,0,13,0,0,0,0,0,0,0,0,0,0,0,0,0,0,0,3,0,0,0,7,0,0,0,0,0,4,4,0,0,5
SOS91,0,0,0,5,5,5,7,0,0,18,11,4,11,6,5,7,3,0,0,42,0,0,0,0,3,0,0,0,0,9,0,0,0,0,0,0,0,0,0,0,0,0,4,0,4,4,16,0,0,28,0,0,0,0,5,3,5,4,0,19,0,0,0,0,0,0,0,0,0,4,0,0,0,0,0,8,0,0,0,4,0,3,6,3,3,4,0,0,0,15,0,0,0,0,0,0,0,0,0,0,3,0,0,0,5,4,7,4,0,29,118,31,63,59,65,62,47,3,4,452,17,7,31,24,32,9,26,0,0,139,148,47,116,90,115,97,107,15,4,730,0,0,0,0,0,0,7,0,0,13,10,4,3,8,5,4,3,0,0,42,0,0,0,3,3,0,3,0,0,9,0,0,0,0,0,0,0,0,0,0,0,0,0,5,8,5,3,0,0,21,4,0,0,0,0,0,0,0,0,10
SOS92,0,0,0,3,5,21,19,11,8,72,12,4,0,15,8,11,11,6,3,62,0,0,0,4,0,0,11,10,0,31,0,0,0,0,0,0,4,0,0,6,0,0,0,0,9,8,19,5,0,50,0,0,0,0,3,16,24,10,4,58,0,0,0,0,0,7,0,8,0,15,0,0,0,0,0,4,11,4,0,22,0,5,0,17,9,10,4,0,0,52,0,0,0,0,0,0,3,0,0,11,5,3,0,8,9,18,15,6,4,72,172,80,68,86,87,125,60,20,8,703,37,16,14,21,18,34,19,14,0,180,228,102,90,145,143,228,141,82,22,1181,0,0,0,4,7,24,30,18,8,88,3,16,7,15,14,19,7,8,3,88,0,0,0,0,5,12,10,5,0,31,0,0,0,0,0,0,0,3,6,12,0,0,0,0,4,15,7,7,0,36,0,0,0,0,3,5,20,10,5,35
SOS93,0,0,0,0,0,4,6,0,4,28,7,0,0,0,6,0,4,3,0,19,0,0,0,0,0,0,5,0,0,7,0,0,0,0,0,0,3,0,0,9,0,0,0,0,5,4,11,6,0,29,0,0,0,0,0,0,17,4,5,32,0,0,0,0,0,0,6,0,0,9,0,0,0,0,0,0,6,0,0,5,0,0,0,3,4,3,3,0,0,17,0,0,0,0,4,0,4,0,0,10,0,0,0,5,5,5,4,0,0,29,47,15,13,20,31,29,34,6,3,211,13,30,115,57,42,17,6,8,0,291,70,50,137,94,87,58,71,32,6,599,0,0,0,0,8,12,14,10,0,32,0,0,0,0,7,0,4,0,0,23,0,0,0,0,7,0,3,6,0,14,0,0,0,0,0,0,0,0,0,3,0,0,0,0,7,3,10,5,0,23,0,0,0,0,5,4,3,3,0,13
SOS97,0,0,0,0,0,0,0,0,0,0,0,0,0,0,0,0,0,0,0,0,0,0,0,0,0,0,0,0,0,0,0,0,0,0,0,0,0,0,0,0,0,0,0,0,0,0,0,0,0,0,0,0,0,0,0,0,0,0,0,0,0,0,0,0,0,0,0,0,0,0,0,0,0,0,0,0,0,0,0,0,0,0,0,0,0,0,0,0,0,0,0,0,0,0,0,0,0,0,0,0,0,0,0,0,0,0,0,0,0,0,0,0,0,0,0,0,0,0,0,0,0,0,0,0,0,0,0,0,0,0,0,0,0,0,0,0,0,0,0,0,0,0,0,0,0,0,0,0,0,0,0,0,0,0,0,0,0,0,0,0,0,0,0,0,0,0,0,0,0,0,0,0,0,0,0,0,0,0,0,0,0,0,0,0,0,0,0,0,0,0,0,0,0,0,0,0,0,0,0,0
SOS99,0,0,0,0,0,0,0,0,0,0,0,0,0,0,0,0,0,0,0,0,0,0,0,0,0,0,0,0,0,0,0,0,0,0,0,0,0,0,0,0,0,0,0,0,0,0,0,0,0,0,0,0,0,0,0,0,0,0,0,0,0,0,0,0,0,0,0,0,0,0,0,0,0,0,0,0,0,0,0,0,0,0,0,0,0,0,0,0,0,0,0,0,0,0,0,0,0,0,0,0,0,0,0,0,0,0,0,0,0,0,0,0,0,0,0,0,0,0,0,5,0,0,0,0,0,0,0,0,0,5,0,0,4,0,0,3,0,0,0,6,0,0,0,0,0,0,0,0,0,0,0,0,0,0,0,0,0,0,0,0,0,0,0,0,0,0,0,0,0,0,0,0,0,0,0,0,0,0,0,0,0,0,0,0,0,0,0,0,0,0,0,0,0,0,0,0,0,0,0,0
