SOSR_CODE_2021,Age_yr_0_M,Age_yr_0_F,Age_yr_0_P,Age_yr_1_M,Age_yr_1_F,Age_yr_1_P,Age_yr_2_M,Age_yr_2_F,Age_yr_2_P,Age_yr_3_M,Age_yr_3_F,Age_yr_3_P,Age_yr_4_M,Age_yr_4_F,Age_yr_4_P,Age_yr_0_4_M,Age_yr_0_4_F,Age_yr_0_4_P,Age_yr_5_M,Age_yr_5_F,Age_yr_5_P,Age_yr_6_M,Age_yr_6_F,Age_yr_6_P,Age_yr_7_M,Age_yr_7_F,Age_yr_7_P,Age_yr_8_M,Age_yr_8_F,Age_yr_8_P,Age_yr_9_M,Age_yr_9_F,Age_yr_9_P,Age_yr_5_9_M,Age_yr_5_9_F,Age_yr_5_9_P,Age_yr_10_M,Age_yr_10_F,Age_yr_10_P,Age_yr_11_M,Age_yr_11_F,Age_yr_11_P,Age_yr_12_M,Age_yr_12_F,Age_yr_12_P,Age_yr_13_M,Age_yr_13_F,Age_yr_13_P,Age_yr_14_M,Age_yr_14_F,Age_yr_14_P,Age_yr_10_14_M,Age_yr_10_14_F,Age_yr_10_14_P,Age_yr_15_M,Age_yr_15_F,Age_yr_15_P,Age_yr_16_M,Age_yr_16_F,Age_yr_16_P,Age_yr_17_M,Age_yr_17_F,Age_yr_17_P,Age_yr_18_M,Age_yr_18_F,Age_yr_18_P,Age_yr_19_M,Age_yr_19_F,Age_yr_19_P,Age_yr_15_19_M,Age_yr_15_19_F,Age_yr_15_19_P,Age_yr_20_M,Age_yr_20_F,Age_yr_20_P,Age_yr_21_M,Age_yr_21_F,Age_yr_21_P,Age_yr_22_M,Age_yr_22_F,Age_yr_22_P,Age_yr_23_M,Age_yr_23_F,Age_yr_23_P,Age_yr_24_M,Age_yr_24_F,Age_yr_24_P,Age_yr_20_24_M,Age_yr_20_24_F,Age_yr_20_24_P,Age_yr_25_M,Age_yr_25_F,Age_yr_25_P,Age_yr_26_M,Age_yr_26_F,Age_yr_26_P,Age_yr_27_M,Age_yr_27_F,Age_yr_27_P,Age_yr_28_M,Age_yr_28_F,Age_yr_28_P,Age_yr_29_M,Age_yr_29_F,Age_yr_29_P,Age_yr_25_29_M,Age_yr_25_29_F,Age_yr_25_29_P,Age_yr_30_M,Age_yr_30_F,Age_yr_30_P,Age_yr_31_M,Age_yr_31_F,Age_yr_31_P,Age_yr_32_M,Age_yr_32_F,Age_yr_32_P,Age_yr_33_M,Age_yr_33_F,Age_yr_33_P,Age_yr_34_M,Age_yr_34_F,Age_yr_34_P,Age_yr_30_34_M,Age_yr_30_34_F,Age_yr_30_34_P,Age_yr_35_M,Age_yr_35_F,Age_yr_35_P,Age_yr_36_M,Age_yr_36_F,Age_yr_36_P,Age_yr_37_M,Age_yr_37_F,Age_yr_37_P,Age_yr_38_M,Age_yr_38_F,Age_yr_38_P,Age_yr_39_M,Age_yr_39_F,Age_yr_39_P,Age_yr_35_39_M,Age_yr_35_39_F,Age_yr_35_39_P,Age_yr_40_M,Age_yr_40_F,Age_yr_40_P,Age_yr_41_M,Age_yr_41_F,Age_yr_41_P,Age_yr_42_M,Age_yr_42_F,Age_yr_42_P,Age_yr_43_M,Age_yr_43_F,Age_yr_43_P,Age_yr_44_M,Age_yr_44_F,Age_yr_44_P,Age_yr_40_44_M,Age_yr_40_44_F,Age_yr_40_44_P,Age_yr_45_M,Age_yr_45_F,Age_yr_45_P,Age_yr_46_M,Age_yr_46_F,Age_yr_46_P,Age_yr_47_M,Age_yr_47_F,Age_yr_47_P,Age_yr_48_M,Age_yr_48_F,Age_yr_48_P,Age_yr_49_M,Age_yr_49_F,Age_yr_49_P,Age_yr_45_49_M,Age_yr_45_49_F,Age_yr_45_49_P,Age_yr_50_M,Age_yr_50_F,Age_yr_50_P,Age_yr_51_M,Age_yr_51_F,Age_yr_51_P,Age_yr_52_M,Age_yr_52_F,Age_yr_52_P,Age_yr_53_M,Age_yr_53_F,Age_yr_53_P,Age_yr_54_M,Age_yr_54_F,Age_yr_54_P,Age_yr_50_54_M,Age_yr_50_54_F,Age_yr_50_54_P,Age_yr_55_M,Age_yr_55_F
SOSR101,28820,26883,55702,28872,27552,56425,29262,27410,56669,28951,27173,56118,29682,28171,57852,145583,137189,282767,30171,28793,58965,30109,28350,58460,30258,29014,59268,30672,29086,59754,30771,29045,59810,151977,144283,296258,30059,28384,58445,30170,28336,58504,29235,27894,57123,29240,27829,57067,28828,27132,55960,147526,139573,287098,27852,26150,54002,27291,25308,52603,26718,24858,51579,26560,25084,51646,26758,25383,52143,135176,126802,261971,29724,27565,57291,32283,29818,62103,32243,30262,62505,32981,31487,64470,34259,33302,67567,161493,152436,313934,35432,34351,69786,36434,35861,72298,36679,36577,73257,37294,37288,74583,37166,38423,75585,183013,182506,365516,38227,39764,77985,38542,40001,78546,38401,39798,78197,37398,39481,76880,37197,39326,76529,189765,198365,388131,37860,39057,76909,37923,39000,76921,37995,38795,76787,38003,38886,76883,36910,37370,74282,188690,193105,381789,36395,35868,72256,34239,33949,68190,33076,33320,66390,31524,31947,63472,31022,31387,62414,166256,166470,332724,30513,31025,61534,30325,30846,61172,30133,31284,61423,30533,31606,62138,31111,32279,63391,152620,157039,309662,30865,32757,63628,28475,29824,58304,27894,29413,57310,26645,28306,54950,25931,26731,52662,139817,147038,286852,26252,26536
SOSR102,5913,5724,11638,5964,5538,11507,5938,5582,11516,6159,5776,11935,6121,5839,11955,30095,28459,58553,6582,5952,12531,6383,6045,12434,6547,6032,12577,6699,6081,12779,6559,6163,12727,32772,30275,63046,6619,6063,12678,6596,6316,12911,6642,6195,12840,6591,6397,12993,6589,6182,12773,33030,31163,64201,6502,6074,12571,6270,5884,12148,6093,5731,11828,6121,5993,12109,6456,6300,12761,31448,29980,61418,6799,6436,13230,6623,6762,13385,6774,6618,13394,6678,6430,13106,6660,6362,13017,33526,32608,66135,6701,6398,13105,6667,6469,13133,6591,6633,13225,6535,6604,13134,6466,6727,13196,32962,32830,65793,6600,6789,13385,6625,6867,13495,6503,6829,13329,6317,6781,13105,6391,6968,13366,32438,34237,66673,6430,6915,13354,6645,6907,13552,6384,6934,13322,6508,6764,13270,6518,6705,13224,32490,34237,66724,6362,6788,13154,6231,6608,12837,6043,6549,12591,6049,6291,12342,6043,6350,12394,30728,32587,63316,6115,6447,12568,6114,6612,12726,6518,6697,13223,6698,7075,13770,6968,7437,14409,32415,34274,66692,7055,7515,14577,6450,6682,13130,6326,6684,13014,5966,6313,12279,6052,6519,12572,31846,33719,65563,6112,6376
SOSR111,1234,1183,2415,1206,1200,2401,1282,1213,2487,1243,1217,2465,1238,1207,2446,6201,6017,12218,1287,1277,2560,1277,1289,2564,1323,1282,2603,1388,1209,2600,1355,1313,2670,6632,6371,12997,1301,1279,2579,1291,1274,2563,1298,1206,2501,1246,1215,2458,1311,1286,2598,6441,6258,12704,1224,1217,2441,1180,1215,2396,1139,1141,2281,1184,1075,2257,1086,1073,2158,5812,5724,11534,1080,1012,2091,1105,1149,2252,1095,1154,2247,1117,1204,2320,1195,1171,2361,5592,5687,11277,1185,1211,2397,1263,1206,2467,1274,1314,2587,1293,1408,2698,1304,1346,2655,6319,6475,12799,1294,1446,2738,1291,1433,2719,1273,1359,2633,1207,1321,2533,1220,1300,2523,6281,6862,13140,1271,1370,2639,1294,1361,2656,1239,1305,2541,1178,1312,2484,1178,1273,2450,6158,6619,12775,1194,1262,2459,1114,1182,2293,1125,1142,2261,1145,1206,2350,1112,1222,2329,5684,6008,11693,1075,1229,2301,1079,1137,2220,1070,1176,2247,1113,1215,2326,1232,1321,2553,5573,6075,11646,1195,1277,2473,1192,1202,2392,1111,1224,2336,1031,1206,2237,1065,1186,2246,5589,6095,11684,1000,1134
SOSR112,3149,2884,6033,3140,3047,6189,3203,3007,6215,3110,3008,6121,3373,3073,6447,15974,15027,31005,3283,3223,6502,3335,3100,6436,3233,3259,6495,3371,3253,6624,3408,3284,6691,16621,16122,32745,3232,3109,6341,3352,3267,6618,3376,3290,6668,3423,3256,6677,3418,3394,6816,16803,16315,33113,3347,3138,6483,3320,3129,6447,3143,3087,6229,3089,2943,6027,2950,2890,5842,15845,15182,31027,3092,2924,6023,3107,3001,6106,2894,3018,5913,3058,3051,6112,3162,3138,6299,15316,15136,30457,3105,3227,6335,3376,3514,6890,3357,3381,6738,3410,3435,6850,3575,3497,7079,16830,17063,33889,3446,3625,7073,3520,3453,6974,3231,3439,6667,3227,3386,6620,3217,3375,6593,16632,17283,33919,3248,3279,6530,3179,3308,6492,3056,3232,6288,3101,3318,6420,3067,3148,6214,15652,16285,31941,2940,3117,6057,2934,2906,5833,2772,2853,5622,2680,2916,5597,2657,2773,5432,13986,14564,28551,2842,2830,5670,2823,2953,5779,2924,3103,6028,2945,3201,6150,3188,3396,6579,14723,15483,30209,3204,3445,6649,2947,3181,6129,2895,3200,6091,2759,3082,5840,2855,3046,5906,14661,15965,30626,2769,2896
SOSR113,1253,1166,2423,1261,1214,2467,1302,1187,2489,1247,1190,2437,1330,1269,2592,6392,6020,12413,1421,1370,2791,1415,1339,2755,1377,1313,2686,1470,1371,2837,1443,1449,2886,7120,6828,13952,1452,1331,2781,1494,1425,2919,1465,1415,2874,1470,1420,2886,1522,1416,2939,7401,7001,14405,1426,1391,2820,1326,1254,2580,1401,1184,2587,1329,1147,2481,1278,1044,2320,6766,6018,12787,1145,1087,2224,1170,1019,2192,1225,1123,2351,1185,1133,2324,1205,1177,2388,5932,5547,11479,1183,1236,2422,1276,1302,2578,1282,1329,2613,1351,1413,2761,1355,1442,2791,6446,6716,13162,1335,1434,2768,1408,1467,2876,1382,1411,2790,1349,1385,2733,1256,1386,2644,6722,7098,13816,1381,1386,2770,1322,1366,2686,1323,1413,2736,1298,1358,2658,1256,1312,2568,6583,6841,13425,1227,1310,2540,1153,1276,2427,1212,1255,2464,1158,1298,2457,1224,1296,2524,5973,6437,12413,1228,1266,2494,1261,1322,2576,1309,1373,2679,1361,1459,2819,1426,1583,3008,6578,6997,13577,1464,1585,3053,1344,1401,2743,1296,1366,2659,1260,1448,2704,1329,1365,2702,6697,7171,13865,1321,1414
SOSR114,1499,1555,3056,1585,1541,3125,1620,1417,3037,1613,1473,3079,1558,1530,3088,7877,7500,15375,1613,1597,3205,1590,1558,3150,1660,1560,3224,1660,1656,3318,1678,1655,3327,8201,8022,16226,1750,1664,3417,1701,1686,3391,1697,1627,3328,1688,1588,3275,1678,1532,3210,8524,8097,16615,1519,1509,3032,1510,1441,2954,1518,1392,2906,1436,1366,2801,1278,1214,2493,7265,6922,14190,1306,1343,2649,1312,1288,2603,1356,1323,2682,1267,1383,2648,1347,1326,2677,6586,6674,13258,1339,1401,2742,1370,1424,2793,1468,1530,2991,1411,1593,3001,1552,1588,3141,7135,7536,14669,1470,1659,3129,1502,1682,3184,1469,1605,3073,1458,1539,2997,1435,1545,2983,7334,8031,15363,1474,1547,3016,1365,1606,2975,1425,1537,2968,1396,1557,2943,1400,1568,2963,7054,7816,14869,1432,1539,2974,1373,1363,2733,1338,1449,2791,1266,1419,2690,1325,1432,2752,6734,7205,13941,1257,1434,2687,1427,1414,2839,1402,1509,2916,1455,1605,3058,1585,1590,3174,7131,7547,14674,1616,1703,3316,1372,1531,2902,1433,1578,3011,1376,1432,2811,1368,1468,2839,7163,7713,14874,1353,1487
SOSR115,1915,1887,3801,2074,1991,4068,2141,2001,4146,2148,2017,4160,2114,2072,4185,10391,9967,20357,2263,2052,4311,2178,2135,4312,2347,2166,4515,2321,2174,4490,2337,2287,4630,11442,10814,22259,2288,2232,4530,2307,2257,4560,2362,2236,4600,2338,2167,4504,2445,2101,4545,11739,10993,22732,2276,2111,4382,2160,1991,4154,1946,1924,3866,1944,1854,3799,1819,1661,3478,10144,9539,19681,1758,1574,3326,1719,1550,3268,1677,1623,3302,1627,1566,3184,1769,1646,3414,8544,7943,16491,1678,1720,3399,1820,1846,3664,1756,1816,3572,1892,1889,3783,1912,2005,3919,9049,9282,18336,1946,2074,4023,1893,2140,4034,1894,2036,3929,1903,2113,4017,1981,2150,4132,9615,10516,20131,1959,2134,4092,1935,2047,3984,1895,2090,3987,1968,2163,4130,1961,1986,3953,9721,10422,20138,1911,2084,3994,1820,2000,3827,1787,1973,3767,1799,1939,3744,1838,1965,3801,9162,9969,19126,1865,1985,3846,1955,2100,4053,2039,2156,4198,2107,2220,4327,2164,2356,4525,10132,10818,20949,2215,2518,4734,2099,2272,4367,2154,2308,4463,2072,2092,4164,1994,2203,4195,10537,11392,21928,2029,2318
SOSR121,478,443,926,532,506,1034,579,537,1115,562,542,1104,575,551,1128,2718,2578,5307,639,591,1227,664,591,1261,619,557,1177,626,618,1244,635,575,1213,3184,2926,6112,647,651,1299,658,687,1345,677,650,1328,667,649,1318,699,668,1365,3350,3304,6654,669,628,1290,613,605,1217,597,572,1170,564,530,1093,481,473,957,2929,2804,5735,494,406,907,444,365,809,436,417,851,439,391,829,383,409,797,2201,1993,4192,423,428,851,414,431,846,433,421,855,408,455,861,448,442,886,2125,2180,4298,463,521,994,493,493,984,436,537,968,503,558,1063,512,526,1038,2412,2638,5049,513,564,1079,515,531,1043,507,517,1030,528,538,1066,474,537,1014,2540,2695,5226,512,645,1154,510,503,1018,511,572,1086,542,567,1107,518,568,1081,2590,2857,5446,559,577,1137,564,612,1175,574,616,1189,624,671,1297,670,743,1411,2989,3215,6208,749,716,1465,653,696,1346,622,646,1267,588,659,1253,591,663,1252,3205,3377,6579,606,625
SOSR122,230,227,453,231,275,503,235,214,450,240,222,459,246,213,461,1181,1152,2327,288,259,548,282,278,561,305,272,575,297,270,570,321,277,600,1492,1363,2856,331,284,613,323,294,616,320,292,612,330,333,659,348,278,623,1644,1486,3136,304,287,596,292,251,542,272,266,542,243,224,470,233,216,453,1346,1247,2599,235,209,442,210,223,429,231,208,437,223,198,423,239,211,450,1138,1053,2187,188,207,397,233,226,456,238,217,450,278,248,530,216,223,439,1151,1117,2271,210,225,436,252,274,529,226,248,472,197,243,438,260,265,529,1141,1255,2398,213,261,479,219,260,482,259,256,516,294,254,549,225,249,475,1218,1280,2495,250,263,508,261,235,495,248,265,517,244,276,526,266,269,535,1271,1305,2579,262,289,548,273,261,535,300,291,594,318,324,642,354,374,734,1512,1541,3048,332,374,704,331,364,696,322,348,667,346,336,679,358,366,723,1679,1788,3472,339,401
SOSR131,2529,2464,4989,2863,2548,5407,2800,2570,5368,2901,2748,5651,2949,2907,5854,14047,13225,27273,3358,3062,6419,3416,3000,6416,3435,3232,6670,3742,3343,7089,3835,3515,7347,17787,16152,33938,3971,3686,7659,4102,3866,7961,4295,3844,8139,4129,3864,7990,4305,4057,8365,20793,19320,40115,4105,3866,7972,4074,3709,7786,3935,3583,7517,3697,3208,6907,3362,2891,6253,19179,17250,36426,3098,2684,5784,2973,2463,5437,2807,2270,5075,2620,2273,4895,2564,2189,4754,14066,11874,25946,2492,2124,4618,2504,2296,4798,2550,2326,4880,2442,2387,4830,2533,2458,4989,12519,11600,24119,2559,2588,5148,2617,2592,5210,2613,2643,5256,2639,2665,5312,2692,2748,5443,13125,13237,26363,2871,2787,5657,2840,2946,5779,2820,3100,5917,3050,3173,6227,3092,3163,6254,14674,15167,29844,3114,3248,6365,3148,3118,6271,3133,3217,6349,3212,3362,6576,3317,3423,6740,15925,16371,32295,3423,3577,7000,3637,3672,7310,3933,4038,7969,3997,4156,8150,4385,4560,8948,19376,20007,39379,4655,4562,9215,4192,4323,8508,4423,4477,8902,4230,4153,8382,4408,4365,8774,21900,21882,43783,4396,4321
SOSR179,0,0,0,0,0,0,0,0,0,0,0,0,0,0,0,0,0,0,0,0,0,0,0,0,0,0,0,0,0,0,0,0,0,0,0,0,0,0,0,0,0,0,0,0,0,0,0,0,0,0,0,0,0,0,0,0,0,0,0,0,0,0,0,0,0,0,0,0,0,0,0,0,0,0,0,0,0,0,0,0,0,0,0,0,0,0,0,0,0,0,0,0,0,0,0,0,0,0,0,0,0,0,0,0,0,0,0,0,0,0,0,0,0,0,0,0,0,0,0,0,0,0,0,0,0,0,0,0,0,0,0,0,0,0,0,0,0,0,0,0,0,0,0,0,0,0,0,0,0,0,0,0,0,0,0,0,0,0,0,0,0,0,0,0,0,0,0,0,0,0,0,0,0,0,0,0,0,0,0,0,0,0,0,0,0,0,0,0,0,0,0,0,0,0,0,0,0,0,0,0
SOSR199,51,33,89,55,46,101,50,37,95,48,50,102,45,38,82,258,203,460,39,44,86,44,45,89,34,46,78,49,45,98,42,50,84,199,227,428,28,44,73,41,41,77,28,33,60,48,43,93,34,26,59,185,185,369,33,50,83,47,49,96,51,60,114,58,67,121,62,60,123,253,279,532,60,70,135,75,87,158,91,77,169,89,90,171,91,99,189,411,418,829,115,106,223,122,103,220,101,117,219,120,123,242,127,82,211,586,533,1118,117,109,229,111,99,211,143,99,245,103,87,190,102,98,201,574,495,1068,124,77,203,90,79,177,129,87,212,117,68,185,103,78,176,562,392,954,111,79,189,101,61,161,134,79,214,94,72,166,105,62,168,542,357,902,101,63,160,104,76,177,130,68,192,117,65,183,97,64,161,540,332,877,106,75,185,78,66,145,113,69,182,84,49,136,82,72,153,473,333,801,103,62
SOSR201,26672,25544,52216,27487,25883,53370,27313,25934,53245,27771,26257,54026,28689,26880,55575,137937,130496,268436,29408,27717,57128,28953,27607,56555,29246,27354,56597,29371,28031,57398,28618,27353,55976,145589,138057,283650,27985,26453,54444,28138,27079,55223,27658,26057,53709,27717,26163,53876,27512,25852,53367,139017,131601,270616,26534,25069,51601,25973,24297,50273,25645,24152,49794,25768,24593,50366,26428,25810,52240,130354,123919,254272,29295,27817,57111,31088,29918,61004,31337,29915,61254,32338,30918,63260,34671,32638,67309,158734,151199,309933,36308,33842,70159,37246,35385,72637,37021,35851,72870,36665,36970,73636,36160,37525,73684,183403,179571,362982,37065,38990,76054,37439,39722,77160,37049,39422,76469,37199,39274,76467,37448,38640,76088,186191,196055,382245,37050,38898,75949,37113,38789,75898,36634,37584,74217,36839,37574,74416,35740,36172,71909,183372,189018,372394,34479,34609,69088,32732,32809,65539,31577,31776,63353,30213,30575,60792,29674,29843,59522,158676,159618,318296,29233,29637,58869,29127,30170,59299,28813,30593,59402,29093,30526,59616,29705,31795,61498,145964,152713,298676,29975,32780,62759,28503,30142,58643,27964,29656,57618,26929,28128,55063,25608,26865,52474,138982,147581,286563,25303,26683
SOSR203,2301,2281,4588,2339,2243,4583,2282,2209,4489,2337,2183,4526,2390,2354,4746,11651,11275,22929,2455,2361,4818,2441,2330,4773,2495,2341,4835,2397,2316,4716,2499,2322,4819,12285,11679,23967,2328,2113,4446,2341,2277,4615,2452,2262,4715,2356,2282,4633,2536,2288,4824,12017,11221,23235,2274,2227,4501,2243,2154,4398,2276,2207,4485,2218,2133,4351,2320,2383,4709,11331,11105,22438,2464,2460,4917,2567,2616,5178,2549,2761,5311,2673,2666,5340,2842,2755,5597,13088,13252,26344,2994,2851,5839,3172,3008,6178,2976,3039,6010,2879,2878,5764,2859,3020,5879,14877,14794,29672,2868,2855,5722,2687,2949,5639,2690,2810,5502,2599,2803,5397,2571,2759,5336,13414,14177,27592,2623,2834,5453,2558,2724,5285,2457,2654,5110,2424,2610,5038,2364,2532,4898,12427,13357,25788,2331,2572,4905,2114,2385,4498,2091,2392,4472,2229,2384,4609,2020,2338,4360,10778,12067,22846,2155,2329,4477,2191,2338,4534,2265,2403,4669,2222,2509,4722,2293,2592,4885,11116,12174,23291,2320,2568,4887,2155,2366,4525,2181,2349,4527,2056,2309,4359,1971,2212,4179,10682,11807,22485,1947,2221
SOSR211,901,866,1760,948,916,1866,1015,953,1971,933,916,1851,924,1000,1917,4709,4652,9361,940,963,1900,1007,946,1951,995,905,1899,896,909,1804,933,921,1850,4767,4643,9412,887,857,1741,823,831,1660,784,816,1601,769,828,1597,789,741,1528,4049,4071,8121,752,751,1505,684,627,1311,713,687,1398,720,623,1348,675,609,1286,3547,3305,6850,724,625,1349,699,649,1347,746,651,1397,686,674,1358,726,722,1450,3584,3319,6904,763,828,1590,801,826,1632,812,813,1621,819,892,1708,770,932,1702,3957,4292,8245,939,1045,1981,899,1086,1989,932,1014,1942,1017,1084,2102,971,997,1967,4759,5226,9980,1019,1085,2103,917,971,1891,893,931,1817,924,928,1850,806,840,1648,4564,4749,9310,872,830,1702,786,793,1579,739,759,1495,732,702,1428,645,717,1361,3775,3797,7570,655,641,1301,668,662,1329,680,651,1327,661,625,1295,679,693,1373,3339,3275,6617,669,692,1364,632,637,1264,568,656,1230,550,626,1175,508,592,1105,2929,3204,6137,553,537
SOSR212,1609,1529,3136,1583,1477,3058,1629,1582,3211,1695,1574,3268,1621,1608,3230,8135,7762,15901,1782,1694,3474,1753,1681,3438,1795,1693,3485,1908,1705,3614,1842,1634,3478,9078,8404,17488,1787,1679,3463,1869,1707,3577,1760,1725,3483,1790,1634,3430,1753,1668,3423,8965,8414,17374,1658,1641,3297,1597,1468,3060,1598,1461,3054,1548,1486,3023,1455,1361,2815,7851,7411,15267,1452,1319,2780,1378,1368,2747,1453,1376,2826,1478,1461,2934,1510,1589,3102,7275,7109,14390,1552,1593,3151,1659,1735,3398,1684,1698,3384,1651,1740,3391,1713,1873,3588,8265,8640,16905,1750,1884,3633,1686,1959,3647,1661,1796,3454,1754,1849,3609,1670,1821,3488,8517,9316,17831,1631,1865,3491,1723,1847,3572,1669,1803,3473,1707,1805,3513,1621,1813,3436,8358,9129,17483,1626,1812,3438,1561,1692,3247,1536,1744,3283,1544,1609,3159,1582,1672,3252,7844,8529,16375,1546,1612,3159,1536,1734,3271,1562,1767,3324,1619,1724,3339,1689,1815,3509,7955,8649,16604,1687,1965,3649,1595,1740,3331,1630,1668,3298,1523,1618,3143,1444,1585,3024,7885,8578,16458,1443,1615
SOSR213,1434,1424,2857,1561,1458,3019,1580,1551,3126,1535,1501,3030,1555,1471,3024,7663,7398,15057,1661,1523,3184,1626,1473,3105,1534,1601,3133,1644,1478,3122,1574,1515,3092,8043,7589,15629,1560,1456,3016,1563,1569,3133,1627,1415,3046,1563,1492,3050,1668,1484,3147,7979,7414,15397,1522,1401,2920,1406,1314,2718,1476,1377,2847,1450,1339,2782,1344,1210,2554,7189,6636,13824,1340,1220,2556,1268,1208,2478,1296,1270,2572,1323,1242,2563,1360,1416,2775,6587,6360,12946,1378,1464,2846,1550,1520,3066,1584,1600,3183,1533,1689,3226,1587,1590,3184,7633,7869,15502,1543,1621,3172,1569,1726,3295,1579,1680,3259,1493,1615,3105,1474,1580,3047,7659,8219,15883,1600,1657,3256,1523,1685,3210,1500,1646,3147,1436,1556,2997,1469,1585,3053,7532,8132,15664,1403,1553,2952,1262,1383,2645,1300,1408,2710,1377,1413,2794,1315,1470,2782,6648,7223,13873,1329,1521,2850,1312,1493,2803,1443,1540,2985,1463,1511,2978,1490,1619,3108,7038,7686,14722,1571,1661,3232,1466,1631,3094,1416,1621,3037,1361,1480,2842,1368,1576,2948,7182,7976,15155,1349,1447
SOSR214,761,729,1485,723,645,1362,702,741,1444,799,744,1548,769,764,1532,3748,3619,7369,860,770,1627,824,739,1565,822,817,1638,845,717,1561,792,793,1593,4146,3841,7986,858,781,1642,767,734,1503,809,767,1567,834,757,1596,820,844,1663,4091,3879,7973,828,790,1617,758,718,1476,779,716,1492,774,686,1459,686,592,1280,3819,3501,7320,702,576,1278,670,640,1307,739,619,1361,683,601,1282,661,666,1321,3443,3105,6544,692,695,1383,775,687,1464,766,807,1581,746,760,1510,773,809,1584,3760,3759,7517,809,847,1651,755,821,1581,732,835,1570,762,838,1597,817,812,1629,3871,4157,8031,749,916,1660,821,818,1633,749,809,1561,712,794,1506,661,775,1431,3687,4111,7801,738,751,1485,707,755,1463,697,782,1480,715,745,1461,693,777,1473,3558,3804,7358,741,742,1480,697,822,1521,749,864,1620,809,856,1668,830,902,1729,3830,4191,8023,842,948,1793,748,874,1622,859,920,1779,804,930,1731,806,932,1735,4063,4596,8659,787,898
SOSR215,1250,1204,2457,1207,1184,2387,1271,1190,2463,1376,1216,2598,1299,1197,2496,6408,5995,12403,1435,1295,2730,1431,1294,2729,1403,1276,2684,1402,1334,2724,1440,1398,2841,7108,6595,13709,1366,1336,2698,1419,1353,2770,1400,1385,2779,1464,1306,2767,1434,1355,2789,7081,6723,13806,1345,1285,2624,1231,1174,2404,1242,1224,2466,1103,1034,2136,1098,872,1967,6021,5588,11608,948,923,1866,1021,867,1888,1034,934,1973,1033,873,1911,1003,984,1990,5036,4582,9623,1032,971,2005,1059,1147,2202,1225,1205,2422,1188,1335,2527,1270,1257,2526,5773,5915,11687,1246,1282,2524,1305,1351,2661,1245,1259,2507,1243,1311,2552,1188,1384,2572,6224,6589,12810,1206,1277,2483,1260,1403,2664,1230,1340,2571,1225,1345,2578,1194,1359,2559,6118,6738,12855,1236,1299,2535,1144,1255,2403,1221,1177,2404,1204,1254,2455,1143,1313,2454,5952,6301,12250,1193,1295,2486,1237,1277,2511,1263,1415,2675,1322,1392,2711,1328,1483,2815,6343,6855,13204,1444,1532,2977,1332,1410,2744,1283,1493,2775,1361,1372,2735,1288,1360,2650,6711,7172,13883,1306,1433
SOSR221,300,290,593,304,325,628,308,318,624,340,300,638,324,338,655,1575,1571,3146,366,325,695,336,369,704,388,350,736,412,338,745,370,332,703,1865,1720,3588,388,334,722,400,359,762,384,385,767,382,355,735,364,357,720,1919,1786,3708,375,357,729,318,326,647,331,310,642,255,297,555,283,246,533,1569,1537,3103,278,216,493,256,212,471,260,217,473,231,222,454,237,237,466,1257,1103,2351,264,239,508,273,239,516,265,272,534,265,296,556,272,308,572,1338,1349,2690,300,340,638,315,306,619,309,340,649,294,316,608,305,363,670,1514,1667,3182,337,332,671,290,350,639,306,365,675,344,365,709,324,345,666,1601,1758,3359,329,348,673,315,350,667,320,328,642,348,327,677,336,328,667,1644,1672,3323,354,330,684,363,366,726,336,342,678,352,414,766,363,454,809,1767,1905,3675,433,411,840,389,438,826,428,414,840,395,427,814,387,438,828,2030,2129,4157,410,420
SOSR222,144,134,281,165,141,308,149,164,312,158,142,300,172,153,328,791,739,1531,171,185,359,177,173,345,190,195,386,170,188,357,194,197,391,906,932,1841,209,200,408,215,179,391,225,192,412,220,209,434,222,201,424,1089,982,2067,185,197,384,176,142,316,166,146,310,179,180,359,149,164,316,848,831,1684,161,155,316,133,151,286,150,115,264,152,133,287,146,131,282,737,685,1426,152,135,286,152,134,279,153,153,309,168,188,354,154,146,309,776,755,1535,177,182,358,188,165,356,191,157,347,139,188,327,169,182,348,865,871,1736,172,177,350,170,167,343,173,203,376,196,209,406,167,170,336,878,931,1809,179,191,369,158,169,326,159,173,336,176,185,364,185,216,399,857,939,1798,189,194,383,180,196,380,184,198,376,226,220,442,232,248,482,1016,1060,2073,251,229,480,212,216,433,248,234,482,244,260,504,229,211,444,1185,1154,2342,249,238
SOSR231,1806,1796,3610,1857,1782,3638,1915,1971,3884,2154,1937,4096,2092,2038,4121,9827,9524,19348,2386,2232,4616,2379,2269,4643,2451,2358,4817,2744,2417,5159,2782,2502,5279,12737,11776,24517,2718,2656,5372,2931,2749,5678,3054,2711,5766,3042,2734,5777,3145,3024,6165,14889,13863,28752,3057,2830,5881,2875,2703,5581,2741,2620,5359,2618,2396,5011,2462,2079,4542,13752,12624,26374,2310,1974,4286,2150,1898,4049,2067,1717,3785,2017,1599,3619,1897,1569,3464,10442,8759,19202,1864,1675,3540,1785,1693,3478,1793,1735,3532,1869,1702,3574,1909,1848,3754,9232,8653,17880,1986,1777,3763,1931,1924,3854,2028,1886,3907,1958,2094,4054,2126,2065,4197,10032,9745,19780,2225,2135,4361,2209,2285,4495,2238,2268,4504,2360,2284,4643,2186,2344,4530,11216,11318,22536,2287,2394,4679,2401,2358,4758,2400,2316,4717,2517,2488,5001,2590,2551,5144,12197,12112,24312,2616,2526,5145,2739,2791,5530,2909,2918,5831,2832,2938,5768,3339,3311,6644,14434,14484,28923,3447,3494,6940,3326,3254,6581,3429,3579,7010,3362,3314,6676,3391,3252,6647,16957,16892,33853,3419,3437
SOSR279,0,0,0,0,0,0,0,0,0,0,0,0,0,0,0,0,0,0,0,0,0,0,0,0,0,0,0,0,0,0,0,0,0,0,0,0,0,0,0,0,0,0,0,0,0,0,0,0,0,0,0,0,0,0,0,0,0,0,0,0,0,0,0,0,0,0,0,0,0,0,0,0,0,0,0,0,0,0,0,0,0,0,0,0,0,0,0,0,0,0,0,0,0,0,0,0,0,0,0,0,0,0,0,0,0,0,0,0,0,0,0,6,0,6,0,0,0,0,0,0,0,0,0,6,0,6,0,0,0,0,0,0,0,0,0,3,0,3,0,0,0,3,0,3,5,0,5,0,0,0,3,0,3,0,0,0,0,0,0,10,0,10,0,0,0,0,0,0,0,0,0,0,0,0,0,0,0,0,0,0,3,0,3,0,0,0,0,0,0,0,0,0,0,0,0,3,0,3,0,0
SOSR299,43,47,90,45,36,77,49,50,100,52,23,74,38,35,76,222,189,414,39,36,79,28,43,74,47,26,74,52,40,91,38,40,78,208,181,393,30,35,72,37,37,76,31,35,73,25,37,64,27,33,56,161,175,334,36,24,58,32,38,66,36,48,80,54,54,107,73,69,140,234,229,459,65,67,133,65,71,136,74,60,136,63,65,134,77,58,135,345,321,671,107,75,181,84,86,170,106,89,197,96,86,179,83,114,195,474,450,928,131,109,240,98,83,182,81,62,144,88,97,187,61,74,138,463,425,892,159,87,251,81,92,176,106,83,192,85,65,154,83,74,161,515,416,929,142,81,224,97,84,182,89,62,150,69,52,117,88,44,131,488,321,806,140,61,199,78,32,107,87,42,124,99,44,148,87,59,147,483,238,723,134,50,186,87,49,138,68,62,136,60,52,116,69,32,100,427,242,668,100,44
SOSR301,13819,13016,26832,13922,13342,27260,14340,13437,27781,14205,13443,27644,14819,13812,28632,71101,67049,138151,15136,14637,29770,15278,14458,29737,15675,14685,30353,15825,14790,30617,15578,14733,30317,77488,73304,150791,15296,14777,30071,15768,14969,30734,15701,14747,30447,15517,14615,30131,15559,14398,29959,77839,73512,151349,14965,13927,28893,14700,13582,28280,14116,13516,27633,14217,13817,28035,14976,14998,29971,72975,69837,142815,16045,15692,31736,16149,16094,32244,16263,16289,32552,16745,16442,33188,16759,16923,33678,81963,81441,163409,17333,17031,34365,17455,17688,35138,17334,17500,34832,17005,17437,34438,16816,18063,34878,85940,87716,173655,17361,18365,35731,17615,18329,35946,17141,18005,35147,17117,18001,35125,16741,17815,34555,85979,90517,176495,17302,18341,35641,17180,18284,35468,16983,17932,34915,17191,18319,35507,16926,17284,34217,85580,90166,175745,16539,16935,33473,15604,16451,32053,15258,15725,30983,14940,15495,30434,14515,15375,29884,76852,79982,156827,14754,15277,30031,14611,15480,30094,14786,15501,30283,15129,15957,31079,15380,16108,31496,74663,78320,152993,15572,16336,31906,14386,15223,29608,13766,14454,28224,13172,13860,27035,12842,13577,26421,69743,73452,143194,12362,12889
SOSR302,4578,4187,8764,4647,4336,8989,4796,4417,9214,4808,4560,9366,5039,4669,9702,23868,22176,46039,5307,4990,10296,5312,4890,10203,5469,5245,10715,5546,5251,10798,5472,5356,10826,27107,25737,52846,5631,5276,10910,5602,5475,11076,5555,5586,11142,5895,5372,11268,5828,5291,11120,28512,27004,55518,5657,5232,10894,5322,5143,10457,5392,4968,10364,4938,5099,10035,4947,5054,10001,26252,25492,51749,5126,5398,10524,5153,5392,10539,5123,5337,10456,5060,5442,10499,5131,5523,10652,25595,27087,52677,5271,5619,10890,5524,5772,11299,5466,5808,11273,5573,6018,11589,5625,6027,11650,27460,29239,56700,5699,6183,11878,5682,6305,11989,5432,6167,11598,5607,6128,11730,5566,6195,11764,27975,30975,58955,5652,6179,11834,5661,6225,11889,5554,6264,11822,5936,6499,12437,5717,6195,11908,28524,31358,59883,5838,6201,12038,5529,5970,11500,5588,6135,11727,5406,5832,11244,5262,5876,11137,27618,30020,57637,5468,5936,11404,5594,6167,11755,5892,6178,12070,6006,6519,12523,6057,6675,12735,29011,31474,60487,6297,6797,13093,5756,6222,11974,5562,6081,11641,5117,5782,10900,5130,5658,10787,27869,30537,58401,5110,5731
SOSR303,2437,2342,4786,2611,2393,5003,2471,2411,4883,2699,2529,5223,2650,2493,5142,12864,12175,25034,2770,2684,5454,2920,2613,5530,2810,2786,5590,2904,2696,5604,3007,2834,5840,14408,13605,28015,2925,2843,5774,2976,2900,5878,3089,2897,5985,3142,3044,6185,3172,2991,6161,15298,14682,29978,2987,3002,5990,2875,2862,5739,2819,2715,5532,2732,2782,5508,2819,2739,5564,14238,14099,28337,2987,2869,5854,3133,2924,6058,3028,3016,6042,3146,2991,6137,3091,2999,6085,15390,14789,30179,3214,3045,6260,3172,3143,6318,3244,3188,6431,3165,3166,6330,3044,3188,6233,15838,15732,31572,3052,3145,6196,3005,3164,6174,2874,3082,5953,2727,3080,5810,2783,2984,5768,14442,15462,29896,2880,3174,6053,2732,2972,5708,2878,3129,6003,2830,3166,6001,2746,3026,5777,14074,15469,29543,2727,2932,5666,2661,2801,5465,2490,2847,5338,2487,2813,5294,2628,2794,5429,12998,14201,27199,2648,2863,5507,2590,2921,5510,2643,2835,5484,2861,3074,5938,2898,3094,5990,13647,14786,28430,3078,3127,6202,2770,2900,5673,2648,2945,5587,2596,2723,5320,2497,2692,5188,13582,14384,27965,2507,2555
SOSR311,1326,1292,2616,1490,1276,2765,1450,1328,2777,1419,1340,2756,1433,1432,2866,7113,6669,13776,1575,1494,3064,1617,1531,3150,1642,1568,3207,1653,1580,3236,1685,1545,3228,8178,7719,15895,1648,1643,3293,1694,1621,3315,1772,1761,3528,1728,1694,3423,1853,1685,3537,8696,8396,17095,1695,1614,3306,1679,1606,3288,1622,1565,3180,1368,1255,2623,1411,1310,2718,7775,7345,15119,1419,1392,2816,1395,1341,2739,1405,1373,2782,1411,1526,2935,1557,1549,3103,7186,7181,14374,1497,1515,3014,1556,1531,3087,1485,1629,3110,1553,1630,3178,1580,1616,3201,7670,7917,15580,1503,1666,3167,1524,1598,3120,1406,1553,2953,1538,1550,3093,1556,1626,3182,7527,7986,15514,1435,1530,2961,1497,1689,3187,1544,1673,3212,1530,1627,3151,1563,1599,3164,7562,8118,15680,1467,1514,2985,1477,1519,2996,1405,1441,2847,1241,1430,2676,1422,1400,2823,7021,7306,14327,1397,1469,2872,1416,1478,2892,1491,1535,3025,1509,1634,3139,1476,1752,3222,7287,7859,15148,1524,1802,3327,1543,1650,3190,1447,1548,2991,1511,1500,3013,1496,1515,3012,7523,8016,15532,1467,1490
SOSR312,472,455,922,471,471,949,487,490,974,545,524,1065,513,483,997,2481,2420,4899,535,538,1074,521,570,1094,569,562,1123,584,589,1174,614,590,1202,2821,2847,5668,612,581,1199,623,555,1186,674,575,1249,658,667,1323,650,606,1255,3219,2990,6204,645,609,1255,594,585,1177,563,561,1127,539,470,1006,526,482,1009,2865,2705,5574,494,479,971,580,453,1035,465,455,917,486,505,986,480,497,982,2507,2385,4896,509,540,1046,486,508,996,520,485,1003,557,553,1105,545,523,1074,2619,2609,5227,540,558,1094,525,498,1023,505,540,1050,536,567,1104,513,554,1069,2625,2721,5339,542,575,1122,510,587,1100,543,569,1114,526,569,1096,510,566,1082,2639,2871,5510,558,564,1120,515,524,1040,507,554,1064,515,537,1053,542,558,1101,2635,2738,5378,523,568,1093,543,582,1124,606,597,1203,579,642,1219,624,685,1308,2871,3076,5944,624,652,1279,586,616,1204,585,618,1197,581,610,1187,569,645,1210,2949,3132,6085,613,661
SOSR313,1055,974,2033,1185,1046,2232,1171,1029,2207,1123,1077,2199,1177,1059,2236,5703,5188,10890,1151,1219,2373,1233,1166,2399,1190,1220,2413,1184,1128,2311,1161,1158,2323,5917,5897,11811,1246,1224,2465,1280,1185,2465,1297,1178,2475,1319,1198,2517,1175,1127,2309,6317,5910,12227,1160,1143,2306,1137,1015,2156,1093,959,2059,962,870,1832,922,760,1687,5279,4754,10032,891,862,1750,904,879,1780,920,977,1892,914,1023,1934,961,999,1962,4585,4740,9324,1011,1064,2075,1051,1023,2070,1140,1157,2302,1124,1143,2263,1111,1245,2354,5438,5630,11066,1075,1179,2253,1104,1176,2279,1059,1128,2187,1052,1119,2166,1000,1140,2136,5284,5737,11022,1018,1136,2157,1045,1160,2213,1039,1085,2125,1053,1144,2199,986,1058,2046,5149,5589,10737,986,1088,2072,914,970,1887,957,1008,1966,879,976,1849,892,979,1871,4628,5017,9645,872,958,1830,910,911,1824,944,1005,1950,971,951,1921,960,1071,2031,4663,4896,9554,1100,1047,2142,922,958,1887,918,1068,1985,855,944,1792,865,960,1825,4663,4973,9630,838,911
SOSR314,935,910,1845,989,995,1990,1075,977,2051,1066,1010,2070,1132,1015,2150,5196,4912,10109,1167,1087,2247,1182,1121,2304,1218,1123,2341,1181,1148,2326,1247,1224,2465,5991,5692,11683,1217,1190,2410,1225,1267,2493,1239,1246,2484,1397,1170,2567,1261,1165,2425,6343,6035,12380,1224,1147,2369,1179,1077,2249,1029,1042,2070,995,899,1892,909,813,1721,5332,4973,10301,950,866,1819,928,848,1773,902,846,1750,926,902,1831,929,928,1862,4640,4394,9031,970,1015,1988,1047,1034,2080,1046,1079,2120,1089,1133,2221,1078,1158,2237,5230,5405,10638,1073,1133,2206,1075,1140,2212,1088,1168,2260,1015,1119,2130,1069,1101,2166,5317,5663,10976,1019,1135,2150,1019,1109,2129,1038,1103,2140,1154,1165,2321,1050,1113,2163,5273,5630,10904,986,1077,2061,976,1039,2017,962,1005,1972,902,1020,1924,947,1000,1950,4777,5148,9922,987,1045,2030,978,996,1970,1010,1070,2076,1091,1119,2210,1098,1170,2267,5157,5402,10561,1136,1196,2333,996,1100,2102,1074,1105,2179,1006,1018,2026,993,1018,2006,5205,5438,10642,934,1037
SOSR315,1421,1326,2745,1561,1375,2939,1443,1437,2888,1501,1467,2970,1555,1486,3043,7485,7100,14585,1664,1548,3213,1671,1570,3237,1742,1598,3339,1767,1701,3470,1724,1700,3417,8562,8118,16680,1800,1752,3547,1823,1661,3487,1851,1690,3544,1706,1661,3363,1773,1635,3406,8948,8402,17349,1664,1571,3236,1592,1513,3107,1491,1431,2913,1340,1260,2603,1379,1209,2583,7463,6984,14444,1318,1245,2559,1333,1219,2548,1277,1212,2492,1351,1276,2622,1341,1300,2637,6610,6247,12864,1406,1402,2803,1415,1421,2841,1465,1546,3009,1574,1529,3104,1561,1648,3212,7420,7542,14963,1606,1662,3268,1532,1575,3112,1548,1647,3195,1435,1494,2932,1540,1473,3017,7665,7855,15519,1437,1573,3013,1469,1566,3030,1502,1580,3077,1521,1628,3150,1449,1476,2928,7370,7824,15195,1510,1603,3109,1412,1469,2885,1433,1473,2905,1341,1384,2730,1429,1460,2884,7132,7388,14522,1452,1444,2899,1451,1506,2958,1554,1544,3100,1505,1596,3104,1702,1723,3426,7674,7817,15489,1719,1754,3471,1562,1607,3169,1611,1625,3234,1586,1561,3145,1562,1572,3136,8044,8115,16158,1505,1589
SOSR321,478,428,911,508,507,1016,540,456,999,553,491,1040,583,546,1125,2663,2430,5094,619,564,1184,621,585,1208,676,591,1267,689,609,1296,656,677,1327,3259,3025,6284,670,656,1326,718,649,1365,721,621,1347,754,657,1412,672,611,1281,3530,3210,6739,682,630,1310,640,564,1202,541,549,1092,517,467,988,491,411,906,2878,2619,5498,471,402,877,446,418,868,443,422,856,437,392,830,459,428,881,2254,2059,4316,467,407,874,414,504,921,482,454,933,487,499,980,503,530,1039,2349,2400,4752,482,504,982,494,503,992,504,546,1044,469,519,992,493,514,1011,2438,2582,5026,528,566,1093,496,568,1061,547,566,1113,541,594,1140,530,572,1104,2646,2873,5519,569,554,1121,519,541,1058,526,515,1036,564,535,1100,485,575,1059,2659,2720,5375,529,585,1109,605,581,1190,600,621,1218,634,661,1293,629,687,1316,2990,3132,6122,693,687,1381,669,679,1341,678,678,1354,673,676,1353,677,655,1333,3382,3372,6756,597,693
SOSR322,219,221,435,238,249,488,261,245,502,224,213,435,237,259,491,1178,1181,2357,265,265,534,278,262,538,271,241,515,261,267,527,287,280,572,1368,1317,2681,277,288,567,288,308,598,302,227,531,238,241,485,281,255,540,1390,1331,2719,251,228,479,210,218,424,225,176,401,203,187,387,198,167,359,1082,975,2051,194,186,377,203,183,377,214,197,403,194,198,390,193,220,416,991,972,1970,192,206,404,190,225,414,220,202,419,217,225,444,223,238,463,1049,1096,2138,186,247,436,231,215,447,219,229,446,208,227,436,221,253,478,1068,1176,2244,218,226,440,236,228,468,199,219,421,216,237,451,196,214,411,1067,1123,2195,227,249,478,208,207,422,190,237,421,201,192,394,243,226,473,1073,1122,2190,206,232,436,210,240,456,247,265,511,281,257,544,291,293,587,1243,1283,2525,282,327,605,286,278,572,265,308,571,324,298,624,310,264,578,1471,1480,2948,320,303
SOSR331,1966,1948,3918,2118,1969,4089,2132,2035,4169,2290,2131,4420,2275,2134,4406,10777,10221,20997,2506,2309,4816,2582,2473,5046,2696,2546,5241,2879,2650,5533,3009,2804,5806,13662,12779,26437,3089,2787,5878,3129,2996,6124,3300,2902,6198,3249,2950,6201,3252,2920,6168,16015,14561,30578,3174,2959,6131,3077,2711,5784,2800,2744,5542,2678,2353,5034,2394,2135,4521,14115,12901,27016,2267,1973,4240,2273,1889,4157,2100,1741,3846,2027,1760,3785,2041,1688,3728,10707,9058,19762,1950,1791,3735,2078,1916,3992,2162,1811,3969,2111,2008,4118,2074,2062,4139,10374,9591,19958,2215,2110,4329,2267,2092,4360,2141,2157,4302,2109,2149,4263,2300,2242,4543,11033,10753,21788,2469,2274,4746,2444,2531,4974,2426,2507,4934,2593,2604,5194,2675,2581,5253,12606,12502,25105,2585,2666,5256,2554,2583,5137,2638,2632,5275,2602,2660,5265,2869,2845,5713,13251,13387,26638,2786,2909,5698,3032,2909,5945,3289,3189,6483,3450,3355,6806,3611,3499,7108,16170,15867,32035,3679,3710,7393,3552,3526,7070,3646,3526,7174,3410,3435,6845,3664,3400,7066,17962,17584,35544,3579,3513
SOSR379,0,0,0,0,0,0,0,0,0,0,0,0,0,0,0,0,0,0,0,0,0,0,0,0,0,0,0,0,0,0,0,0,0,0,0,0,0,0,0,0,0,0,0,0,0,0,0,0,0,0,0,0,0,0,0,0,0,0,0,0,0,0,0,0,0,0,0,0,0,0,0,0,0,4,4,0,0,0,0,0,0,0,0,0,9,5,9,4,9,16,4,5,7,0,0,0,11,0,11,0,0,3,3,3,7,15,11,25,0,0,0,6,0,6,0,0,0,10,0,7,3,5,6,17,4,24,3,0,7,4,0,5,7,0,13,0,3,3,12,0,12,33,3,34,10,0,10,3,0,3,4,0,6,3,0,8,0,0,0,26,6,26,8,0,8,0,0,0,7,0,7,8,0,8,3,0,3,26,0,26,5,0,5,0,0,5,4,0,4,0,0,0,4,0,4,16,0,18,0,0
SOSR399,40,36,69,58,57,110,73,35,109,64,48,110,43,58,102,277,229,504,51,49,104,63,50,114,48,48,98,47,48,102,47,49,94,260,249,509,58,46,102,45,54,98,58,41,94,45,29,73,28,36,67,219,207,424,50,47,95,45,65,109,50,61,110,52,45,98,83,72,155,272,291,566,71,83,151,84,93,172,76,91,162,94,103,197,123,120,243,444,493,934,118,137,255,135,178,315,117,129,250,134,151,281,142,162,308,642,762,1404,156,145,300,126,116,243,142,111,250,103,106,208,136,96,226,660,582,1242,146,101,249,110,85,197,117,89,211,131,82,217,113,89,204,617,454,1077,124,102,228,104,93,191,139,76,217,79,79,165,132,71,204,575,425,1005,112,84,194,106,79,186,120,76,193,106,79,187,126,89,217,567,408,976,102,111,213,93,104,198,99,92,193,102,88,190,82,86,164,478,484,959,90,112
SOSR401,6754,6461,13217,6857,6489,13342,6758,6470,13229,7055,6474,13531,7085,6685,13766,34504,32582,67086,7398,7010,14413,7385,6979,14363,7503,7011,14513,7481,7114,14588,7619,7087,14708,37388,35200,72585,7271,7015,14283,7537,6888,14430,7319,7000,14321,7325,7112,14436,7320,7009,14328,36769,35023,71788,7200,6774,13974,6896,6554,13453,7161,6629,13786,7076,6786,13864,7307,6988,14295,35644,33732,69374,7873,7697,15570,8446,8067,16512,8574,8118,16695,8705,8273,16974,8945,8530,17472,42541,40690,83229,9224,8750,17971,9428,8789,18215,8882,8780,17668,8980,8855,17837,8824,8895,17720,45339,44072,89409,8840,9011,17853,8799,9103,17899,8801,8966,17768,8691,9131,17820,8652,9136,17791,43784,45351,89132,8803,9202,18004,8863,9118,17978,8881,9142,18017,8840,9019,17858,8343,8627,16971,43726,45107,88835,8313,8530,16846,7898,7996,15897,7770,7882,15650,7374,7667,15039,7677,7673,15349,39036,39749,78786,7431,7396,14827,7600,7496,15096,7505,7737,15247,7656,7881,15538,8006,8337,16341,38207,38841,77050,8248,8366,16618,7783,7985,15767,7651,7937,15584,7501,7812,15309,7182,7570,14748,38363,39662,78031,7255,7707
SOSR412,583,512,1098,584,507,1087,598,534,1127,573,534,1105,564,603,1167,2896,2688,5579,590,565,1156,631,563,1194,647,585,1227,631,630,1257,659,617,1273,3155,2952,6111,674,608,1285,641,635,1279,666,590,1257,700,625,1328,620,661,1282,3305,3122,6424,634,556,1197,641,634,1276,616,584,1205,574,558,1128,563,551,1115,3029,2892,5922,589,535,1128,574,531,1108,539,565,1108,616,583,1200,627,637,1270,2955,2851,5809,613,601,1211,651,634,1287,616,668,1278,657,620,1275,613,681,1293,3145,3210,6355,602,639,1246,602,636,1237,595,595,1188,596,616,1212,626,628,1255,3023,3114,6139,599,652,1248,586,598,1188,598,670,1265,533,616,1149,582,608,1194,2903,3142,6045,542,595,1131,500,611,1114,542,575,1116,570,552,1125,501,549,1046,2650,2876,5530,545,586,1134,570,622,1193,562,663,1223,544,647,1194,655,698,1349,2879,3211,6082,661,697,1358,636,713,1348,643,649,1290,614,653,1268,595,622,1217,3148,3327,6479,600,641
SOSR413,465,385,845,458,413,871,479,453,927,481,492,971,488,447,935,2360,2196,4553,498,482,981,455,505,953,541,546,1089,523,498,1018,528,540,1072,2548,2568,5115,554,512,1063,580,531,1115,585,572,1159,561,557,1118,538,550,1093,2823,2720,5545,587,539,1125,555,529,1083,509,519,1028,482,409,891,471,438,916,2604,2438,5035,454,408,855,475,413,889,471,448,912,447,430,875,497,530,1027,2336,2223,4559,475,447,919,534,461,992,475,460,939,487,484,971,504,509,1013,2471,2360,4832,508,518,1022,515,485,1002,537,471,1001,525,517,1039,489,499,989,2579,2478,5062,578,503,1081,532,520,1049,508,511,1016,492,493,985,497,486,976,2598,2509,5112,464,459,919,452,457,910,438,432,871,466,506,973,470,506,975,2295,2359,4655,534,539,1075,494,506,993,521,519,1040,521,589,1101,539,619,1154,2601,2763,5365,612,610,1225,580,608,1191,578,620,1199,545,549,1091,513,532,1043,2833,2917,5752,552,514
SOSR414,191,149,340,154,140,290,144,159,307,157,154,308,157,155,311,803,755,1555,178,147,323,169,171,343,177,148,324,176,163,336,152,187,342,843,818,1662,178,179,362,186,180,367,166,187,351,175,181,352,191,191,381,903,910,1812,182,176,352,165,157,324,155,146,301,139,152,290,156,147,302,795,771,1567,140,136,281,141,121,266,138,130,268,137,161,299,151,146,300,708,700,1408,166,161,329,144,176,317,159,168,338,157,162,328,165,177,338,797,850,1646,181,160,346,192,194,394,172,151,325,154,152,310,170,159,334,875,824,1702,170,188,354,140,188,331,171,189,362,179,185,360,148,198,351,805,954,1754,165,174,340,177,167,341,172,149,320,142,174,316,139,163,294,786,836,1619,150,155,304,173,177,346,175,184,365,171,170,340,200,198,398,876,889,1757,192,204,401,170,202,374,176,203,378,177,174,348,173,184,354,889,968,1855,148,202
SOSR415,622,574,1200,546,606,1151,606,591,1193,640,614,1251,636,593,1227,3040,2979,6023,664,687,1347,656,610,1270,677,701,1384,726,720,1442,713,685,1400,3440,3407,6844,713,658,1371,730,688,1416,697,674,1370,698,683,1385,705,689,1395,3543,3391,6933,693,609,1297,659,614,1271,616,573,1185,609,519,1127,541,509,1049,3116,2819,5938,514,484,1005,592,462,1058,570,490,1063,575,551,1124,539,525,1067,2802,2513,5315,637,578,1213,643,608,1256,599,620,1216,616,679,1288,606,637,1244,3096,3123,6216,667,633,1296,634,637,1273,652,642,1299,613,672,1289,552,680,1234,3124,3269,6392,623,648,1267,656,680,1331,612,702,1311,646,644,1290,621,682,1308,3149,3361,6507,639,625,1260,595,613,1207,583,587,1170,605,602,1210,575,630,1204,2991,3055,6050,627,619,1248,579,641,1223,643,652,1288,689,752,1441,681,733,1417,3215,3401,6617,742,855,1593,719,773,1499,744,729,1476,711,741,1451,707,732,1438,3621,3833,7455,707,721
SOSR421,170,150,315,166,156,325,153,160,315,140,162,300,175,167,341,798,793,1593,152,162,318,172,166,337,171,177,347,180,191,371,198,192,391,880,888,1763,176,170,347,215,164,383,205,204,405,167,180,349,215,186,400,978,900,1876,167,162,326,168,173,339,171,153,327,184,153,333,130,130,258,815,777,1591,142,118,261,138,157,294,132,141,276,137,123,262,148,131,283,700,674,1374,131,169,296,151,142,290,159,155,313,170,149,324,127,172,302,734,783,1514,169,154,328,162,167,331,156,170,328,151,161,315,165,193,359,803,856,1656,167,187,354,173,178,347,172,179,349,180,174,356,172,153,332,861,875,1732,163,159,325,143,153,294,144,184,329,152,154,305,166,169,338,776,821,1598,144,160,301,148,183,329,168,189,361,193,208,399,211,211,423,864,952,1820,201,219,417,184,205,391,219,199,421,228,187,408,202,214,419,1031,1025,2057,195,245
SOSR422,63,71,138,76,86,161,104,88,198,90,98,194,112,87,200,441,437,882,96,106,197,109,89,196,97,81,176,111,89,197,94,82,177,503,447,948,96,93,185,98,103,205,112,110,224,124,105,233,107,104,206,538,521,1059,104,94,195,113,99,208,88,84,174,83,83,173,94,68,159,490,427,915,99,63,162,92,62,154,81,68,149,71,95,163,85,75,162,425,366,787,81,73,155,96,82,181,94,86,183,75,97,174,77,90,166,423,422,849,91,115,207,94,97,190,119,101,216,86,93,180,93,101,192,483,507,989,91,100,189,79,104,189,112,76,192,78,84,162,93,75,166,454,445,900,78,92,166,78,89,166,93,94,189,89,108,196,96,106,204,435,482,920,84,103,193,91,105,202,108,90,189,128,120,247,132,112,246,543,537,1075,124,126,254,158,123,284,142,116,259,143,146,283,125,122,246,691,636,1323,148,147
SOSR431,607,650,1262,643,643,1282,704,690,1393,741,686,1425,733,719,1450,3427,3386,6812,851,813,1662,828,770,1600,879,819,1701,938,771,1712,980,925,1905,4473,4094,8571,962,855,1822,990,924,1912,1030,933,1960,998,963,1957,1035,912,1941,5011,4588,9593,1008,880,1887,893,849,1742,948,826,1779,813,780,1590,888,744,1638,4556,4075,8627,784,631,1411,734,608,1344,711,624,1337,684,526,1209,668,517,1183,3577,2908,6493,681,490,1168,621,623,1242,635,567,1199,649,616,1266,606,578,1179,3186,2877,6062,689,605,1293,661,639,1301,713,682,1393,665,651,1315,744,661,1410,3480,3238,6711,689,785,1475,780,736,1512,771,770,1538,845,790,1637,818,827,1645,3901,3911,7812,814,813,1626,871,826,1699,842,747,1591,846,776,1626,839,892,1735,4219,4062,8279,883,930,1817,939,914,1856,996,895,1896,1030,964,1993,1074,1084,2155,4924,4787,9713,1192,1169,2360,1176,1113,2285,1228,1177,2402,1218,1122,2339,1230,1108,2331,6036,5685,11723,1218,1082
SOSR479,0,0,0,0,0,0,0,0,0,0,0,0,0,0,0,0,0,0,0,0,0,0,0,0,0,0,0,0,0,0,0,0,0,0,0,0,0,0,0,0,0,0,0,0,0,0,0,0,0,0,0,0,0,0,0,0,0,0,0,0,0,0,0,0,0,0,0,0,0,0,0,0,0,0,0,0,0,0,0,0,0,0,0,0,0,0,0,0,0,0,0,0,0,0,0,0,0,0,0,0,0,0,0,0,0,0,0,0,0,0,0,0,0,0,0,0,0,0,0,0,0,0,0,0,0,0,0,0,0,0,0,0,0,0,0,0,0,0,3,0,3,3,0,3,0,0,0,0,0,0,0,0,0,0,0,0,0,0,0,0,0,0,5,0,5,0,0,0,0,0,0,3,0,3,0,0,0,4,0,4,0,0,0,0,0,0,0,0,0,7,0,7,0,0,0,7,0,7,0,0
SOSR499,18,12,30,5,15,21,18,9,24,14,9,23,22,15,39,77,56,140,17,18,34,11,14,24,27,4,33,11,17,28,11,21,34,73,71,147,15,14,30,15,13,22,8,12,24,9,21,29,6,13,11,52,70,119,12,13,26,12,29,44,14,20,32,11,26,42,23,28,48,74,112,186,29,14,39,26,39,64,15,16,29,23,18,36,18,17,34,108,95,206,29,43,72,35,35,73,26,17,43,35,28,60,28,31,59,152,153,309,35,38,72,30,29,57,31,34,70,37,29,64,32,28,51,166,149,318,21,25,47,29,40,69,42,27,70,34,17,56,35,27,52,157,137,295,41,23,66,23,12,35,28,14,48,21,18,37,23,25,50,134,101,237,30,21,53,36,20,51,24,18,37,33,16,49,23,14,38,151,80,229,48,20,62,28,30,55,22,17,37,25,19,44,22,24,46,151,99,246,46,13
SOSR501,12376,11828,24211,12671,12068,24739,12892,12181,25073,13167,12407,25571,13569,12675,26251,64683,61163,125841,13871,12972,26840,13533,12716,26250,13327,12905,26230,13565,12907,26479,13221,12883,26104,67523,64386,131907,13379,12875,26254,13416,12659,26070,13375,12308,25681,13455,12786,26239,13358,12526,25882,66977,63154,130133,12743,12095,24833,12276,11501,23779,12077,11293,23366,11665,11492,23158,11891,11509,23398,60648,57892,118535,12631,12179,24814,12841,12703,25543,13087,12777,25868,13052,12767,25820,13204,13106,26307,64814,63540,128352,13712,13331,27043,14109,13845,27953,13937,14233,28171,13679,14479,28161,14081,14628,28712,69516,70520,140036,14562,15607,30165,15088,15804,30896,15022,16260,31286,15266,16303,31568,15499,16446,31946,75433,80424,155860,15750,16493,32242,15927,16405,32334,15609,16270,31881,15773,16037,31811,15277,15385,30659,78342,80585,158927,14847,15108,29959,14101,14287,28390,13566,13984,27548,13390,13404,26790,12987,13323,26313,68897,70109,139005,13095,13286,26378,12886,13362,26253,12911,13299,26208,13190,13474,26668,13761,14120,27881,65843,67538,133387,13937,14367,28303,13095,13331,26425,13102,13334,26433,12290,12536,24823,12010,12292,24308,64439,65867,130302,11762,12194
SOSR511,437,427,862,461,419,881,461,442,910,495,436,932,489,453,941,2348,2183,4533,505,496,997,531,493,1028,550,504,1053,530,482,1012,556,468,1030,2681,2440,5121,547,466,1012,508,518,1023,561,534,1089,573,526,1097,557,541,1097,2735,2584,5320,537,540,1075,531,493,1020,470,505,972,409,419,825,376,382,757,2312,2329,4649,401,356,756,377,381,759,407,393,794,377,369,747,396,388,785,1951,1888,3838,393,396,784,428,426,860,447,451,897,447,466,914,457,491,944,2175,2225,4405,476,486,960,443,488,935,504,501,1004,475,533,1013,487,524,1014,2392,2532,4922,533,531,1063,439,512,951,480,493,970,552,514,1060,454,545,1001,2457,2589,5045,511,487,994,449,518,968,496,504,1002,485,469,957,481,474,952,2428,2449,4875,479,445,925,422,496,917,491,522,1009,498,489,983,501,527,1029,2383,2473,4856,505,573,1080,487,531,1018,485,475,959,412,523,931,475,472,947,2366,2574,4942,454,454
SOSR512,677,655,1329,696,710,1415,761,672,1431,730,701,1429,748,744,1490,3616,3478,7088,812,754,1560,795,762,1558,795,774,1563,831,782,1615,805,771,1578,4032,3846,7874,812,763,1572,872,815,1690,862,790,1656,855,860,1717,854,839,1690,4256,4070,8325,834,796,1627,730,711,1441,810,757,1566,719,668,1385,611,549,1159,3694,3487,7185,610,544,1157,635,588,1223,639,590,1235,665,663,1328,688,657,1346,3238,3044,6283,735,674,1413,735,679,1418,771,729,1495,752,722,1472,729,714,1443,3721,3521,7238,735,723,1461,757,752,1505,732,768,1499,764,733,1495,707,767,1474,3694,3746,7440,762,798,1564,753,810,1562,756,814,1564,763,816,1579,731,740,1475,3772,3976,7750,737,772,1504,757,748,1508,760,743,1503,704,730,1432,680,726,1409,3637,3722,7358,712,786,1496,717,786,1502,705,784,1487,784,766,1548,854,863,1713,3771,3976,7750,838,909,1748,746,817,1566,786,854,1639,751,799,1551,710,725,1436,3835,4104,7938,715,751
SOSR513,535,468,999,520,532,1047,590,509,1101,599,541,1135,595,554,1149,2837,2603,5432,600,573,1170,614,569,1180,608,605,1209,582,561,1142,559,587,1142,2961,2882,5852,561,553,1117,512,508,1017,494,516,1011,540,485,1030,496,463,960,2604,2529,5135,438,433,871,466,392,856,409,357,767,367,301,670,341,323,665,2021,1813,3837,338,267,604,316,293,611,359,347,704,350,380,726,436,403,838,1796,1686,3483,416,477,895,489,530,1021,494,587,1080,459,557,1019,526,575,1101,2391,2720,5114,581,639,1213,572,665,1239,606,676,1283,604,641,1242,620,687,1311,2985,3308,6293,633,700,1334,610,635,1247,641,616,1253,599,656,1252,588,599,1184,3068,3199,6270,573,522,1095,548,472,1011,461,496,956,488,482,976,528,457,985,2597,2430,5025,495,420,913,507,487,993,469,450,918,459,436,893,535,472,1001,2464,2258,4721,526,458,981,466,408,879,446,422,867,416,395,804,422,378,793,2275,2054,4328,408,376
SOSR514,171,141,311,177,173,356,197,150,348,173,175,355,175,178,349,898,821,1715,205,205,411,221,180,405,199,219,412,206,167,367,210,241,445,1037,1013,2048,215,177,387,233,214,447,185,199,379,200,171,373,200,219,419,1035,983,2015,213,187,403,203,162,369,167,150,321,154,127,288,130,112,242,876,744,1625,125,106,224,124,94,213,114,104,214,140,111,251,125,119,239,616,533,1148,122,143,262,146,141,290,147,150,303,132,139,269,168,141,300,720,709,1423,165,183,349,168,179,344,184,188,373,167,183,348,188,197,380,868,930,1800,159,213,372,174,222,389,191,210,397,196,223,418,186,216,400,896,1084,1980,212,217,425,184,235,421,192,203,391,199,190,393,168,191,361,959,1039,1992,177,209,389,191,201,393,172,197,368,221,192,413,199,230,427,959,1027,1985,186,215,403,168,178,347,173,171,342,188,184,372,159,160,323,870,908,1777,160,167
SOSR515,595,532,1129,619,577,1197,642,583,1221,604,611,1215,649,578,1228,3111,2881,5989,694,628,1321,658,597,1260,691,599,1294,653,670,1325,686,642,1325,3383,3139,6525,683,632,1316,664,626,1291,601,561,1170,660,587,1243,648,595,1247,3259,3003,6264,611,575,1184,564,552,1111,583,478,1061,463,416,880,435,417,858,2657,2441,5095,420,392,810,436,397,833,453,413,866,489,470,960,488,518,1014,2289,2191,4481,490,512,1001,531,581,1114,510,573,1082,579,644,1224,599,614,1213,2713,2917,5628,633,647,1278,586,675,1260,601,634,1230,601,654,1255,620,646,1265,3039,3251,6289,598,591,1193,621,693,1308,593,660,1255,587,617,1205,619,620,1241,3022,3180,6204,585,598,1187,506,583,1092,555,610,1168,562,556,1116,525,563,1084,2736,2908,5648,611,543,1154,561,541,1103,555,564,1117,609,576,1186,595,609,1205,2925,2833,5762,656,659,1313,609,623,1229,533,570,1106,621,595,1217,655,564,1216,3072,3005,6078,618,606
SOSR521,228,208,434,256,221,471,234,225,462,248,224,478,236,237,474,1203,1112,2319,257,225,483,245,239,484,270,239,513,245,235,481,235,215,455,1255,1154,2412,262,241,501,263,217,476,268,246,513,233,240,472,217,202,426,1242,1149,2393,217,223,437,197,203,395,198,173,372,167,182,347,195,167,368,977,953,1926,153,141,298,200,171,370,176,183,359,178,182,356,185,167,362,897,847,1740,229,197,425,173,212,384,188,191,374,181,239,417,231,211,437,1001,1046,2050,185,223,409,208,275,482,225,252,474,234,220,456,225,247,471,1078,1227,2299,236,242,471,208,261,476,225,260,489,233,233,459,200,223,422,1094,1221,2315,210,242,459,225,224,455,192,224,418,198,217,412,219,208,425,1047,1115,2165,198,206,406,202,214,416,226,220,448,237,203,436,262,247,506,1128,1087,2212,273,278,553,297,267,565,267,321,585,284,277,568,259,247,502,1382,1390,2773,267,266
SOSR522,124,129,252,161,113,271,137,119,253,129,134,268,133,140,277,685,633,1316,180,142,321,142,143,287,143,155,306,140,166,306,143,122,272,756,728,1484,150,133,280,147,151,293,127,139,268,128,133,266,130,147,274,675,704,1381,141,140,283,140,114,252,115,106,224,114,96,206,118,125,238,632,577,1206,109,115,221,116,95,213,110,135,247,114,122,240,102,144,247,557,612,1168,129,134,261,115,124,237,121,122,243,116,134,248,136,122,258,616,632,1250,126,132,258,140,118,261,131,132,266,126,146,273,118,130,249,646,667,1310,129,121,250,118,127,247,137,133,269,126,124,252,125,144,267,639,649,1289,115,124,242,114,107,220,105,123,227,119,107,223,111,105,217,561,572,1132,123,119,243,128,114,244,137,106,244,105,134,241,155,126,281,656,599,1251,163,146,310,123,141,267,132,128,259,147,129,278,125,124,246,695,661,1359,121,144
SOSR531,672,603,1267,750,654,1400,716,706,1415,769,731,1502,832,795,1635,3737,3484,7220,854,830,1685,954,850,1802,963,873,1838,1001,870,1876,1072,890,1964,4857,4311,9166,1083,944,2028,1055,1102,2156,1032,960,1994,966,987,1954,1096,970,2065,5234,4961,10197,995,956,1947,973,878,1848,973,871,1844,922,775,1701,878,701,1577,4741,4187,8927,909,637,1554,917,622,1543,978,622,1600,921,592,1508,910,610,1520,4644,3081,7726,943,580,1522,924,674,1603,990,665,1656,954,690,1643,967,709,1678,4775,3324,8097,999,778,1784,1039,786,1831,1086,794,1881,1046,801,1844,1115,821,1935,5286,3987,9269,1142,888,2033,1079,882,1956,1217,896,2109,1108,933,2042,1184,946,2124,5718,4545,10269,1191,991,2182,1124,921,2046,1219,992,2207,1123,932,2057,1123,926,2042,5773,4765,10534,1158,994,2151,1218,1098,2316,1282,1063,2344,1373,1129,2503,1422,1243,2665,6441,5535,11975,1559,1219,2781,1478,1214,2688,1460,1231,2691,1471,1240,2709,1331,1246,2576,7297,6149,13444,1508,1250
SOSR579,0,0,0,0,0,0,0,0,0,0,0,0,0,0,0,0,0,0,0,0,0,0,0,0,0,0,0,0,0,0,0,0,0,0,0,0,0,0,0,0,0,0,0,0,0,0,0,0,0,0,0,0,0,0,0,0,0,0,0,0,0,0,0,4,3,5,0,0,0,7,3,6,0,0,0,4,3,6,0,3,4,9,0,7,9,3,10,25,11,31,4,0,6,10,0,10,9,0,10,15,0,18,10,3,12,49,7,54,6,0,3,9,0,10,10,0,10,11,0,11,19,5,20,48,5,54,17,0,17,6,3,12,25,9,34,26,0,26,8,0,8,85,10,92,22,0,22,14,0,14,13,0,18,22,0,22,13,0,13,79,0,82,5,0,5,17,0,17,13,4,17,8,0,8,13,0,11,51,3,57,9,0,8,13,0,13,10,0,10,9,0,9,3,4,3,48,3,54,4,0
SOSR599,24,32,53,27,31,58,45,31,73,23,32,53,29,24,63,149,153,300,30,28,60,21,24,46,27,25,53,28,27,57,25,20,49,132,127,259,38,35,67,13,24,40,15,15,27,33,12,44,21,20,41,116,101,212,17,20,38,11,25,42,20,28,52,22,44,71,36,30,65,118,147,261,65,63,123,48,40,88,66,38,103,62,41,102,63,84,141,295,256,562,79,66,148,82,69,153,74,64,136,77,81,161,69,71,139,385,358,744,137,91,230,55,76,128,82,60,141,89,50,141,70,61,130,433,339,773,130,107,240,89,50,141,78,54,128,85,61,145,69,43,113,449,315,769,169,111,277,64,56,126,80,39,118,75,47,117,95,38,135,476,298,770,145,55,195,64,58,118,65,46,107,75,60,131,99,35,132,433,244,680,134,65,202,68,24,97,80,44,121,68,54,118,55,43,94,404,228,631,95,39
SOSR603,1047,1019,2066,1100,1023,2118,1055,961,2020,1004,947,1948,1060,1000,2059,5261,4954,10218,1143,1045,2179,1131,1038,2172,1079,1051,2130,1117,1094,2208,1062,1077,2143,5524,5306,10832,1213,1094,2308,1148,1065,2211,1129,1097,2224,1198,1107,2301,1157,1075,2233,5844,5437,11277,1114,1029,2141,1101,1077,2175,1020,980,2004,1066,1000,2070,1058,1037,2095,5357,5121,10486,1142,1134,2275,1216,1071,2286,1224,1271,2487,1272,1292,2559,1403,1411,2814,6254,6173,12423,1569,1566,3133,1753,1644,3394,1818,1794,3611,1810,1766,3572,1783,1794,3579,8735,8561,17293,1788,1827,3619,1779,1783,3563,1722,1667,3388,1573,1560,3137,1545,1495,3037,8405,8341,16745,1480,1497,2981,1423,1468,2895,1327,1396,2730,1299,1326,2628,1271,1342,2618,6809,7037,13844,1189,1302,2489,1129,1267,2394,1110,1148,2251,1066,1149,2212,1032,1095,2132,5513,5961,11481,1059,1155,2212,1085,1150,2236,1142,1224,2364,1075,1171,2244,1153,1263,2419,5509,5965,11472,1204,1276,2486,1099,1218,2319,1188,1209,2391,1081,1139,2218,966,1152,2121,5537,5995,11536,921,1029
SOSR611,425,428,860,432,427,856,426,412,841,430,414,850,428,431,858,2146,2117,4264,486,450,934,449,433,879,466,490,957,486,440,930,460,459,916,2346,2273,4614,468,468,935,482,447,924,534,477,1009,509,455,960,466,468,928,2455,2310,4760,507,478,988,473,434,906,450,437,884,441,499,943,471,457,926,2342,2302,4638,483,457,942,561,534,1105,555,541,1099,573,524,1095,601,569,1168,2776,2625,5399,624,616,1249,745,647,1387,727,607,1339,653,641,1299,644,660,1301,3396,3174,6573,600,610,1211,635,627,1262,570,569,1138,553,552,1098,529,518,1047,2880,2876,5758,560,537,1096,505,513,1018,487,510,1000,474,520,992,474,512,981,2495,2593,5084,478,535,1017,415,492,910,481,483,963,446,469,917,433,448,887,2249,2432,4681,408,491,899,448,502,951,452,501,954,487,528,1007,462,558,1019,2249,2577,4826,505,614,1119,526,495,1024,499,538,1037,462,503,967,414,481,896,2403,2636,5039,460,484
SOSR612,247,221,470,226,238,465,238,237,479,260,223,482,265,246,511,1239,1169,2401,245,209,460,268,273,544,250,251,502,227,291,521,242,268,514,1243,1293,2533,267,269,537,271,272,537,316,292,609,288,282,574,304,287,589,1442,1404,2850,266,263,528,260,264,531,280,253,535,235,255,493,234,209,440,1283,1241,2524,243,241,489,245,239,481,239,285,523,254,267,526,290,285,570,1266,1318,2582,271,283,558,299,314,615,308,343,654,311,300,614,276,334,609,1466,1582,3044,305,294,595,287,284,569,261,307,566,256,272,526,299,271,568,1409,1426,2831,240,298,542,216,296,508,253,244,495,223,263,489,251,247,495,1179,1341,2523,221,272,492,248,249,496,207,271,483,230,232,464,217,265,486,1118,1299,2417,249,238,484,227,265,490,248,233,483,293,303,600,282,308,592,1298,1348,2643,290,334,623,263,295,559,274,305,583,278,290,571,244,292,536,1343,1518,2862,241,279
SOSR613,52,48,103,51,50,107,57,62,120,67,53,127,42,60,101,277,282,555,73,72,140,70,64,126,67,73,143,81,64,141,70,62,140,361,333,697,71,37,99,78,65,141,81,77,159,66,56,129,84,68,148,372,302,681,93,83,181,73,71,143,60,84,146,72,64,139,52,51,108,358,351,713,70,67,132,61,68,131,72,65,143,47,61,107,63,70,132,309,332,643,59,46,109,64,69,134,83,54,133,67,90,159,58,63,123,323,323,649,59,65,122,53,61,115,53,54,106,65,82,145,62,58,125,284,331,614,64,51,120,63,68,127,62,75,137,69,78,144,62,71,130,325,333,660,62,62,123,56,68,123,61,65,126,55,64,121,45,62,109,285,323,607,63,66,123,56,84,136,59,75,133,66,89,161,74,84,159,317,397,709,73,83,157,71,82,154,76,95,174,72,82,160,83,79,160,376,421,804,65,104
SOSR614,80,71,154,83,91,173,104,78,184,103,95,203,98,97,195,480,433,910,89,104,197,78,82,162,125,106,227,100,97,198,105,98,198,496,488,980,109,107,216,119,92,216,117,104,221,114,102,216,108,109,217,558,524,1081,100,98,196,100,90,186,93,88,182,75,86,159,83,77,156,449,437,890,93,63,155,80,90,169,85,80,164,121,87,200,84,86,167,451,406,854,90,85,175,99,101,194,88,95,187,84,106,190,89,87,174,453,475,923,109,109,216,104,115,218,105,97,201,82,114,193,86,117,204,487,544,1029,69,130,195,116,129,248,82,99,181,119,88,212,92,102,196,481,544,1024,85,93,177,92,83,174,93,94,192,68,83,151,89,97,184,430,446,879,83,87,174,75,88,166,104,96,200,77,102,179,105,95,201,446,472,917,105,110,213,77,137,213,91,107,195,93,105,204,99,128,224,462,591,1048,108,98
SOSR615,346,298,645,347,336,681,356,331,686,363,344,706,342,355,696,1754,1661,3416,380,384,773,385,348,732,378,380,761,423,352,773,393,349,740,1959,1818,3776,399,379,780,373,332,709,400,405,805,387,396,791,421,346,769,1978,1871,3847,423,334,754,365,312,677,319,310,637,332,288,626,304,276,580,1746,1527,3270,296,322,621,313,286,595,338,311,653,316,304,618,316,360,679,1575,1591,3169,353,363,721,383,373,752,388,393,779,381,393,775,400,401,804,1907,1920,3832,401,418,820,357,409,766,369,376,746,328,401,731,323,402,722,1776,2003,3776,371,373,741,349,412,761,343,387,730,351,380,738,338,356,696,1762,1913,3671,318,381,698,299,315,609,311,346,659,302,324,628,304,316,623,1533,1689,3219,332,354,685,311,345,649,317,369,683,316,383,702,374,419,789,1652,1874,3519,377,476,856,400,418,815,351,422,769,365,446,809,418,394,812,1902,2159,4061,352,445
SOSR621,99,80,180,107,105,211,102,101,199,111,83,198,118,114,237,538,489,1031,132,123,255,118,116,229,117,127,244,108,118,227,114,110,224,587,585,1177,118,136,253,142,118,256,122,136,257,129,109,244,145,153,295,653,655,1308,116,108,220,123,102,226,104,110,211,92,87,173,110,76,181,540,479,1022,104,90,185,101,84,181,101,92,188,85,87,169,112,75,192,493,420,916,98,98,195,120,106,226,112,116,228,107,122,227,111,102,208,546,538,1089,121,117,233,118,134,257,102,126,224,135,111,244,115,126,243,590,613,1202,95,135,228,103,118,217,135,143,282,120,114,230,137,126,261,588,637,1221,117,111,229,120,121,240,133,120,250,97,114,211,116,111,230,581,579,1168,135,142,275,120,124,244,113,126,241,133,135,266,160,152,314,662,678,1334,141,153,291,151,152,308,141,150,283,120,160,279,159,139,303,713,755,1464,155,157
SOSR622,48,27,75,39,30,72,49,41,85,31,23,62,39,47,91,202,176,381,48,45,94,43,42,85,40,44,86,43,47,95,46,44,91,225,223,446,41,42,91,43,44,84,52,56,109,53,42,94,59,59,120,253,237,487,42,54,93,43,41,86,44,48,90,43,32,76,31,44,70,205,214,418,51,37,87,33,29,66,36,30,67,34,24,60,36,38,69,191,160,347,34,44,85,34,41,75,35,30,65,34,35,68,38,55,94,180,202,384,45,44,89,40,44,76,34,47,83,33,39,73,52,41,93,210,212,425,42,39,82,55,50,106,37,48,88,46,43,78,54,40,95,235,218,451,36,44,79,37,45,79,44,49,96,46,51,95,39,55,88,201,243,445,54,44,99,50,47,94,46,59,103,62,59,118,66,64,126,273,265,538,61,65,128,71,80,150,58,61,126,57,60,120,65,68,128,313,335,656,47,86
SOSR631,468,465,934,495,452,949,533,500,1034,533,528,1053,581,520,1097,2610,2452,5065,589,513,1100,579,587,1164,637,592,1236,629,617,1246,680,624,1300,3106,2933,6040,706,628,1340,682,651,1331,718,696,1421,690,677,1364,741,682,1425,3540,3336,6875,696,682,1375,693,615,1304,665,560,1224,574,473,1044,583,488,1069,3202,2821,6019,525,441,970,513,450,963,443,441,885,476,390,865,449,419,871,2414,2146,4564,464,432,897,510,467,978,496,471,969,517,484,1009,515,488,997,2508,2347,4852,520,552,1075,535,490,1025,540,533,1073,531,605,1136,545,555,1103,2675,2736,5415,587,582,1174,592,649,1246,587,674,1258,574,604,1178,601,675,1274,2942,3187,6131,576,624,1204,591,581,1174,628,640,1270,634,701,1332,630,625,1256,3058,3183,6242,689,617,1305,717,670,1383,728,651,1381,708,811,1525,791,788,1580,3634,3538,7172,848,865,1712,819,834,1650,826,865,1690,830,821,1647,782,892,1673,4103,4275,8379,802,816
SOSR679,0,0,0,0,0,0,0,0,0,0,0,0,0,0,0,0,0,0,0,0,0,0,0,0,0,0,0,0,0,0,0,0,0,0,0,0,0,0,0,0,0,0,0,0,0,0,0,0,0,0,0,0,0,0,0,0,0,0,0,0,0,0,0,0,0,0,0,0,0,0,0,0,0,0,0,0,0,0,0,0,0,0,0,0,0,0,0,0,0,0,0,0,0,0,0,0,0,0,0,0,0,0,0,0,0,0,0,0,0,0,0,0,0,0,0,0,0,0,0,0,0,0,0,0,0,0,0,0,0,0,0,0,0,0,0,0,0,0,0,0,0,0,0,4,0,0,0,0,0,0,0,0,0,0,0,0,0,0,0,0,0,0,0,0,0,0,0,0,0,0,0,0,0,0,0,0,0,0,0,0,0,0,0,0,0,0,0,0,0,0,0,0,0,0,0,0,0,0,0,0
SOSR699,0,5,3,5,7,15,3,7,11,3,0,8,5,0,6,21,19,42,4,7,8,9,5,8,3,3,7,11,6,12,4,3,14,29,23,52,7,8,13,4,3,8,3,0,5,6,7,10,0,0,4,23,16,42,3,6,14,8,4,11,12,10,22,12,13,20,17,14,27,43,48,95,20,18,38,17,16,26,13,4,16,15,7,20,11,8,15,71,53,119,12,8,20,18,13,30,5,8,23,16,7,23,11,8,18,64,45,111,24,15,34,10,10,20,20,4,24,12,4,19,6,11,16,72,43,114,15,8,18,9,8,15,11,14,20,6,5,6,13,11,24,47,42,86,11,11,29,12,13,27,8,10,20,16,11,19,5,9,14,52,56,114,12,8,23,11,5,20,3,4,7,10,11,20,15,4,17,53,26,86,31,11,35,14,8,16,14,8,22,18,14,29,7,11,15,75,47,123,6,12
SOSR703,886,846,1733,872,819,1687,874,854,1725,869,792,1662,879,854,1729,4374,4166,8542,819,869,1683,881,817,1700,878,838,1717,831,864,1694,855,856,1710,4274,4239,8510,794,754,1550,836,752,1589,805,708,1512,809,775,1588,752,712,1464,4009,3697,7706,683,720,1403,709,674,1382,651,627,1279,673,630,1306,624,555,1179,3340,3204,6547,747,614,1363,775,638,1418,895,732,1632,1007,836,1841,1022,953,1977,4451,3779,8228,1096,1105,2203,1181,1130,2312,1174,1214,2385,1172,1268,2437,1153,1220,2378,5779,5937,11720,1245,1355,2601,1258,1288,2544,1194,1233,2429,1152,1249,2395,1125,1173,2295,5971,6298,12266,1143,1128,2270,998,1178,2172,1097,1082,2179,1014,1043,2055,943,982,1926,5199,5407,10605,931,980,1908,896,954,1857,918,942,1861,801,903,1706,882,807,1689,4429,4589,9014,809,821,1631,806,773,1585,773,795,1565,789,759,1552,800,779,1577,3972,3934,7906,876,821,1694,803,766,1568,767,728,1495,680,690,1369,719,664,1373,3839,3662,7497,707,674
SOSR712,187,182,367,186,179,364,186,173,355,198,169,360,196,158,358,956,854,1811,204,158,362,208,176,384,167,137,303,175,176,353,175,176,349,931,823,1751,163,170,340,190,170,355,152,178,328,170,169,338,144,140,290,827,824,1654,163,151,318,166,144,306,171,150,319,120,129,250,121,118,241,739,689,1428,104,86,190,127,101,230,113,125,237,126,148,271,132,178,309,606,638,1235,155,187,347,194,228,418,209,242,454,205,252,457,245,275,518,1010,1180,2192,236,310,545,251,293,543,234,296,523,246,245,488,209,256,464,1178,1394,2566,250,243,500,210,243,456,201,232,436,222,198,419,180,206,385,1064,1124,2189,211,192,397,153,168,323,177,190,370,149,172,318,153,153,312,841,875,1724,131,167,297,142,136,278,151,175,321,166,153,322,151,157,307,741,783,1529,160,189,348,137,187,322,150,178,325,148,165,318,122,169,295,725,883,1606,151,155
SOSR714,45,42,84,52,44,93,46,37,86,61,37,100,45,32,83,249,192,448,35,62,97,52,44,101,52,36,87,50,50,98,53,52,101,241,241,478,44,36,85,45,52,97,46,43,91,48,22,73,51,47,98,237,209,441,43,27,72,37,32,71,39,29,70,20,23,47,28,34,66,172,147,320,40,29,65,44,35,80,38,42,79,40,50,88,58,59,116,219,208,424,49,52,95,66,59,118,56,67,124,50,67,121,62,78,139,283,323,603,65,64,125,69,67,136,48,63,109,54,67,117,60,59,113,292,315,609,56,54,107,38,59,98,47,49,97,58,41,97,40,42,81,240,247,481,52,45,96,34,32,64,30,47,75,34,35,70,26,39,65,182,196,375,21,37,67,25,31,60,38,28,71,21,30,52,26,43,66,140,175,312,34,41,74,28,43,74,44,31,76,42,38,79,37,31,59,176,190,362,41,20
SOSR715,117,104,219,158,136,303,131,127,259,131,138,270,164,145,313,701,658,1357,169,127,297,176,157,336,158,140,298,141,140,277,164,170,338,813,732,1544,179,148,326,165,155,320,140,160,303,132,131,258,165,136,300,782,734,1511,155,142,293,165,146,310,173,128,301,165,151,312,181,161,348,836,724,1560,180,148,321,131,144,275,136,130,272,116,125,245,119,152,270,688,705,1388,167,179,351,136,172,313,149,168,319,145,150,297,169,178,345,768,852,1619,169,181,356,132,191,319,153,150,296,133,132,264,148,180,325,727,832,1559,157,165,325,144,188,334,138,154,293,133,137,270,114,143,252,689,787,1470,184,190,375,109,129,236,133,103,237,113,107,219,103,85,182,646,614,1255,108,108,221,100,102,204,101,105,203,77,101,177,114,113,231,504,533,1036,140,111,253,121,97,221,79,117,194,76,118,192,94,100,195,519,542,1054,105,89
SOSR721,79,72,153,128,102,228,113,91,204,103,97,199,102,98,208,530,454,985,94,108,199,115,108,225,102,97,199,102,89,187,90,103,188,500,505,1003,108,99,203,96,102,200,104,102,204,101,74,167,108,103,212,508,475,988,90,92,184,91,93,189,104,95,196,111,112,219,110,126,232,506,511,1023,110,128,239,100,111,210,97,118,208,113,98,204,108,98,203,527,546,1071,116,113,227,105,110,215,120,123,244,96,108,206,102,115,216,537,572,1104,120,155,272,114,117,226,121,120,238,91,111,199,95,111,208,539,610,1148,98,126,228,103,99,207,90,106,193,97,110,212,74,84,155,473,525,993,90,104,196,76,71,150,82,64,145,60,78,138,79,69,147,385,395,780,95,67,159,79,72,147,66,77,142,72,87,155,73,71,146,387,369,761,80,109,194,74,80,151,62,72,134,56,67,125,72,73,152,345,405,750,77,81
SOSR722,59,53,112,110,96,206,96,87,179,112,90,202,114,102,217,491,425,914,118,84,207,112,97,216,128,101,223,92,91,183,103,101,209,555,479,1037,130,103,231,101,100,205,112,95,205,102,95,199,113,90,201,557,484,1042,97,81,180,92,91,178,90,92,185,99,99,200,99,94,194,481,458,935,127,120,248,99,112,208,84,91,173,86,95,186,78,69,144,473,490,961,102,99,197,89,123,209,82,95,179,109,120,228,101,104,205,482,531,1021,98,105,205,83,84,168,94,99,192,90,98,186,81,101,184,448,493,937,101,117,215,77,85,167,91,93,185,51,87,141,71,70,138,391,451,845,95,99,200,53,63,119,77,69,146,69,59,128,65,62,127,356,356,711,79,81,161,50,63,112,60,55,116,57,79,135,68,79,154,315,354,672,83,90,164,43,78,118,69,86,162,56,73,129,70,57,131,321,382,708,49,69
SOSR731,182,186,368,223,203,419,201,195,395,219,191,404,228,188,412,1048,949,1998,235,238,473,249,240,490,230,213,444,221,247,473,224,236,459,1163,1180,2340,268,254,524,268,216,485,236,228,467,236,215,451,228,226,455,1229,1145,2379,240,213,455,204,179,383,225,194,420,278,218,501,264,251,512,1218,1050,2273,288,230,517,239,202,437,267,210,470,251,207,460,226,166,400,1271,1016,2283,238,217,455,251,199,445,248,209,455,300,220,518,232,241,477,1269,1081,2346,288,248,538,276,214,489,241,215,455,268,253,521,266,235,504,1340,1175,2516,252,237,482,226,250,481,266,237,504,270,249,525,263,239,504,1281,1210,2490,290,246,546,239,228,467,226,203,430,178,235,414,222,200,423,1162,1119,2281,257,235,496,252,201,451,268,226,496,315,265,585,271,239,512,1366,1167,2540,305,277,582,314,244,558,259,237,500,247,261,507,239,233,471,1367,1256,2625,235,244
SOSR779,0,0,0,0,0,0,0,0,0,0,0,0,0,0,0,0,0,0,0,0,0,0,0,0,0,0,0,0,0,0,0,0,0,0,0,0,0,0,0,0,0,0,0,0,0,0,0,0,0,0,0,0,0,0,0,0,0,0,0,0,7,0,7,0,0,0,0,0,0,4,0,4,0,0,0,0,0,0,0,0,0,0,0,3,0,0,0,6,3,6,0,0,0,0,0,0,0,0,0,3,0,3,0,0,0,3,0,3,3,0,3,0,0,3,3,0,7,5,0,5,5,0,5,14,4,17,0,0,0,4,0,4,0,0,0,4,0,4,3,0,3,10,0,10,4,0,4,0,0,0,0,0,0,0,0,0,6,0,6,11,0,11,5,0,5,0,0,0,0,0,0,0,0,0,0,0,0,14,0,12,3,0,3,3,0,3,0,0,0,0,0,0,0,0,0,10,5,10,0,0
SOSR799,11,10,22,26,12,35,21,5,34,19,30,44,15,9,25,89,69,164,19,19,42,19,13,31,17,18,35,17,10,23,24,17,40,93,77,169,26,10,34,21,15,29,13,14,26,12,3,15,8,8,11,70,48,117,7,11,18,7,9,15,5,3,8,9,14,23,8,20,31,30,64,95,21,13,31,16,14,32,16,19,33,22,22,42,14,23,41,84,99,183,25,44,67,30,30,64,19,43,72,28,31,56,32,33,70,137,185,320,40,31,69,27,43,67,39,29,65,29,43,71,21,30,58,158,175,336,25,28,57,31,40,66,28,34,60,24,16,44,37,28,65,155,145,303,32,22,54,31,37,69,23,19,45,36,24,56,28,16,46,149,122,270,32,31,64,36,14,45,25,34,62,25,31,55,42,22,69,156,139,295,25,34,61,31,28,62,34,25,57,30,31,62,31,20,55,151,142,298,25,16
SOSR802,2707,2397,5101,2684,2611,5295,2716,2592,5309,2667,2572,5238,2930,2713,5645,13709,12884,26592,2992,2809,5800,3053,2824,5874,3033,2823,5853,2980,2899,5874,2909,2769,5676,14964,14115,29085,2902,2714,5621,2933,2767,5699,2772,2570,5346,2663,2517,5178,2685,2470,5159,13959,13033,26997,2654,2402,5061,2442,2262,4702,2398,2282,4682,2843,2832,5672,2990,3089,6072,13327,12864,26191,3180,3102,6285,3368,3290,6655,3450,3381,6834,3474,3629,7103,3511,3687,7200,16986,17090,34073,3688,3660,7353,3956,3846,7801,3990,3966,7953,4048,4005,8051,3947,3995,7938,19631,19472,39102,3916,3993,7907,3945,3976,7925,3727,3884,7606,3635,3796,7437,3693,3804,7498,18914,19453,38363,3727,3780,7506,3631,3933,7560,3662,3825,7489,3658,3635,7291,3585,3702,7286,18260,18865,37124,3504,3539,7037,3156,3407,6566,3213,3193,6399,3086,2927,6019,2974,3002,5977,15942,16068,32007,2868,2820,5687,2964,2978,5946,2843,2902,5742,2843,3033,5872,2902,3010,5907,14419,14736,29153,3004,3016,6021,2726,2795,5523,2590,2738,5330,2551,2529,5081,2410,2437,4844,13281,13523,26798,2327,2532
SOSR822,0,0,3,4,4,5,6,0,3,0,6,3,5,5,4,12,12,25,8,12,14,9,6,11,4,9,7,7,5,10,7,0,9,29,19,48,3,10,9,9,7,13,6,9,14,0,7,11,3,5,12,26,30,56,11,0,9,10,4,11,0,0,4,6,5,10,3,8,14,27,22,45,0,6,6,0,3,3,11,3,8,0,0,0,0,4,0,9,17,25,3,0,6,6,0,4,5,0,6,0,3,5,8,0,8,17,10,27,0,4,3,3,0,0,0,3,3,0,0,5,0,4,5,8,12,24,0,6,7,4,4,6,4,4,4,8,7,19,4,0,3,15,24,41,7,3,10,8,3,13,3,7,9,6,3,7,10,9,17,28,25,55,7,7,16,5,6,14,3,6,14,3,5,6,5,5,11,24,33,61,6,3,11,7,6,9,7,0,11,3,3,3,0,3,3,25,17,38,0,5
SOSR831,12,8,12,4,0,4,4,3,8,8,0,10,4,0,11,29,15,41,0,0,4,4,8,7,0,0,3,0,3,6,0,6,6,6,13,18,0,0,3,4,4,8,0,0,8,4,5,8,3,0,3,21,14,28,3,3,6,0,5,3,9,0,6,4,3,10,11,3,17,30,15,51,10,0,13,17,11,28,9,6,13,11,8,18,3,5,8,47,27,75,10,7,13,13,9,26,9,3,14,14,4,21,9,5,12,59,29,92,3,6,12,0,3,3,0,0,0,3,6,11,0,3,3,13,20,29,0,4,3,3,0,3,0,0,0,9,7,15,6,0,6,12,11,26,0,0,3,5,7,10,0,0,3,3,3,8,5,3,6,12,15,27,5,0,8,6,3,6,0,0,0,0,6,3,3,4,6,9,14,28,6,5,16,9,4,16,0,3,6,0,4,4,0,3,5,26,23,47,0,3
SOSR879,0,0,0,0,0,0,0,0,0,0,0,0,0,0,0,0,0,0,0,0,0,0,0,0,0,0,0,0,0,0,0,0,0,0,0,0,0,0,0,0,0,0,0,0,0,0,0,0,0,0,0,0,0,0,0,0,0,0,0,0,0,0,0,0,0,0,0,0,0,0,0,0,0,0,0,0,0,0,0,0,0,0,0,0,0,0,0,0,0,0,0,0,0,0,0,0,0,0,0,0,0,0,0,0,0,0,0,0,0,0,0,0,0,0,0,0,0,0,0,0,0,0,0,0,0,0,0,0,0,0,0,0,0,0,0,0,0,0,0,0,0,0,0,0,0,0,0,0,0,0,0,0,0,0,0,0,0,0,0,0,0,0,0,0,0,0,0,0,0,0,0,0,0,0,0,0,0,0,0,0,0,0,0,0,0,0,0,0,0,0,0,0,0,0,0,0,0,0,0,0
SOSR899,4,0,4,0,4,5,0,0,0,5,5,11,0,3,5,18,9,19,0,0,0,3,0,3,0,0,3,0,0,0,0,0,0,3,4,9,0,5,3,0,4,4,0,4,4,0,0,0,0,0,0,7,9,14,0,0,0,5,6,13,5,11,12,8,9,18,6,10,11,23,37,58,6,10,18,12,11,17,9,11,19,3,4,11,12,11,16,44,40,82,3,3,8,5,4,12,5,3,11,5,5,17,11,3,13,32,33,63,3,4,11,11,3,13,7,0,9,3,3,9,5,7,3,30,19,45,12,7,19,4,0,7,5,3,9,5,4,4,3,0,4,34,15,45,6,0,14,3,3,7,8,7,19,3,3,6,12,4,17,30,26,54,9,3,15,11,0,10,3,0,3,5,0,6,4,5,13,29,12,40,7,0,5,5,5,15,9,5,6,6,3,11,0,0,0,22,14,40,0,0
SOSR915,7,6,12,3,3,9,9,7,17,12,14,20,10,10,19,43,37,81,3,16,20,13,6,18,6,10,20,10,12,19,21,11,31,54,48,101,13,3,19,4,10,22,15,8,21,11,12,25,10,10,16,50,44,93,11,9,15,5,9,14,0,11,11,4,0,3,0,8,9,23,34,51,5,3,6,8,0,6,7,3,12,4,7,12,9,0,10,27,19,45,4,6,6,14,5,19,14,4,19,8,10,16,3,15,22,44,44,83,10,10,19,10,5,17,4,12,15,23,14,39,17,8,24,70,48,121,6,17,20,12,8,15,12,9,24,15,16,32,11,17,27,53,65,119,7,10,16,14,13,25,13,3,15,4,15,14,4,10,13,35,49,86,8,3,13,6,7,15,13,9,14,17,12,25,15,8,18,56,43,95,9,22,33,12,3,17,15,8,25,12,13,20,8,11,19,64,55,112,13,12
SOSR921,3,6,9,10,4,11,9,0,13,3,9,17,11,14,22,47,32,75,5,12,17,8,17,21,16,15,20,5,8,13,7,9,23,43,53,93,9,10,20,9,0,17,22,11,31,6,9,18,13,10,21,63,43,103,10,12,24,10,9,19,10,13,19,6,11,11,8,0,6,40,40,83,0,7,11,3,6,15,4,4,9,8,6,15,10,7,22,30,35,67,7,6,12,3,6,10,9,7,15,4,7,12,7,7,12,32,25,61,7,0,8,7,10,14,9,11,17,5,10,12,9,6,12,23,38,66,9,8,14,6,10,14,4,19,19,10,9,17,10,19,23,31,61,90,12,7,27,12,12,24,10,18,22,15,11,29,14,13,22,62,57,115,11,5,13,12,12,23,12,10,20,13,14,25,7,18,25,54,59,115,15,9,28,12,17,24,4,15,22,11,13,28,14,7,18,56,61,114,17,12
SOSR922,8,3,5,9,0,9,4,13,20,6,5,12,0,3,5,25,24,48,4,7,18,6,7,8,6,8,16,8,0,7,4,0,5,28,25,57,10,7,19,6,5,9,10,0,10,9,3,12,0,9,7,33,21,55,6,0,6,0,0,4,0,0,0,3,11,14,0,3,0,7,18,25,0,8,6,5,3,8,5,0,4,0,7,13,6,7,17,21,25,49,11,5,15,5,4,8,10,4,9,0,9,5,6,0,9,26,20,48,0,0,4,0,5,0,0,3,6,0,5,8,0,5,5,10,19,27,8,4,9,8,9,15,10,11,16,7,4,9,3,6,12,35,29,65,9,0,12,0,3,6,0,11,12,4,6,3,0,4,3,13,19,37,0,4,3,0,0,0,6,9,13,5,5,3,8,0,5,17,13,34,3,5,7,11,3,12,0,3,5,3,3,3,3,5,7,18,21,32,5,10
SOSR931,0,0,6,3,4,11,4,5,6,3,0,3,5,6,10,21,16,41,4,4,12,0,0,4,8,0,12,8,0,5,5,5,9,30,13,41,6,0,5,3,10,8,0,3,5,0,3,7,6,0,8,23,17,39,5,6,9,5,8,11,0,0,0,0,0,5,0,0,5,17,20,31,5,5,10,3,0,9,3,9,13,10,4,18,9,0,12,38,17,52,5,6,12,12,6,16,13,5,17,18,8,21,12,6,19,63,24,88,13,5,18,18,4,19,16,5,15,15,3,18,15,5,16,72,15,85,12,0,15,7,4,12,15,7,22,11,6,16,3,6,7,54,16,72,9,6,12,6,4,12,9,4,12,5,0,9,6,0,10,36,18,49,6,8,13,6,6,10,10,6,20,8,3,9,11,9,17,40,30,73,16,3,19,9,14,17,14,9,19,9,3,14,11,3,16,52,39,86,7,3
SOSR979,0,0,0,0,0,0,0,0,0,0,0,0,0,0,0,0,0,0,0,0,0,0,0,0,0,0,0,0,0,0,0,0,0,0,0,0,0,0,0,0,0,0,0,0,0,0,0,0,0,0,0,0,0,0,0,0,0,0,0,0,0,0,0,0,0,0,0,0,0,0,0,0,0,0,0,0,0,0,0,0,0,0,0,0,0,0,0,0,0,0,0,0,0,0,0,0,0,0,0,0,0,0,0,0,0,0,0,0,0,0,0,0,0,0,0,0,0,0,0,0,0,0,0,0,0,0,0,0,0,0,0,0,0,0,0,0,0,0,0,0,0,0,0,0,0,0,0,0,0,0,0,0,0,0,0,0,0,0,0,0,0,0,0,0,0,0,0,0,0,0,0,0,0,0,0,0,0,0,0,0,0,0,0,0,0,0,0,0,0,0,0,0,0,0,0,0,0,0,0,0
SOSR999,0,0,0,0,0,0,0,0,0,0,0,0,0,0,0,0,0,0,0,0,0,0,0,0,0,0,0,0,0,0,0,0,0,0,0,0,0,0,0,0,0,0,0,0,0,0,0,0,0,0,0,0,0,0,0,0,0,0,0,0,0,0,0,0,0,0,0,0,0,0,0,0,0,0,0,0,0,0,0,0,0,0,0,0,0,0,0,0,0,0,0,0,0,0,0,0,0,0,0,0,0,0,0,0,0,0,0,0,4,0,4,0,0,0,0,0,0,0,0,0,0,0,0,4,0,4,0,0,0,0,0,0,0,0,0,0,0,0,0,0,0,0,0,0,0,0,0,0,0,0,0,0,0,0,0,0,0,0,0,0,0,0,0,0,0,0,0,0,0,0,0,0,0,0,0,0,0,0,0,0,0,0,0,0,0,0,0,0,0,0,0,0,0,0,0,0,0,0,0,0
