SOSR_CODE_2021,R_1_74_LT_Real_estate_agent,R_1_74_LT_Ste_terr_hsg_auth,R_1_74_LT_com_hou_pro,R_1_74_LT_Psn_not_Sme_hhd,R_1_74_LT_Other_Lld_type,R_1_74_LT_Lld_type_ns,R_1_74_Tot,R_75_99_LT_Real_estate_agent,R_75_99_LT_Ste_terr_hsg_auth,R_75_99_LT_com_hou_pro,R_75_99_LT_Psn_not_Sme_hhd,R_75_99_LT_Other_Lld_type,R_75_99_LT_Lld_type_ns,R_75_99_Tot,R_100_149_LT_Real_eSte_agent,R_100_149_LT_St_ter_hsg_aut,R_100_149_LT_com_hou_pro,R_100_149_LT_Psn_not_Sme_hhd,R_100_149_LT_Other_Lld_type,R_100_149_LT_Lld_type_ns,R_100_149_Tot,R_150_199_LT_Real_eSte_agent,R_150_199_LT_Ste_ter_hsg_aut,R_150_199_LT_com_hou_pro,R_150_199_LT_Psn_not_Sme_hhd,R_150_199_LT_Other_Lld_type,R_150_199_LT_Lld_type_ns,R_150_199_Tot,R_200_224_LT_Real_eSte_agent,R_200_224_LT_Ste_ter_hsg_aut,R_200_224_LT_com_hou_pro,R_200_224_LT_Psn_not_Sme_hhd,R_200_224_LT_Other_Lld_type,R_200_224_LT_Lld_type_ns,R_200_224_Tot,R_225_274_LT_Real_eSte_agent,R_225_274_LT_Ste_ter_hsg_aut,R_225_274_LT_com_hou_pro,R_225_274_LT_Psn_not_Sme_hhd,R_225_274_LT_Other_Lld_type,R_225_274_LT_Lld_type_ns,R_225_274_Tot,R_275_349_LT_Real_eSte_agent,R_275_349_LT_Ste_ter_hsg_aut,R_275_349_LT_com_hou_pro,R_275_349_LT_Psn_not_Sme_hhd,R_275_349_LT_Other_Lld_type,R_275_349_LT_Lld_type_ns,R_275_349_Tot,R_350_449_LT_Real_eSte_agent,R_350_449_LT_Ste_ter_hsg_aut,R_350_449_LT_com_hou_pro,R_350_449_LT_Psn_not_Sme_hhd,R_350_449_LT_Other_Lld_type,R_350_449_LT_Lld_type_ns,R_350_449_Tot,R_450_549_LT_Real_eSte_agent,R_450_549_LT_Ste_ter_hsg_aut,R_450_549_LT_com_hou_pro,R_450_549_LT_Psn_not_Sme_hhd,R_450_549_LT_Other_Lld_type,R_450_549_LT_Lld_type_ns,R_450_549_Tot,R_550_649_LT_Real_eSte_agent,R_550_649_LT_Ste_ter_hsg_aut,R_550_649_LT_com_hou_pro,R_550_649_LT_Psn_not_Sme_hhd,R_550_649_LT_Other_Lld_type,R_550_649_LT_Lld_type_ns,R_550_649_Tot,R_650_749_LT_Real_eSte_agent,R_650_749_LT_Ste_ter_hsg_aut,R_650_749_LT_com_hou_pro,R_650_749_LT_Psn_not_Sme_hhd,R_650_749_LT_Other_Lld_type,R_650_749_LT_Lld_type_ns,R_650_749_Tot,R_750_849_LT_Real_eSte_agent,R_750_849_LT_Ste_ter_hsg_aut,R_750_849_LT_com_hou_pro,R_750_849_LT_Psn_not_Sme_hhd,R_750_849_LT_Other_Lld_type,R_750_849_LT_Lld_type_ns,R_750_849_Tot,R_850_949_LT_Real_estat_agent,R_850_949_LT_Ste_ter_hsg_aut,R_850_949_LT_com_hou_pro,R_850_949_LT_Psn_not_Sme_hhd,R_850_949_LT_Other_Lld_type,R_850_949_LT_Lld_type_ns,R_850_949_Tot,R_950_over_LT_Real_eSte_agent,R_950_over_LT_Ste_ter_hsg_aut,R_950_ovr_LT_com_hou_pro,R_950_over_LT_Psn_not_Sme_hhd,R_950_over_LT_Other_Lld_type,R_950_over_LT_Lld_type_ns,R_950_over_Tot,Rent_ns_LT_Real_eSte_agent,Rent_ns_LT_Ste_ter_hsg_auth,Rent_ns_LT_com_hou_pro,Rent_ns_LT_Psn_not_Sme_hhd,Rent_ns_LT_Other_Lld_type,Rent_ns_LT_Lld_type_ns,Rent_ns_Tot,Tot_LT_Real_eSte_agent,Tot_LT_Ste_ter_hsg_auth,Tot_LT_com_hou_pro,Tot_LT_Psn_not_Sme_hhd,Tot_LT_Other_Lld_type,Tot_LT_Lld_type_ns,Tot_Tot
SOSR101,389,1619,234,282,82,16,2627,87,3550,439,157,64,27,4330,752,20196,1926,1175,445,147,24645,1490,9855,3568,2114,491,120,17631,1934,4344,1393,2349,405,68,10494,6892,4712,1917,3387,1783,102,18793,29780,3680,1872,6791,1523,153,43794,103480,3782,1889,14409,2625,339,126522,113518,1472,683,13644,2105,232,131658,79354,399,239,8467,1078,122,89663,44432,132,93,5095,503,74,50327,23326,82,53,3100,275,35,26872,12944,31,18,1806,111,11,14931,23963,26,18,3893,237,43,28186,7546,3389,770,5169,1418,1391,19682,449894,57281,15117,71835,13143,2882,610161
SOSR102,73,473,64,102,29,10,741,19,882,76,57,17,8,1064,186,6714,382,470,197,46,8003,678,2855,953,869,423,51,5827,1027,1228,384,1042,204,33,3919,2972,1406,487,1541,413,34,6852,9313,1122,406,3171,464,50,14527,25906,1108,313,5396,645,62,33426,19784,290,91,3163,281,36,23654,8824,56,25,1183,91,16,10206,3176,19,4,429,31,8,3664,1202,9,0,197,20,8,1438,526,6,0,82,6,0,619,555,5,0,138,24,6,735,1166,983,212,857,307,249,3778,75415,17165,3413,18696,3164,614,118463
SOSR111,20,35,10,17,7,0,89,10,80,27,9,16,0,143,129,448,105,121,46,10,861,868,650,361,219,59,23,2171,619,221,93,276,47,3,1255,1521,353,161,441,302,17,2796,3335,305,134,775,104,21,4678,5591,246,93,917,74,20,6945,2811,38,21,308,51,0,3226,676,8,4,85,16,0,789,171,6,0,17,0,0,199,32,0,0,16,0,0,47,10,0,0,0,0,0,18,20,0,0,9,0,0,36,275,178,74,165,90,57,842,16087,2569,1083,3379,818,155,24097
SOSR112,40,145,70,60,29,7,343,32,291,74,46,29,3,473,273,1590,332,353,131,41,2724,1464,1606,1022,667,244,54,5064,1861,612,358,893,151,26,3898,4860,933,495,1385,382,57,8112,11147,737,423,2543,342,45,15233,14695,322,296,2585,292,43,18238,5808,47,54,765,73,14,6759,1403,10,7,208,19,3,1656,383,4,10,60,10,0,472,123,5,6,26,8,0,163,56,7,0,19,3,0,79,93,0,3,35,17,0,154,675,488,177,520,194,169,2215,42906,6798,3324,10164,1933,465,65587
SOSR113,19,61,19,30,35,3,180,18,85,36,20,28,5,193,105,710,168,201,89,15,1302,485,756,496,420,168,21,2339,629,298,146,486,104,19,1682,1683,477,228,723,381,29,3516,3840,420,181,1112,241,22,5820,5246,215,141,1058,180,22,6872,2428,33,24,419,56,5,2955,930,15,0,185,14,8,1150,433,0,9,96,5,0,542,148,0,0,53,5,0,217,92,0,0,33,5,0,132,143,0,0,84,6,0,235,280,207,77,253,127,61,1015,16471,3278,1533,5188,1457,222,28152
SOSR114,23,43,42,46,27,0,185,42,102,45,35,30,10,264,305,639,220,277,124,16,1583,1303,696,444,570,191,38,3243,1103,325,147,559,110,17,2264,2471,420,218,862,199,28,4205,4112,177,128,1225,203,18,5860,4631,114,79,1058,177,23,6087,2211,20,19,413,43,6,2713,863,5,0,161,18,0,1051,382,3,6,68,5,0,462,142,0,0,43,5,0,190,47,0,0,9,0,0,59,40,3,0,18,8,0,72,342,165,59,257,152,90,1062,18021,2730,1415,5608,1281,252,29300
SOSR115,56,128,53,80,221,9,540,47,111,54,59,89,3,366,367,491,285,491,236,24,1894,1114,644,407,984,310,35,3491,1101,269,157,976,150,31,2693,2594,280,164,1275,258,24,4597,4347,159,75,1589,196,27,6384,5492,69,45,1389,159,19,7168,2788,12,3,578,29,0,3420,1114,3,4,267,13,5,1404,449,5,0,119,4,0,575,188,4,0,66,9,0,266,72,0,0,29,3,0,102,93,0,0,57,40,0,186,307,122,51,413,197,104,1196,20130,2284,1315,8364,1911,283,34293
SOSR121,6,24,4,26,54,0,118,5,16,24,19,20,0,85,58,56,40,129,50,8,335,124,106,98,222,79,12,639,125,22,26,228,43,0,440,306,27,13,241,65,7,659,627,15,10,365,39,7,1053,1001,9,3,367,27,3,1407,506,5,0,169,7,0,691,222,0,0,75,8,0,304,101,0,0,20,3,0,125,28,0,0,16,0,0,37,17,0,0,7,0,0,25,23,0,0,17,6,0,49,34,17,17,119,45,30,263,3193,280,241,2011,440,72,6242
SOSR122,11,24,15,19,73,0,141,0,6,15,20,12,3,48,37,24,34,133,55,9,296,103,60,64,195,40,3,464,93,21,31,178,26,0,357,189,26,18,176,38,0,456,245,8,11,173,22,0,459,321,7,6,155,18,5,515,151,0,3,59,5,0,220,79,0,0,20,0,0,99,31,0,0,13,0,0,43,17,0,0,12,0,0,28,4,0,0,5,0,0,7,10,0,0,6,8,0,23,27,13,33,86,27,10,203,1327,188,230,1251,337,40,3366
SOSR131,28,24,19,336,261,3,670,11,3,10,162,55,0,246,130,36,54,1032,305,23,1588,346,33,162,1219,327,20,2104,356,15,41,1205,268,11,1904,791,23,31,1392,305,23,2567,1525,3,20,1684,256,11,3497,2425,9,10,1560,227,20,4247,1533,5,4,827,110,6,2481,831,3,0,362,37,5,1237,547,4,0,190,13,3,754,294,0,3,121,16,3,433,144,0,0,42,4,3,199,248,0,0,121,23,3,392,211,22,44,1155,1111,87,2627,9423,172,400,11400,3326,216,24935
SOSR179,0,0,0,0,0,0,0,0,0,0,0,0,0,0,0,0,0,0,0,0,0,0,0,0,0,0,0,0,0,0,0,0,0,0,0,0,0,0,0,0,0,0,0,0,0,0,0,0,0,0,0,0,0,0,0,0,0,0,0,0,0,0,0,0,0,0,0,0,0,0,0,0,0,0,0,0,0,0,0,0,0,0,0,0,0,0,0,0,0,0,0,0,0,0,0,0,0,0,0,0,0,0,0,0,0,0,0,0,0,0,0,0
SOSR199,0,0,0,0,0,0,0,0,0,0,0,0,0,0,0,0,0,0,0,0,0,0,0,0,0,0,0,0,0,0,0,0,0,0,0,0,0,0,0,0,0,0,0,0,0,0,0,0,0,0,0,0,0,0,0,0,0,0,0,0,0,0,0,0,0,0,0,0,0,0,0,0,0,0,0,0,0,0,0,0,0,0,0,0,0,0,0,0,0,0,0,0,0,0,0,0,0,0,0,0,0,0,0,0,0,0,0,0,0,0,0,0
SOSR201,455,1426,182,462,88,17,2634,238,2019,239,358,95,16,2964,1070,12294,1007,2275,473,131,17251,2344,4994,1731,3597,662,101,13435,2890,2485,1052,2977,455,55,9918,12060,2488,1125,5471,1300,107,22553,67595,2245,889,14455,2097,250,87537,159812,1766,543,17973,2491,308,182900,72182,405,163,8575,754,121,82202,31283,106,48,3679,219,45,35382,15580,58,25,1876,123,24,17683,8525,43,21,1176,55,11,9835,4617,29,12,584,40,8,5292,8434,24,4,1271,156,24,9919,7210,2602,502,5378,1275,1107,18081,394316,32995,7538,70128,10287,2340,517594
SOSR203,35,288,24,54,15,3,414,27,301,35,46,16,4,419,241,2026,171,394,47,26,2904,1060,843,399,757,76,33,3164,1233,411,169,778,75,15,2676,4602,579,226,1329,118,33,6889,10696,273,182,2001,144,39,13335,11057,99,81,1240,137,13,12627,2899,17,12,309,38,7,3287,569,6,5,93,13,0,684,194,7,0,53,0,0,259,75,0,0,18,3,0,104,27,5,0,7,4,0,44,69,0,0,32,7,0,110,504,332,69,387,142,93,1520,33285,5189,1367,7512,830,263,48446
SOSR211,9,60,0,4,5,0,79,5,79,0,5,5,0,90,44,416,14,51,4,4,530,177,206,44,108,19,4,568,215,92,22,166,6,4,502,926,144,25,271,148,11,1527,3655,53,35,562,96,12,4416,3345,15,14,309,73,11,3769,285,5,0,48,13,4,347,49,0,0,12,0,0,65,20,0,0,5,4,0,26,15,0,0,0,3,0,21,5,0,0,0,0,0,3,20,0,0,8,0,0,33,176,86,19,97,31,20,431,8942,1158,181,1641,408,77,12412
SOSR212,25,140,21,46,16,0,251,14,175,22,27,8,6,251,188,1105,109,270,53,11,1742,681,583,182,442,72,27,1989,940,307,61,540,59,13,1925,2471,300,109,809,95,15,3794,4748,138,109,1188,166,34,6392,5237,56,45,814,96,19,6269,1812,13,5,291,38,5,2165,549,9,4,84,16,0,656,172,9,3,35,4,0,215,73,0,0,21,9,0,105,29,0,0,7,0,0,36,49,0,0,28,8,0,82,303,220,35,255,99,87,994,17301,3052,709,4844,740,225,26859
SOSR213,26,157,18,39,12,0,250,27,173,25,33,9,6,272,255,1241,79,287,73,33,1961,1192,524,184,536,119,12,2566,1183,254,77,597,69,13,2206,2571,295,122,837,125,20,3979,4293,121,84,1066,117,21,5700,5014,40,29,715,58,18,5881,945,15,8,132,12,0,1112,181,0,3,25,0,0,213,41,3,0,9,0,0,61,11,0,0,11,0,0,26,11,0,0,6,0,0,17,28,3,4,10,0,3,39,279,252,45,214,81,66,930,16067,3072,673,4519,677,194,25205
SOSR214,16,83,15,29,7,0,147,10,97,30,29,7,4,170,126,703,75,178,51,15,1149,573,322,121,362,82,16,1476,522,130,42,403,34,8,1140,1612,157,43,562,56,11,2439,2467,73,37,610,77,18,3283,2346,17,7,373,30,12,2785,576,15,0,98,9,4,701,87,0,0,24,6,0,121,28,0,0,6,0,0,33,0,0,0,0,3,0,4,9,0,0,0,6,0,11,17,0,0,17,4,5,42,147,131,36,146,58,35,556,8532,1730,407,2831,413,121,14046
SOSR215,16,88,18,59,26,3,206,16,112,26,53,33,5,242,179,701,155,348,118,17,1522,757,347,117,667,105,36,2018,725,156,30,674,73,9,1657,1693,90,44,818,125,12,2777,2573,42,33,843,84,9,3587,2504,14,10,550,37,8,3126,609,5,0,153,16,0,784,145,6,0,24,5,0,185,43,0,0,23,7,0,70,15,0,0,6,3,0,22,11,0,0,8,0,0,17,27,0,0,28,5,0,68,170,113,16,242,107,59,714,9484,1667,454,4500,734,151,16990
SOSR221,7,28,4,24,33,0,95,0,32,14,23,13,0,83,53,89,18,130,78,8,366,119,14,31,219,34,5,415,129,10,11,194,11,5,357,286,4,3,210,14,0,527,535,0,0,239,19,3,798,424,0,0,119,8,0,559,108,0,0,27,4,0,140,20,0,0,12,0,0,33,9,0,0,0,0,0,14,6,0,0,0,0,0,10,4,0,0,0,0,0,4,12,0,0,3,0,0,17,42,10,4,90,29,6,193,1747,189,93,1296,244,37,3601
SOSR222,0,7,0,20,18,0,50,8,10,0,7,4,0,33,39,37,8,90,29,0,197,78,4,14,136,24,5,259,51,3,5,109,14,0,177,140,0,0,99,15,6,263,158,0,0,112,19,0,290,131,0,0,61,7,0,201,32,0,0,13,0,0,44,16,0,0,8,0,0,24,3,0,0,0,0,0,7,0,0,0,0,0,0,0,0,0,0,3,0,0,6,7,0,0,3,11,0,20,14,6,0,50,21,5,94,670,72,32,719,163,24,1670
SOSR231,13,6,5,236,176,12,451,14,23,10,168,75,0,294,142,25,27,920,378,29,1511,305,16,19,1057,274,11,1672,347,5,3,931,271,9,1569,663,11,7,876,328,10,1895,986,10,6,949,204,12,2178,1015,3,3,657,123,5,1817,529,0,0,221,33,0,786,230,0,4,71,16,0,322,157,0,0,43,3,0,205,60,0,0,22,7,0,93,30,0,0,10,0,0,46,45,0,0,81,17,0,145,123,11,13,797,612,53,1612,4660,115,99,7041,2518,157,14585
SOSR279,0,0,0,0,0,0,0,0,0,0,0,0,0,0,0,0,0,0,0,0,0,0,0,0,0,0,0,0,0,0,0,0,0,0,0,0,0,0,0,0,0,0,0,0,0,0,0,0,0,0,0,0,0,0,0,0,0,0,0,0,0,0,0,0,0,0,0,0,0,0,0,0,0,0,0,0,0,0,0,0,0,0,0,0,0,0,0,0,0,0,0,0,0,0,0,0,0,0,0,0,0,0,0,0,0,0,0,0,0,0,0,0
SOSR299,0,0,0,0,0,0,0,0,0,0,0,0,0,0,0,0,0,0,0,0,0,0,0,0,0,0,0,0,0,0,0,0,0,0,0,0,0,0,0,0,0,0,0,0,0,0,0,0,0,0,0,0,0,0,0,0,0,0,0,0,0,0,0,0,0,0,0,0,0,0,0,0,0,0,0,0,0,0,0,0,0,0,0,0,0,0,0,0,0,0,0,0,0,0,0,0,0,0,0,0,0,0,0,0,0,0,0,0,0,0,0,0
SOSR301,152,1611,75,174,64,18,2095,63,2001,93,106,39,7,2310,542,8887,462,953,319,65,11225,1382,4427,917,1874,574,76,9251,1696,1777,569,1911,440,46,6433,9648,1901,705,3437,2607,102,18406,39385,1409,676,8777,2619,196,53055,89823,518,333,13050,4554,253,108523,42721,133,79,5819,1171,80,50008,15952,36,27,2263,398,25,18699,6262,19,9,961,111,10,7373,2784,6,7,472,65,4,3344,1354,8,3,216,23,3,1611,1873,0,0,401,60,8,2344,3107,1740,260,2021,695,603,8427,216750,24477,4211,42435,13736,1495,303103
SOSR302,67,303,7,68,36,6,486,8,493,25,39,38,3,604,80,2301,112,248,89,10,2836,335,869,245,579,239,24,2290,274,405,148,678,186,22,1710,1009,319,165,1051,277,28,2852,5360,305,196,2601,684,56,9197,22215,170,176,5501,2281,108,30456,23938,41,54,4056,1509,61,29662,11262,3,27,1717,490,43,13541,4680,5,5,797,181,9,5674,2153,6,3,393,53,5,2604,1094,3,5,188,13,3,1305,1434,7,0,308,41,4,1788,1236,443,71,954,296,254,3263,75146,5671,1246,19164,6420,630,108281
SOSR303,42,400,19,40,31,3,543,28,496,55,48,25,4,649,192,1861,149,392,129,16,2748,775,1092,264,724,133,27,3011,1633,408,109,1017,168,27,3358,5843,534,188,1868,1203,43,9690,11959,289,108,3078,687,50,16168,13171,110,80,2462,530,36,16389,3800,24,13,654,109,16,4612,1050,4,0,188,22,4,1275,327,3,0,66,13,0,405,94,3,0,25,6,0,123,57,0,0,24,3,0,87,62,4,0,32,5,0,114,590,438,75,425,195,128,1855,39622,5690,1067,11033,3257,360,61032
SOSR311,17,295,18,48,17,8,402,5,325,21,37,9,0,401,94,1110,105,233,83,17,1639,417,738,241,461,167,14,2029,837,269,88,688,163,14,2063,2785,296,105,1304,189,27,4707,5518,162,116,2014,288,40,8153,6029,47,68,1203,219,19,7585,1719,15,8,269,40,4,2044,385,0,4,71,10,0,478,102,0,0,31,5,0,135,32,0,0,16,0,0,47,10,0,0,5,3,0,17,19,0,0,16,3,0,37,326,290,64,309,122,81,1195,18291,3550,845,6689,1317,237,30929
SOSR312,10,128,11,12,16,3,177,4,110,24,5,9,0,151,98,556,52,106,38,9,851,544,281,134,219,67,13,1251,511,107,70,315,76,19,1101,1333,96,68,522,76,13,2100,2374,38,41,576,53,17,3105,2086,25,12,403,49,3,2574,665,3,4,94,8,5,770,166,0,0,15,0,0,182,49,0,0,9,0,0,56,15,0,0,4,0,0,14,4,0,0,0,0,0,11,10,0,0,6,0,0,16,141,104,16,102,37,40,442,8013,1444,431,2382,420,117,12807
SOSR313,26,147,10,20,219,5,418,17,141,17,22,96,0,294,108,450,44,133,116,13,866,455,359,136,294,151,16,1401,643,134,64,422,85,5,1356,2020,133,76,734,129,20,3103,4032,60,35,995,178,14,5316,4919,18,14,747,114,7,5826,1255,0,0,232,42,0,1533,317,0,0,72,15,0,404,85,0,0,16,0,0,103,22,0,0,4,0,0,34,14,0,0,4,0,0,11,15,0,0,6,4,0,26,227,92,18,177,121,48,680,14147,1539,408,3877,1269,129,21374
SOSR314,44,149,8,27,688,0,914,19,141,15,18,201,0,395,166,513,69,205,335,15,1306,525,372,197,352,140,20,1603,732,137,87,436,94,12,1490,1826,163,102,712,147,21,2972,3245,68,39,938,168,13,4474,3320,20,11,643,69,10,4070,1057,0,0,176,20,0,1254,277,0,0,50,10,0,340,104,0,0,23,13,0,139,26,0,0,8,3,0,46,7,0,0,0,0,0,16,16,0,0,9,8,0,28,217,106,24,185,155,52,733,11580,1669,555,3774,2051,144,19774
SOSR315,56,357,57,56,1292,4,1818,18,331,58,36,191,4,630,191,1193,252,285,300,19,2244,808,648,350,605,251,37,2707,1090,168,85,699,136,26,2203,2763,175,96,1074,282,42,4440,4514,127,50,1209,199,23,6125,3484,48,16,763,116,15,4439,1200,12,3,251,55,6,1530,406,6,0,83,28,0,523,171,3,0,35,33,0,234,84,0,0,14,20,0,112,34,0,0,0,7,0,44,36,0,0,28,5,0,75,262,170,34,274,294,72,1099,15106,3242,1006,5411,3197,248,28217
SOSR321,7,198,50,25,326,0,604,6,173,65,21,73,8,341,51,583,128,143,117,11,1033,169,314,168,325,113,24,1098,201,44,19,350,67,3,690,520,52,42,441,75,4,1136,714,26,23,465,64,6,1293,719,11,5,310,41,7,1092,275,4,0,87,12,0,380,83,0,0,23,3,0,117,49,0,0,10,0,0,62,11,0,0,4,6,0,18,10,0,0,0,0,0,9,7,0,0,11,0,0,20,60,68,33,107,117,19,408,2882,1485,528,2324,1006,84,8307
SOSR322,4,115,54,22,256,3,454,3,109,44,19,57,6,230,30,427,155,133,100,16,861,121,336,129,209,114,18,921,118,23,10,198,24,4,378,288,26,6,235,39,7,606,315,14,0,224,20,0,577,218,0,0,104,11,0,334,62,0,0,20,0,0,85,9,0,0,8,5,0,22,5,0,0,3,0,0,9,4,0,0,0,0,0,4,3,0,0,0,0,0,6,4,0,0,4,3,0,9,24,41,25,63,66,15,234,1214,1089,425,1239,696,64,4732
SOSR331,23,48,19,215,279,3,583,23,41,31,118,142,0,350,75,111,81,819,300,13,1393,196,83,152,1189,366,23,1997,329,22,11,1227,249,23,1862,829,20,7,1403,267,19,2537,1470,20,9,1567,272,20,3348,1581,8,4,1162,146,19,2916,919,6,0,476,54,7,1462,475,0,0,178,23,3,687,202,3,0,68,13,0,286,112,0,0,37,7,0,155,50,0,0,15,0,0,71,57,0,0,55,20,0,131,134,27,17,941,901,82,2109,6458,379,328,9472,3039,208,19883
SOSR379,0,0,0,0,0,0,0,0,0,0,0,0,0,0,0,0,0,0,0,0,0,0,0,0,0,0,0,0,0,0,0,0,0,0,0,0,0,0,0,0,0,0,0,0,0,0,0,0,0,0,0,0,0,0,0,0,0,0,0,0,0,0,0,0,0,0,0,0,0,0,0,0,0,0,0,0,0,0,0,0,0,0,0,0,0,0,0,0,0,0,0,0,0,0,0,0,0,0,0,0,0,0,0,0,0,0,0,0,0,0,0,0
SOSR399,0,0,0,0,0,0,0,0,0,0,0,0,0,0,0,0,0,0,0,0,0,0,0,0,0,0,0,0,0,0,0,0,0,0,0,0,0,0,0,0,0,0,0,0,0,0,0,0,0,0,0,0,0,0,0,0,0,0,0,0,0,0,0,0,0,0,0,0,0,0,0,0,0,0,0,0,0,0,0,0,0,0,0,0,0,0,0,0,0,0,0,0,0,0,0,0,0,0,0,0,0,0,0,0,0,0,0,0,0,0,0,0
SOSR401,55,669,102,176,22,9,1047,26,1461,218,127,37,12,1884,328,8870,1145,1077,226,108,11755,983,3786,2452,1879,259,98,9461,1323,1531,773,2029,212,43,5911,7704,1824,1099,4697,1138,129,16593,23083,1499,802,10104,1176,114,36779,26525,650,404,8054,863,82,36576,9726,108,62,2465,213,16,12582,2913,15,20,696,63,4,3722,1094,16,16,238,24,0,1385,482,20,3,135,9,0,644,258,13,0,50,3,0,336,319,0,3,126,15,4,478,906,1192,447,1277,332,358,4512,75734,21644,7553,33143,4592,991,143655
SOSR412,3,97,13,15,4,3,135,10,259,19,16,13,3,319,206,1225,45,141,69,8,1693,794,671,69,300,79,9,1925,415,237,31,279,46,6,1015,1054,189,38,398,159,5,1848,1789,93,39,473,68,7,2469,1450,15,22,248,35,3,1784,269,3,9,57,3,0,338,38,4,4,7,6,0,54,10,0,0,3,0,0,10,4,0,0,4,0,0,6,0,0,0,3,4,0,4,3,0,0,0,6,0,8,70,149,25,94,38,27,404,6120,2951,311,2033,519,82,12007
SOSR413,11,79,4,28,5,4,125,9,160,21,30,4,4,234,105,881,92,129,61,8,1281,735,453,123,341,98,13,1768,538,182,29,359,52,4,1161,1460,161,37,506,74,9,2250,1351,75,15,473,48,4,1968,567,7,7,199,20,4,799,129,5,0,56,6,0,204,55,0,5,19,7,0,87,28,3,0,6,0,0,37,7,0,0,3,0,0,10,7,0,0,3,0,0,12,7,0,0,3,4,0,16,62,137,20,92,41,36,396,5068,2156,361,2253,417,81,10342
SOSR414,3,0,0,17,0,0,17,6,8,11,3,0,0,26,20,53,9,56,15,0,152,64,65,98,70,40,5,342,66,23,30,86,11,3,220,260,45,31,203,32,0,576,633,11,12,263,22,3,948,456,9,4,100,9,0,570,37,0,0,8,4,0,51,7,0,0,0,0,0,3,4,0,0,0,0,0,4,0,0,0,0,0,0,0,0,0,0,0,0,0,0,0,0,0,0,0,0,4,20,6,6,13,8,9,77,1570,222,206,813,146,30,2988
SOSR415,11,37,19,41,17,0,130,19,98,22,31,30,0,199,134,541,116,236,226,15,1269,583,331,160,532,267,29,1909,550,134,79,517,157,14,1455,1331,138,50,639,127,13,2302,1401,27,20,566,65,10,2089,810,16,7,239,23,6,1104,176,4,7,33,15,3,233,40,0,0,11,3,0,49,5,0,0,0,0,0,5,8,0,0,0,0,0,12,0,0,0,0,0,0,0,3,0,0,7,0,0,12,86,78,24,134,80,40,437,5156,1416,499,2999,1009,126,11211
SOSR421,0,15,9,16,16,0,57,5,50,10,12,11,4,87,22,108,61,89,34,5,322,111,59,41,265,58,8,537,97,16,15,172,17,0,315,221,17,8,190,23,0,461,158,0,3,117,12,0,298,92,0,0,52,5,0,158,17,0,0,12,0,0,36,4,0,0,7,0,0,7,0,0,0,6,0,0,6,0,0,0,0,0,0,0,0,0,0,0,0,0,0,0,5,0,0,0,0,3,4,26,8,51,25,7,123,732,297,158,989,200,33,2410
SOSR422,0,51,10,21,14,0,102,0,117,30,12,6,3,171,9,91,19,81,41,0,241,72,22,17,163,23,5,299,55,0,3,116,16,0,194,96,0,4,109,6,0,218,72,0,0,53,0,0,128,29,0,0,19,0,0,53,3,0,0,9,0,0,15,0,0,0,0,0,0,9,0,0,0,6,0,0,6,0,0,0,0,0,0,6,0,0,0,0,0,0,0,0,0,0,0,4,0,4,3,21,8,29,35,6,99,361,312,100,610,150,13,1539
SOSR431,0,51,41,137,153,8,398,0,60,28,95,43,0,232,43,85,28,488,168,6,818,165,26,34,551,158,9,936,143,5,7,412,73,6,637,310,6,4,447,92,7,868,387,0,3,390,56,3,845,290,0,0,237,34,0,565,101,0,0,66,15,0,183,31,0,0,32,0,0,71,17,0,0,7,6,0,28,6,0,0,9,0,0,12,0,0,0,0,0,0,5,4,0,0,11,5,0,20,19,22,34,303,293,22,691,1514,258,185,3178,1104,63,6308
SOSR479,0,0,0,0,0,0,0,0,0,0,0,0,0,0,0,0,0,0,0,0,0,0,0,0,0,0,0,0,0,0,0,0,0,0,0,0,0,0,0,0,0,0,0,0,0,0,0,0,0,0,0,0,0,0,0,0,0,0,0,0,0,0,0,0,0,0,0,0,0,0,0,0,0,0,0,0,0,0,0,0,0,0,0,0,0,0,0,0,0,0,0,0,0,0,0,0,0,0,0,0,0,0,0,0,0,0,0,0,0,0,0,0
SOSR499,0,0,0,0,0,0,0,0,0,0,0,0,0,0,0,0,0,0,0,0,0,0,0,0,0,0,0,0,0,0,0,0,0,0,0,0,0,0,0,0,0,0,0,0,0,0,0,0,0,0,0,0,0,0,0,0,0,0,0,0,0,0,0,0,0,0,0,0,0,0,0,0,0,0,0,0,0,0,0,0,0,0,0,0,0,0,0,0,0,0,0,0,0,0,0,0,0,0,0,0,0,0,0,0,0,0,0,0,0,0,0,0
SOSR501,126,691,81,233,31,14,1178,29,1134,144,168,34,12,1522,421,7195,604,1423,234,73,9959,1390,3336,1377,2154,344,71,8666,2614,1289,373,2553,310,51,7185,9334,1770,546,5224,1075,59,18008,28709,1284,379,12614,1468,144,44597,45353,553,289,14873,1513,163,62737,19956,97,63,5235,423,43,25811,7155,18,11,1717,106,16,9018,3117,21,15,737,50,7,3949,1656,19,4,390,40,0,2112,922,12,5,194,23,0,1162,1501,8,4,347,45,8,1911,1750,1096,285,2272,497,470,6368,124036,18516,4185,50123,6184,1142,204186
SOSR511,4,21,3,8,8,0,40,3,48,11,4,9,0,80,29,319,39,54,9,5,453,52,202,118,83,31,6,493,121,85,42,155,10,4,414,433,105,24,313,37,4,913,1316,50,19,728,54,6,2167,1648,15,24,492,54,6,2235,335,0,0,64,5,0,413,66,0,0,16,4,0,82,16,0,0,11,0,0,24,5,3,0,0,0,0,8,0,0,0,6,0,0,6,4,0,0,0,0,0,8,62,46,22,72,33,20,252,4104,904,298,1999,244,50,7594
SOSR512,5,51,6,24,7,0,100,6,80,7,27,17,0,141,74,637,113,135,83,14,1055,251,393,168,261,116,19,1209,295,175,40,349,116,3,973,688,302,78,517,153,10,1748,1829,234,53,928,194,10,3246,2261,63,16,777,107,5,3219,755,14,4,166,18,5,958,203,4,0,40,4,0,254,45,3,0,9,0,0,60,9,3,0,3,3,0,21,0,0,0,0,0,0,4,7,0,0,6,0,0,17,101,112,35,136,80,24,485,6529,2068,523,3381,899,92,13496
SOSR513,47,54,6,10,844,0,960,11,70,5,6,63,0,152,25,348,35,42,546,7,997,60,285,37,82,194,5,664,89,209,20,75,193,0,591,201,339,42,139,273,5,997,539,304,41,272,245,4,1402,801,97,24,304,147,4,1388,660,21,0,130,91,0,910,447,3,0,66,47,3,570,310,4,0,52,37,0,404,198,5,0,38,27,0,271,144,3,0,23,26,0,198,198,0,0,27,47,0,275,169,154,24,66,394,28,833,3913,1900,232,1343,3176,57,10612
SOSR514,0,6,0,0,0,0,14,0,14,5,3,0,0,17,5,124,11,30,9,0,171,34,83,7,46,19,0,194,71,45,3,83,9,0,212,208,60,4,128,14,0,415,231,40,6,145,38,0,458,321,7,0,229,11,0,569,212,0,0,96,8,0,323,65,0,0,27,0,0,96,15,0,0,6,13,0,32,4,0,0,0,0,0,7,0,0,0,3,0,0,4,3,0,0,0,0,0,8,16,38,6,42,14,3,116,1189,422,40,839,130,11,2632
SOSR515,27,97,83,20,1020,4,1247,11,95,82,10,145,6,349,63,525,102,128,598,9,1435,216,430,180,191,319,11,1336,237,217,35,289,167,8,951,489,301,54,425,218,5,1492,1028,173,49,595,132,5,1988,869,49,20,442,79,10,1475,275,18,6,110,33,0,438,120,6,0,44,11,0,180,43,4,0,18,8,0,71,24,0,0,7,6,0,39,10,0,0,10,0,0,14,17,0,0,17,9,0,46,80,132,42,94,209,21,573,3500,2043,660,2393,2954,81,11635
SOSR521,9,152,67,15,78,6,325,0,107,40,18,34,0,198,18,254,129,102,113,9,628,89,163,55,168,70,3,550,59,82,23,170,53,0,382,144,82,28,235,64,8,557,219,73,12,211,50,5,561,152,19,3,119,20,0,315,54,5,0,23,8,0,88,15,0,0,12,5,0,28,5,0,0,0,0,0,5,0,0,0,0,0,0,0,0,0,0,0,3,0,4,0,0,0,3,5,0,8,27,68,24,68,113,6,309,779,999,392,1152,610,36,3972
SOSR522,0,241,120,12,92,6,467,9,131,130,10,61,4,343,6,194,96,56,48,7,410,32,98,89,101,52,5,376,43,31,9,94,22,4,206,67,57,20,85,29,4,265,64,19,9,68,22,0,182,32,4,5,28,12,5,81,10,0,0,6,0,0,16,6,0,0,4,0,0,10,0,0,0,0,0,0,0,4,0,0,0,0,0,0,0,0,0,3,0,0,4,0,0,0,4,4,0,6,8,62,22,35,86,4,224,274,845,503,495,424,38,2588
SOSR531,0,175,222,109,112,4,631,5,117,86,50,61,4,315,22,93,102,361,165,5,745,63,34,54,369,145,6,667,79,12,6,340,115,0,560,124,20,19,420,125,5,713,238,18,9,447,92,8,803,381,4,0,397,54,6,843,205,0,0,214,13,4,437,114,0,0,81,10,0,209,59,0,0,33,4,0,102,24,0,0,24,8,0,55,10,0,0,9,3,0,22,9,0,0,13,18,0,46,47,27,37,357,477,22,969,1389,505,535,3237,1394,59,7116
SOSR579,0,0,0,0,0,0,0,0,0,0,0,0,0,0,0,0,0,0,0,0,0,0,0,0,0,0,0,0,0,0,0,0,0,0,0,0,0,0,0,0,0,0,0,0,0,0,0,0,0,0,0,0,0,0,0,0,0,0,0,0,0,0,0,0,0,0,0,0,0,0,0,0,0,0,0,0,0,0,0,0,0,0,0,0,0,0,0,0,0,0,0,0,0,0,0,0,0,0,0,0,0,0,0,0,0,0,0,0,0,0,0,0
SOSR599,0,0,0,0,0,0,0,0,0,0,0,0,0,0,0,0,0,0,0,0,0,0,0,0,0,0,0,0,0,0,0,0,0,0,0,0,0,0,0,0,0,0,0,0,0,0,0,0,0,0,0,0,0,0,0,0,0,0,0,0,0,0,0,0,0,0,0,0,0,0,0,0,0,0,0,0,0,0,0,0,0,0,0,0,0,0,0,0,0,0,0,0,0,0,0,0,0,0,0,0,0,0,0,0,0,0,0,0,0,0,0,0
SOSR603,11,119,16,23,3,0,174,10,197,26,19,0,3,254,60,1434,143,161,32,18,1852,169,857,387,372,64,11,1866,198,415,140,341,32,9,1135,622,481,183,660,72,20,2030,1985,310,133,1321,139,21,3904,4320,157,54,1757,202,25,6508,2561,18,20,859,107,6,3564,1089,3,3,320,23,5,1444,352,3,7,134,11,0,504,134,3,0,55,5,0,194,56,0,0,23,5,0,89,50,0,0,44,3,0,100,167,202,48,205,54,58,739,11770,4197,1155,6288,760,177,24347
SOSR611,3,29,11,17,8,0,72,7,75,37,21,8,0,148,53,451,99,133,23,15,776,298,305,198,284,42,9,1142,360,148,103,316,13,0,937,971,158,194,522,49,11,1906,1839,67,38,671,61,9,2693,1616,14,10,440,40,7,2128,447,6,0,106,12,4,572,97,0,0,22,4,0,120,26,0,0,7,0,0,30,10,0,0,5,0,0,10,0,0,0,0,0,0,3,0,0,0,0,0,0,0,82,62,27,91,19,29,310,5812,1324,728,2628,270,84,10842
SOSR612,0,37,4,7,4,0,52,0,76,10,5,3,0,94,44,399,37,81,28,3,593,231,339,87,170,41,3,869,215,207,65,223,35,9,751,739,258,54,437,66,7,1565,939,62,20,436,56,9,1525,323,11,5,120,28,3,493,46,0,4,24,4,0,79,10,3,0,9,3,0,21,0,3,0,0,0,0,6,0,0,0,0,4,0,6,0,0,0,0,0,0,0,3,0,0,0,0,0,7,35,77,17,52,16,16,221,2592,1482,293,1557,298,51,6273
SOSR613,0,9,7,0,0,0,16,0,12,3,3,6,0,25,4,93,4,15,7,3,128,28,57,14,42,3,5,153,42,34,32,66,5,0,182,99,65,13,117,16,4,312,146,13,0,157,9,3,330,64,0,5,51,4,0,122,7,0,0,0,0,0,10,0,0,0,0,0,0,0,0,0,0,0,0,0,0,0,0,0,0,0,0,0,0,0,0,0,0,0,0,0,0,0,0,0,0,0,6,17,6,19,0,9,53,397,317,83,464,53,22,1334
SOSR614,0,11,5,0,0,0,23,0,30,4,3,0,0,40,0,156,37,21,5,0,223,28,59,30,53,16,3,189,40,26,21,74,3,0,171,103,39,5,92,8,3,243,246,23,0,142,19,0,438,193,5,0,97,5,4,313,34,0,0,12,4,0,52,4,0,0,4,0,0,7,0,0,0,0,0,0,0,0,0,0,3,0,0,3,0,0,0,0,0,0,3,0,0,0,4,0,0,4,8,19,4,18,3,6,59,667,372,108,528,71,16,1765
SOSR615,5,19,11,17,33,0,86,4,49,19,14,0,0,85,58,356,71,98,33,7,620,191,200,118,209,39,16,774,216,100,49,266,42,6,682,622,112,41,417,45,15,1247,906,44,6,491,49,11,1508,706,6,3,265,43,3,1031,219,3,0,60,4,0,287,37,0,0,16,0,0,52,4,0,0,3,0,0,7,4,0,0,0,0,0,8,6,0,0,0,0,0,5,0,0,0,5,0,0,3,40,42,12,85,24,20,215,3015,935,331,1939,316,77,6605
SOSR621,5,6,0,9,41,0,66,3,9,5,4,5,0,29,20,31,28,36,26,5,149,87,22,26,97,20,3,257,47,3,5,81,14,5,149,120,16,3,136,21,0,298,168,4,3,144,12,0,341,104,0,0,94,7,0,209,42,0,0,24,0,0,71,6,0,0,12,0,0,17,0,0,0,3,0,0,7,0,0,0,0,0,0,0,0,0,0,0,0,0,0,0,0,0,0,0,0,3,10,0,0,26,16,9,63,620,104,69,668,160,22,1647
SOSR622,0,0,0,9,3,0,9,0,5,4,4,0,0,14,0,18,5,14,6,0,39,19,4,5,31,3,0,69,16,0,3,48,3,0,73,42,0,0,56,0,0,99,63,0,0,57,0,0,126,38,0,0,29,4,0,66,8,0,0,8,0,0,15,9,0,0,0,0,0,9,3,0,0,0,0,0,3,0,0,0,0,0,0,0,0,0,0,0,0,0,0,0,0,0,0,0,0,0,7,0,0,10,4,0,21,201,30,21,265,27,9,549
SOSR631,7,7,6,75,81,4,170,3,0,3,44,13,0,68,17,23,13,243,83,4,385,82,14,13,326,94,10,536,85,4,0,312,73,6,479,200,0,0,377,66,4,653,340,0,7,404,55,3,801,334,0,0,291,28,0,656,124,0,0,64,7,0,196,41,0,0,13,4,0,64,8,0,0,11,0,0,15,3,0,0,3,0,0,6,0,0,0,0,0,0,0,0,0,0,4,0,0,10,24,3,4,165,148,14,355,1252,61,46,2345,646,46,4402
SOSR679,0,0,0,0,0,0,0,0,0,0,0,0,0,0,0,0,0,0,0,0,0,0,0,0,0,0,0,0,0,0,0,0,0,0,0,0,0,0,0,0,0,0,0,0,0,0,0,0,0,0,0,0,0,0,0,0,0,0,0,0,0,0,0,0,0,0,0,0,0,0,0,0,0,0,0,0,0,0,0,0,0,0,0,0,0,0,0,0,0,0,0,0,0,0,0,0,0,0,0,0,0,0,0,0,0,0,0,0,0,0,0,0
SOSR699,0,0,0,0,0,0,0,0,0,0,0,0,0,0,0,0,0,0,0,0,0,0,0,0,0,0,0,0,0,0,0,0,0,0,0,0,0,0,0,0,0,0,0,0,0,0,0,0,0,0,0,0,0,0,0,0,0,0,0,0,0,0,0,0,0,0,0,0,0,0,0,0,0,0,0,0,0,0,0,0,0,0,0,0,0,0,0,0,0,0,0,0,0,0,0,0,0,0,0,0,0,0,0,0,0,0,0,0,0,0,0,0
SOSR703,6,133,17,7,9,0,174,9,353,7,9,0,3,383,33,682,45,51,29,3,845,104,388,26,125,26,7,670,160,152,41,162,38,5,553,651,213,44,241,707,14,1862,1864,163,36,644,311,9,3020,3297,93,15,1016,204,10,4631,2644,64,3,625,108,9,3465,1592,12,0,278,40,3,1928,694,3,0,105,8,3,819,266,0,0,53,9,0,330,129,5,0,20,3,0,154,111,4,0,31,8,0,153,210,327,25,156,128,41,890,11759,2583,261,3523,1639,117,19883
SOSR712,4,66,10,0,8,0,90,0,143,7,0,4,0,150,0,220,30,12,26,3,292,8,101,24,24,21,0,174,12,49,15,26,15,0,116,70,54,18,41,20,0,200,296,31,20,92,22,0,457,517,21,4,190,18,4,758,418,10,0,197,27,0,659,217,3,0,92,14,0,329,98,0,0,28,4,0,128,40,0,0,18,3,0,59,19,0,0,8,0,0,29,15,0,0,14,0,0,30,52,77,9,27,95,8,263,1763,784,121,774,283,16,3738
SOSR714,0,4,0,0,0,0,12,0,18,0,0,0,0,20,4,77,17,3,14,0,106,3,47,6,5,29,3,101,10,21,19,8,9,0,63,23,19,4,8,41,0,93,72,11,4,13,21,0,124,175,6,0,50,14,0,250,122,6,0,25,8,0,168,38,3,0,6,0,0,52,16,0,0,3,0,0,15,12,0,0,0,0,0,16,3,0,0,0,0,0,4,4,0,0,0,0,0,3,16,30,3,6,21,4,88,500,247,57,131,161,8,1113
SOSR715,3,296,268,0,188,16,765,0,193,96,0,23,8,321,11,210,110,0,46,0,379,14,181,54,13,65,0,323,7,82,11,0,26,0,127,8,79,14,13,28,0,144,22,13,9,18,20,0,75,25,13,0,26,16,0,81,15,7,0,6,13,0,47,3,0,0,0,8,0,11,0,0,0,3,4,0,14,3,0,0,0,6,0,9,0,0,0,0,0,0,0,3,0,0,3,0,0,6,17,76,27,14,202,5,346,141,1152,590,97,634,39,2645
SOSR721,3,393,226,5,131,5,754,0,193,102,0,150,0,438,0,180,38,0,132,0,350,0,74,11,4,55,0,149,0,18,11,0,60,0,94,0,13,3,4,23,0,45,4,5,7,8,18,0,47,12,6,0,3,7,0,25,6,0,0,3,7,0,19,3,0,0,6,0,0,8,4,0,0,0,0,0,4,0,0,0,3,0,0,11,0,0,0,0,0,0,4,0,0,0,3,6,0,3,4,53,13,8,111,6,190,43,929,410,41,699,20,2143
SOSR722,0,447,119,3,36,8,610,0,263,68,0,11,3,352,0,195,76,8,16,0,291,0,136,51,11,12,0,206,0,25,9,10,6,0,45,0,28,6,12,0,0,57,3,8,0,19,8,0,42,9,9,0,6,0,0,31,4,4,0,4,4,0,13,0,0,0,4,0,0,5,0,0,0,0,0,0,0,0,0,0,0,0,0,0,0,0,0,0,0,0,0,0,0,0,0,0,0,0,0,68,31,5,60,0,162,25,1186,368,88,145,20,1830
SOSR731,0,217,243,12,30,14,517,0,86,42,3,17,0,147,0,40,37,27,36,3,138,0,30,12,31,19,0,89,3,12,6,40,16,0,71,8,18,4,73,142,0,245,24,7,4,86,44,0,162,69,0,0,122,15,3,214,76,0,0,84,12,0,174,78,0,0,35,6,0,112,27,0,0,20,0,0,50,9,0,0,8,0,0,15,0,0,0,6,0,0,8,5,0,0,6,0,0,9,10,51,55,60,109,10,292,307,457,398,599,454,38,2250
SOSR779,0,0,0,0,0,0,0,0,0,0,0,0,0,0,0,0,0,0,0,0,0,0,0,0,0,0,0,0,0,0,0,0,0,0,0,0,0,0,0,0,0,0,0,0,0,0,0,0,0,0,0,0,0,0,0,0,0,0,0,0,0,0,0,0,0,0,0,0,0,0,0,0,0,0,0,0,0,0,0,0,0,0,0,0,0,0,0,0,0,0,0,0,0,0,0,0,0,0,0,0,0,0,0,0,0,0,0,0,0,0,0,0
SOSR799,0,0,0,0,0,0,0,0,0,0,0,0,0,0,0,0,0,0,0,0,0,0,0,0,0,0,0,0,0,0,0,0,0,0,0,0,0,0,0,0,0,0,0,0,0,0,0,0,0,0,0,0,0,0,0,0,0,0,0,0,0,0,0,0,0,0,0,0,0,0,0,0,0,0,0,0,0,0,0,0,0,0,0,0,0,0,0,0,0,0,0,0,0,0,0,0,0,0,0,0,0,0,0,0,0,0,0,0,0,0,0,0
SOSR802,12,414,19,38,14,0,503,0,468,41,23,7,3,545,37,3203,113,166,34,12,3557,94,1185,170,301,71,9,1823,76,594,71,288,46,11,1081,289,638,108,452,506,3,2004,1100,596,179,893,549,9,3328,6677,643,185,2577,630,13,10732,9592,248,45,2663,348,13,12905,5886,42,16,1505,207,13,7672,2533,14,8,623,79,7,3269,958,11,3,296,32,0,1291,413,10,0,98,14,3,533,564,4,3,153,13,4,739,381,478,65,420,157,113,1615,28618,8556,1012,10491,2717,208,51598
SOSR822,0,0,0,0,0,0,0,0,0,0,0,0,0,0,0,7,0,0,0,0,7,0,0,0,0,0,0,0,0,0,0,0,0,0,0,0,0,0,0,0,0,0,0,0,0,0,0,0,0,0,0,0,0,0,0,3,4,0,0,0,0,0,3,4,0,0,0,0,0,4,0,0,0,0,0,0,0,0,0,0,0,0,0,0,0,0,0,0,0,0,0,0,0,0,0,0,0,0,0,0,0,0,0,0,0,9,11,0,0,0,0,27
SOSR831,0,0,0,0,0,0,0,0,0,0,0,0,0,0,0,0,0,0,0,0,5,0,0,0,0,7,0,5,0,0,0,0,5,0,6,0,0,0,4,0,0,4,0,4,0,0,0,0,7,0,0,0,3,0,0,14,0,0,0,8,6,0,12,0,0,0,4,0,0,4,0,0,0,0,0,0,0,0,0,0,0,0,0,0,0,0,0,0,0,0,4,0,0,0,0,0,0,0,0,0,0,3,3,0,7,8,9,0,22,18,0,57
SOSR879,0,0,0,0,0,0,0,0,0,0,0,0,0,0,0,0,0,0,0,0,0,0,0,0,0,0,0,0,0,0,0,0,0,0,0,0,0,0,0,0,0,0,0,0,0,0,0,0,0,0,0,0,0,0,0,0,0,0,0,0,0,0,0,0,0,0,0,0,0,0,0,0,0,0,0,0,0,0,0,0,0,0,0,0,0,0,0,0,0,0,0,0,0,0,0,0,0,0,0,0,0,0,0,0,0,0,0,0,0,0,0,0
SOSR899,0,0,0,0,0,0,0,0,0,0,0,0,0,0,0,0,0,0,0,0,0,0,0,0,0,0,0,0,0,0,0,0,0,0,0,0,0,0,0,0,0,0,0,0,0,0,0,0,0,0,0,0,0,0,0,0,0,0,0,0,0,0,0,0,0,0,0,0,0,0,0,0,0,0,0,0,0,0,0,0,0,0,0,0,0,0,0,0,0,0,0,0,0,0,0,0,0,0,0,0,0,0,0,0,0,0,0,0,0,0,0,0
SOSR915,0,9,0,0,23,0,35,0,13,0,0,3,0,26,0,23,0,3,6,0,35,0,23,0,5,3,0,32,0,0,0,11,0,0,13,0,3,0,6,0,0,12,0,3,0,10,0,0,13,0,0,0,13,7,0,16,0,0,0,5,0,0,4,0,0,0,3,0,0,3,0,0,0,0,0,0,0,0,0,0,0,0,0,0,0,0,0,0,0,0,0,0,0,0,0,0,0,0,0,4,0,4,8,0,14,0,86,5,58,52,0,204
SOSR921,0,0,0,3,0,0,3,0,0,0,3,0,0,5,0,0,0,17,0,0,16,10,0,0,17,4,0,31,8,0,0,23,0,0,38,12,0,0,24,3,0,33,29,0,0,17,0,0,50,13,0,0,5,0,0,20,3,0,0,0,0,0,9,0,0,0,0,0,0,0,0,0,0,0,0,0,0,0,0,0,0,0,0,0,0,0,0,0,0,0,0,0,0,0,0,0,0,0,6,0,0,4,7,0,14,80,0,0,115,22,0,220
SOSR922,0,7,0,0,12,0,18,0,0,0,0,0,0,0,0,8,0,3,0,0,11,3,0,0,0,0,0,7,0,0,0,0,0,0,0,7,15,3,0,0,0,28,0,6,0,0,9,0,8,0,0,0,0,5,0,3,0,0,3,0,4,0,6,4,0,0,0,4,0,8,0,0,0,0,0,0,0,0,0,0,0,0,0,0,0,0,0,0,0,0,0,0,0,0,0,0,0,0,0,5,0,0,3,0,13,17,47,9,3,32,0,111
SOSR931,0,0,23,4,0,0,29,0,0,0,0,0,0,0,0,0,0,5,0,0,10,0,0,0,5,0,0,5,0,0,0,5,0,0,5,3,0,0,6,0,0,4,6,0,0,0,0,0,8,9,0,0,4,0,0,11,3,0,0,0,0,0,3,0,0,0,0,0,0,0,0,0,0,0,0,0,0,0,0,0,0,0,0,0,0,0,0,0,0,0,0,0,0,0,0,0,0,0,0,0,0,0,0,0,0,16,0,28,27,4,0,70
SOSR979,0,0,0,0,0,0,0,0,0,0,0,0,0,0,0,0,0,0,0,0,0,0,0,0,0,0,0,0,0,0,0,0,0,0,0,0,0,0,0,0,0,0,0,0,0,0,0,0,0,0,0,0,0,0,0,0,0,0,0,0,0,0,0,0,0,0,0,0,0,0,0,0,0,0,0,0,0,0,0,0,0,0,0,0,0,0,0,0,0,0,0,0,0,0,0,0,0,0,0,0,0,0,0,0,0,0,0,0,0,0,0,0
SOSR999,0,0,0,0,0,0,0,0,0,0,0,0,0,0,0,0,0,0,0,0,0,0,0,0,0,0,0,0,0,0,0,0,0,0,0,0,0,0,0,0,0,0,0,0,0,0,0,0,0,0,0,0,0,0,0,0,0,0,0,0,0,0,0,0,0,0,0,0,0,0,0,0,0,0,0,0,0,0,0,0,0,0,0,0,0,0,0,0,0,0,0,0,0,0,0,0,0,0,0,0,0,0,0,0,0,0,0,0,0,0,0,0
