SA1_CODE_2021,Malaysia_population,total_population,concentration_ratio,is_cluster,Median_rent_weekly,Median_mortgage_repay_monthly,Median_tot_hhd_inc_weekly,Average_household_size,rent_to_income_ratio,mortgage_to_income_ratio,rent_affordability,mortgage_affordability
20604150406,790,1959,0.4032669729453803,True,385,1777,1062,1.7,0.3625235404896422,0.3861364624076489,Moderately_Affordable,Moderately_Affordable
20604150504,703,5908,0.11899119837508464,True,351,1710,1260,1.8,0.2785714285714286,0.3131868131868132,Affordable,Moderately_Affordable
12003167812,451,3237,0.13932653691689836,True,600,2499,1353,2.3,0.4434589800443459,0.4262323042810848,Expensive,Expensive
90101100104,440,1134,0.3880070546737213,True,140,1679,1980,2.5,0.0707070707070707,0.19568764568764568,Affordable,Affordable
50604113324,434,2762,0.15713251267197684,True,403,1850,2035,2.9,0.19803439803439804,0.2097902097902098,Affordable,Affordable
50604113528,419,3928,0.10667006109979633,True,463,2300,2714,3.7,0.17059690493736182,0.19556714471968709,Affordable,Affordable
20604150408,417,1635,0.25504587155963304,True,400,1950,803,1.8,0.49813200498132004,0.5603985056039851,Expensive,Very_Expensive
50607114602,375,1387,0.27036770007209804,True,300,3148,2433,3.1,0.12330456226880394,0.2985867400170729,Affordable,Affordable
20604150518,371,2943,0.12606184165817194,True,437,1898,1413,1.8,0.30927105449398445,0.3099787685774947,Moderately_Affordable,Moderately_Affordable
20703116312,360,1537,0.2342225113858165,True,378,1571,1166,2.0,0.3241852487135506,0.3109249241324713,Moderately_Affordable,Moderately_Affordable
11902166017,345,1079,0.31974050046339203,True,520,2000,1578,3.2,0.32953105196451205,0.2924831822170225,Moderately_Affordable,Affordable
20604150413,340,1173,0.2898550724637681,True,400,2175,1486,2.3,0.2691790040376851,0.33776788487421056,Affordable,Moderately_Affordable
50604113343,332,1533,0.21656881930854532,True,400,1759,1570,2.6,0.25477707006369427,0.25854973052425284,Affordable,Affordable
50603112434,329,1706,0.19284876905041032,True,350,1700,1760,2.7,0.19886363636363635,0.2229020979020979,Affordable,Affordable
50603113118,326,1522,0.21419185282522996,True,400,2196,2664,3.5,0.15015015015015015,0.19022869022869024,Affordable,Affordable
20604150420,322,1284,0.2507788161993769,True,340,1549,1100,1.8,0.3090909090909091,0.324965034965035,Moderately_Affordable,Moderately_Affordable
50603112525,321,1095,0.29315068493150687,True,470,1886,1760,2.9,0.26704545454545453,0.2472902097902098,Affordable,Affordable
21205132253,320,1861,0.17195056421278881,True,460,1988,1385,2.0,0.33212996389891697,0.3312413218550403,Moderately_Affordable,Moderately_Affordable
50704117910,319,788,0.40482233502538073,True,550,3000,2270,3.1,0.2422907488986784,0.3049813622500847,Affordable,Moderately_Affordable
50704118227,317,1214,0.26112026359143325,True,486,2167,2411,3.0,0.20157610949813357,0.207414733752353,Affordable,Affordable
50603112819,316,1549,0.2040025823111685,True,350,1550,1585,2.5,0.22082018927444794,0.22567338024751274,Affordable,Affordable
50704117916,316,1208,0.26158940397350994,True,400,2000,1897,3.0,0.21085925144965736,0.24329913628806618,Affordable,Affordable
20703116346,313,1389,0.22534197264218864,True,381,1700,1065,1.8,0.35774647887323946,0.36836403033586135,Moderately_Affordable,Moderately_Affordable
50603113108,309,1711,0.18059614260666276,True,463,2000,2277,3.2,0.20333772507685552,0.2026958548697679,Affordable,Affordable
20604150427,303,1206,0.2512437810945274,True,351,2000,1206,1.7,0.291044776119403,0.3827018752391887,Affordable,Moderately_Affordable
20604150414,302,2660,0.11353383458646617,True,420,1800,713,1.6,0.5890603085553997,0.5825871183514942,Very_Expensive,Very_Expensive
20702115752,300,1100,0.2727272727272727,True,763,3550,3303,3.3,0.23100211928549802,0.24802626982463494,Affordable,Affordable
21101125436,294,1269,0.23167848699763594,True,566,2500,2862,3.2,0.19776380153738643,0.20158039025963553,Affordable,Affordable
50603112437,293,1511,0.19391131700860356,True,300,1750,1225,2.8,0.24489795918367346,0.32967032967032966,Affordable,Moderately_Affordable
20604111737,292,2285,0.12778993435448577,True,413,1771,522,1.7,0.7911877394636015,0.7829354553492485,Very_Expensive,Very_Expensive
20604150314,287,1106,0.25949367088607594,True,450,1792,1337,1.7,0.3365744203440538,0.3093032621828433,Moderately_Affordable,Moderately_Affordable
20604150421,282,1523,0.1851608667104399,True,375,1600,975,1.6,0.38461538461538464,0.378698224852071,Moderately_Affordable,Moderately_Affordable
21503140302,279,861,0.3240418118466899,True,230,1083,1220,2.8,0.1885245901639344,0.20485498108448927,Affordable,Affordable
20604150404,278,1461,0.19028062970568105,True,361,2000,928,1.8,0.3890086206896552,0.4973474801061008,Moderately_Affordable,Expensive
50603112831,277,1073,0.2581547064305685,True,388,1800,1653,2.6,0.23472474289171205,0.2512913583693983,Affordable,Affordable
20604111743,268,1902,0.14090431125131442,True,340,2000,826,1.7,0.4116222760290557,0.5587632706276774,Expensive,Very_Expensive
90101100101,267,648,0.41203703703703703,True,0,0,0,0.0,,,Unknown,Unknown
90101100103,267,682,0.3914956011730205,True,150,1500,2486,2.7,0.06033789219629927,0.13924128968376756,Affordable,Affordable
50604113305,264,1560,0.16923076923076924,True,400,2000,2378,3.1,0.16820857863751051,0.19408682150481982,Affordable,Affordable
90101100105,263,836,0.3145933014354067,True,200,1010,1886,2.4,0.10604453870625663,0.12358267395382984,Affordable,Affordable
50603112926,262,1173,0.22335890878090367,True,420,2288,1850,2.9,0.22702702702702704,0.28540540540540543,Affordable,Affordable
21503140301,259,807,0.32094175960346966,True,250,792,1062,3.0,0.23540489642184556,0.17209908735332463,Affordable,Affordable
50704118224,258,1318,0.19575113808801214,True,430,1905,1916,2.7,0.2244258872651357,0.22944435522723622,Affordable,Affordable
21101125438,258,1148,0.22473867595818817,True,580,2800,2600,3.2,0.2230769230769231,0.2485207100591716,Affordable,Affordable
21205132221,258,1004,0.25697211155378485,True,472,2500,2233,3.0,0.21137483206448723,0.2583623273278446,Affordable,Affordable
50603112707,251,1688,0.14869668246445497,True,455,2000,2215,3.4,0.2054176072234763,0.20836950859524223,Affordable,Affordable
50603113133,249,1182,0.21065989847715735,True,420,2200,2194,3.2,0.19143117593436645,0.2314003225580254,Affordable,Affordable
50603113125,246,1281,0.1920374707259953,True,400,2014,2169,3.2,0.18441678192715538,0.21427811469305244,Affordable,Affordable
50603112517,245,1201,0.20399666944213155,True,450,1997,2568,3.2,0.17523364485981308,0.17945722501797268,Affordable,Affordable
20604150505,244,1161,0.21016365202411713,True,391,1560,1329,1.9,0.2942061700526712,0.2708803611738149,Affordable,Affordable
21503140311,244,1317,0.1852695520121488,True,200,941,1010,3.1,0.19801980198019803,0.215003808073115,Affordable,Affordable
20604150411,243,1337,0.18175018698578907,True,375,1900,877,1.7,0.427594070695553,0.4999561441978774,Expensive,Expensive
50603112751,238,742,0.32075471698113206,True,340,1383,1317,1.9,0.25816249050873197,0.24233397581916943,Affordable,Affordable
50704117908,238,912,0.26096491228070173,True,350,1868,2011,2.7,0.174042764793635,0.21435948437440233,Affordable,Affordable
20604111749,237,826,0.28692493946731235,True,372,1500,1043,1.5,0.3566634707574305,0.3318828822184527,Moderately_Affordable,Moderately_Affordable
20702115751,236,1144,0.2062937062937063,True,523,2200,1869,2.2,0.279828785446763,0.2716384738856649,Affordable,Affordable
50704118418,236,1199,0.19683069224353628,True,640,2800,2250,3.2,0.28444444444444444,0.28717948717948716,Affordable,Affordable
50704117905,234,1264,0.185126582278481,True,450,2587,2578,3.2,0.17455391776570986,0.23157486423584173,Affordable,Affordable
50603113114,234,878,0.26651480637813213,True,450,2000,2058,2.9,0.21865889212827988,0.22426553038797936,Affordable,Affordable
20703116303,232,901,0.25749167591564925,True,456,1977,1455,2.5,0.3134020618556701,0.3135606661379857,Moderately_Affordable,Moderately_Affordable
20702142505,232,1494,0.15528781793842034,True,430,2178,1463,2.3,0.2939166097060834,0.3435511856564488,Affordable,Moderately_Affordable
50603113132,231,1172,0.197098976109215,True,428,2300,2391,3.2,0.17900460058552906,0.22198629475919313,Affordable,Affordable
20604150434,230,1381,0.166545981173063,True,396,1512,1327,1.9,0.2984174830444612,0.2629412787664483,Affordable,Affordable
50704117917,229,1337,0.1712789827973074,True,410,2063,2455,2.9,0.1670061099796334,0.193921353595488,Affordable,Affordable
50604113758,227,1373,0.16533139111434814,True,400,1898,1882,2.8,0.21253985122210414,0.23273113708820403,Affordable,Affordable
50603112912,227,1292,0.17569659442724458,True,400,2069,2091,2.9,0.1912960306073649,0.228341242688445,Affordable,Affordable
50603113128,225,930,0.24193548387096775,True,413,2141,1937,2.9,0.21321631388745482,0.25507326952861287,Affordable,Affordable
50604113534,222,1027,0.21616358325219084,True,370,1500,1632,2.5,0.2267156862745098,0.21210407239819004,Affordable,Affordable
21502146935,222,1198,0.18530884808013356,True,250,867,1194,2.7,0.20938023450586266,0.16756861229223038,Affordable,Affordable
50603112426,222,1383,0.16052060737527116,True,375,1300,1687,3.4,0.22228808535862477,0.17783046828689983,Affordable,Affordable
11902165907,221,920,0.24021739130434783,True,410,2383,1534,2.6,0.26727509778357234,0.35848961989770334,Affordable,Moderately_Affordable
50603113120,220,1219,0.1804757998359311,True,400,1908,2094,3.1,0.19102196752626552,0.21027110425391227,Affordable,Affordable
21101125416,220,1263,0.17418844022169439,True,441,2167,2306,3.1,0.19124024284475283,0.21685902995530054,Affordable,Affordable
50603112830,219,1076,0.20353159851301114,True,345,1733,1437,2.4,0.24008350730688935,0.27830415930624697,Affordable,Affordable
20703116351,216,1504,0.14361702127659576,True,492,1962,785,1.9,0.6267515923566879,0.5767760901518864,Very_Expensive,Very_Expensive
50603113110,215,1217,0.17666392769104355,True,450,2000,2343,3.1,0.19206145966709348,0.19698611247907022,Affordable,Affordable
21205132254,213,1032,0.2063953488372093,True,401,2167,1533,2.6,0.26157860404435745,0.32620803853680563,Affordable,Moderately_Affordable
20604150426,212,1027,0.20642648490749757,True,369,1800,942,1.7,0.39171974522292996,0.44096031357177856,Moderately_Affordable,Expensive
21205156713,212,893,0.2374020156774916,True,378,2200,1333,2.6,0.2835708927231808,0.380864446880951,Affordable,Moderately_Affordable
20604150401,211,1263,0.16706254948535235,True,371,1846,790,1.6,0.46962025316455697,0.5392405063291139,Expensive,Very_Expensive
21204131740,211,1131,0.1865605658709107,True,366,1517,1687,3.1,0.2169531713100178,0.2075144772240208,Affordable,Affordable
20703116357,211,1524,0.1384514435695538,True,411,1538,1051,1.8,0.3910561370123692,0.3377003586328039,Moderately_Affordable,Moderately_Affordable
21101125435,209,792,0.2638888888888889,True,471,2300,2616,3.1,0.18004587155963303,0.20289343683839098,Affordable,Affordable
50603112923,209,1281,0.16315378610460576,True,440,2167,1954,2.9,0.22517911975435004,0.255924730336194,Affordable,Affordable
50603112825,209,1083,0.19298245614035087,True,355,1700,1769,2.5,0.2006783493499152,0.22176805670304822,Affordable,Affordable
50604113325,208,1234,0.1685575364667747,True,500,2300,2691,3.7,0.18580453363062058,0.19723865877712032,Affordable,Affordable
50704117911,208,989,0.2103134479271992,True,445,2260,1833,2.6,0.24277141298417895,0.28452725670401613,Affordable,Affordable
50604113354,207,911,0.22722283205268934,True,400,1918,2178,3.1,0.18365472910927455,0.2032210214028396,Affordable,Affordable
20703116409,207,1341,0.15436241610738255,True,381,1863,1459,2.2,0.26113776559287183,0.29466968946064215,Affordable,Affordable
21204146004,207,1637,0.1264508246792914,True,335,1497,1323,2.4,0.25321239606953894,0.261119832548404,Affordable,Affordable
21205132550,206,1350,0.15259259259259259,True,493,2600,2404,2.7,0.2050748752079867,0.24958402662229617,Affordable,Affordable
50704117607,206,1243,0.16572807723250202,True,433,2000,2368,3.0,0.18285472972972974,0.1949064449064449,Affordable,Affordable
20604150512,205,1598,0.12828535669586985,True,401,1800,1603,2.0,0.25015595757953835,0.2591295167714382,Affordable,Affordable
50603113105,205,927,0.22114347357065803,True,400,2000,2327,3.0,0.17189514396218306,0.19834055072559584,Affordable,Affordable
20604150432,203,1491,0.13615023474178403,True,350,1812,966,1.5,0.36231884057971014,0.4328714763497372,Moderately_Affordable,Expensive
20703116334,203,1800,0.11277777777777778,True,391,1700,1262,2.0,0.3098256735340729,0.3108618798000731,Moderately_Affordable,Moderately_Affordable
20604150309,201,718,0.2799442896935933,True,341,1517,1343,2.0,0.2539091586001489,0.2606678503923478,Affordable,Affordable
50604113348,200,1403,0.14255167498218105,True,450,2000,2801,3.5,0.16065690824705461,0.16477631615082525,Affordable,Affordable
50607114605,199,836,0.23803827751196172,True,500,2000,2283,3.2,0.21901007446342532,0.20216314565854646,Affordable,Affordable
50302129513,198,1758,0.11262798634812286,True,420,1775,1995,1.9,0.21052631578947367,0.205320994794679,Affordable,Affordable
20604150524,197,1187,0.16596461668070767,True,369,1935,1413,1.8,0.2611464968152866,0.3160215580597746,Affordable,Moderately_Affordable
50603113111,195,663,0.29411764705882354,True,420,2126,2020,3.2,0.2079207920792079,0.24287890327494288,Affordable,Affordable
50604113736,194,1680,0.11547619047619048,True,350,1700,1825,3.1,0.1917808219178082,0.21496311907270813,Affordable,Affordable
20702115756,194,656,0.29573170731707316,True,830,3683,2625,3.0,0.3161904761904762,0.32378021978021976,Moderately_Affordable,Moderately_Affordable
20604150403,194,960,0.20208333333333334,True,392,1900,1420,2.0,0.27605633802816903,0.3087757313109426,Affordable,Moderately_Affordable
50603112521,193,863,0.22363847045191193,True,500,2167,2774,3.4,0.1802451333813987,0.18027286340191892,Affordable,Affordable
50704117831,191,1093,0.1747483989021043,True,320,1950,1604,2.4,0.19950124688279303,0.2805486284289277,Affordable,Affordable
50603112722,191,849,0.2249705535924617,True,338,1733,1525,2.6,0.2216393442622951,0.26224464060529634,Affordable,Affordable
50603112835,190,866,0.21939953810623555,True,300,1700,1605,2.3,0.18691588785046728,0.24442846872753415,Affordable,Affordable
50603112436,189,938,0.20149253731343283,True,320,1600,1542,2.5,0.20752269779507135,0.23944926668662078,Affordable,Affordable
50603113123,189,1040,0.18173076923076922,True,430,2183,2395,3.1,0.17954070981210857,0.21034205877629678,Affordable,Affordable
20703116352,189,652,0.2898773006134969,True,379,1750,1444,2.4,0.26246537396121883,0.2796718516940124,Affordable,Affordable
50301103533,188,1575,0.11936507936507937,True,745,6000,3524,2.8,0.21140749148694665,0.3929101545446608,Affordable,Moderately_Affordable
11902165926,188,830,0.22650602409638554,True,480,2000,1735,3.0,0.276657060518732,0.2660164043449346,Affordable,Affordable
21205132120,187,902,0.2073170731707317,True,550,2925,2279,3.1,0.2413339183852567,0.2961825362000878,Affordable,Affordable
50601130836,187,1268,0.1474763406940063,True,420,2167,2652,3.4,0.1583710407239819,0.1885659589279499,Affordable,Affordable
20703116350,187,1007,0.18570009930486595,True,335,1640,972,1.8,0.3446502057613169,0.38936372269705605,Moderately_Affordable,Moderately_Affordable
50603112832,187,993,0.18831822759315206,True,340,1683,1775,2.6,0.19154929577464788,0.2188082340195016,Affordable,Affordable
20702142437,186,1390,0.13381294964028778,True,425,1733,1478,2.1,0.28755074424898514,0.27058394920370565,Affordable,Affordable
12003167827,185,1781,0.10387422796181921,True,500,2008,1625,2.6,0.3076923076923077,0.2851597633136095,Moderately_Affordable,Affordable
20702142514,185,1437,0.12874043145441894,True,511,2600,1812,2.9,0.28200883002207505,0.33112582781456956,Affordable,Moderately_Affordable
50604113360,185,1015,0.18226600985221675,True,410,1900,2349,3.0,0.17454235845040442,0.18665880734846252,Affordable,Affordable
50701115920,185,1196,0.15468227424749165,True,500,2167,2963,3.1,0.16874789065136686,0.1687738518653132,Affordable,Affordable
21503140305,184,978,0.18813905930470348,True,220,1185,1804,3.0,0.12195121951219512,0.1515862186593894,Affordable,Affordable
20604150903,184,1735,0.10605187319884726,True,400,2079,1447,1.7,0.27643400138217,0.3315613205039604,Affordable,Moderately_Affordable
21205132333,184,1446,0.1272475795297372,True,602,3209,2776,3.1,0.21685878962536023,0.2667645754821547,Affordable,Affordable
20703116335,183,1026,0.1783625730994152,True,330,1612,1168,1.9,0.2825342465753425,0.3184931506849315,Affordable,Moderately_Affordable
50603112913,183,1540,0.11883116883116883,True,400,2000,2028,2.9,0.19723865877712032,0.2275830678197542,Affordable,Affordable
50603113136,183,923,0.19826652221018418,True,445,2113,2484,3.1,0.17914653784219,0.19630248978075066,Affordable,Affordable
21204131720,181,1186,0.15261382799325462,True,315,1200,1095,2.7,0.2876712328767123,0.2528977871443625,Affordable,Affordable
50603113129,181,1305,0.13869731800766283,True,410,2100,2200,3.1,0.18636363636363637,0.2202797202797203,Affordable,Affordable
21101125635,181,1580,0.11455696202531646,True,401,1700,1738,2.1,0.23072497123130034,0.22572364344516244,Affordable,Affordable
50603113102,181,1144,0.15821678321678323,True,400,2000,2287,3.1,0.17490161783996502,0.20180955904611347,Affordable,Affordable
50601130705,179,1417,0.12632321806633734,True,450,2117,2817,3.3,0.1597444089456869,0.17342508396821496,Affordable,Affordable
21101125439,179,870,0.2057471264367816,True,480,2500,2639,3.2,0.18188707843880259,0.21861427696971464,Affordable,Affordable
20702115707,179,1212,0.1476897689768977,True,480,2000,1708,2.8,0.2810304449648712,0.2702215816969915,Affordable,Affordable
21205132131,178,1133,0.15710503089143865,True,549,2800,2059,3.1,0.26663428848955806,0.3138192550528636,Affordable,Moderately_Affordable
50603113131,178,1163,0.1530524505588994,True,175,1842,1906,2.6,0.09181532004197272,0.22302042134151262,Affordable,Affordable
20702115712,178,1381,0.12889210716871832,True,500,2012,1601,2.5,0.3123048094940662,0.2900110507855667,Moderately_Affordable,Affordable
50603112506,177,926,0.19114470842332612,True,500,1733,2323,3.1,0.2152389151958674,0.17215801847743303,Affordable,Affordable
50603112406,176,1007,0.17477656405163852,True,350,1562,1762,2.5,0.19863791146424517,0.20457522046625337,Affordable,Affordable
20703116358,176,1107,0.15898825654923215,True,351,1962,927,1.8,0.3786407766990291,0.48842419716206126,Moderately_Affordable,Expensive
50604113340,176,1185,0.14852320675105485,True,380,1703,1759,2.6,0.2160318362706083,0.22342239909039227,Affordable,Affordable
50603112925,175,1540,0.11363636363636363,True,410,2000,1984,3.0,0.20665322580645162,0.2326302729528536,Affordable,Affordable
20604150409,175,1522,0.11498028909329829,True,410,1800,1886,1.8,0.21739130434782608,0.22024634962068684,Affordable,Affordable
50604113358,175,1625,0.1076923076923077,True,323,1733,1308,2.4,0.24694189602446484,0.3057515878616796,Affordable,Moderately_Affordable
21104127001,174,1286,0.13530326594090203,True,446,2439,2218,2.5,0.20108205590622183,0.25376291877644447,Affordable,Affordable
20604150418,173,810,0.21358024691358024,True,391,1490,619,1.6,0.6316639741518578,0.5554865167143035,Very_Expensive,Very_Expensive
50603112526,173,1048,0.1650763358778626,True,500,2080,2654,3.3,0.18839487565938207,0.1808590806330068,Affordable,Affordable
21205132137,172,783,0.21966794380587484,True,457,3000,1908,2.9,0.23951781970649896,0.36284470246734396,Affordable,Moderately_Affordable
21205132308,172,1225,0.1404081632653061,True,462,3250,1807,2.7,0.25567238516878804,0.41505257332595463,Affordable,Expensive
21205132115,171,990,0.17272727272727273,True,512,2950,1989,2.9,0.2574157868275515,0.3422670843485323,Affordable,Moderately_Affordable
21204131706,171,906,0.18874172185430463,True,351,1250,1154,2.5,0.304159445407279,0.2499666711105186,Moderately_Affordable,Affordable
50604113331,171,1335,0.12808988764044943,True,385,1779,2163,3.2,0.1779935275080906,0.18980049077136454,Affordable,Affordable
20604150312,171,650,0.2630769230769231,True,406,1780,1797,2.0,0.22593210907067335,0.228586105046873,Affordable,Affordable
20604150307,170,1051,0.16175071360608945,True,401,1500,1815,1.8,0.2209366391184573,0.19071837253655435,Affordable,Affordable
20703116410,170,1056,0.16098484848484848,True,412,1950,1589,2.6,0.2592825676526117,0.28319697923222154,Affordable,Affordable
20702142410,170,1061,0.16022620169651272,True,580,2550,2222,3.2,0.26102610261026105,0.26483417572526485,Affordable,Affordable
50704117903,170,1034,0.1644100580270793,True,400,2000,2381,2.9,0.16799664006719867,0.19384227700061382,Affordable,Affordable
21204131728,170,753,0.22576361221779548,True,375,1083,1375,3.4,0.2727272727272727,0.18176223776223777,Affordable,Affordable
50603113134,169,914,0.18490153172866522,True,390,1762,2296,3.0,0.16986062717770034,0.17709729295095147,Affordable,Affordable
12003167830,168,1285,0.13073929961089495,True,450,2600,1775,2.6,0.2535211267605634,0.3380281690140845,Affordable,Moderately_Affordable
20702142523,168,1081,0.15541165587419056,True,462,2500,1705,3.1,0.2709677419354839,0.3383713061132416,Affordable,Moderately_Affordable
50603112906,167,1170,0.14273504273504273,True,460,2550,2791,2.8,0.16481547832318166,0.21084254333985614,Affordable,Affordable
21503140308,167,726,0.23002754820936638,True,268,997,1968,3.4,0.13617886178861788,0.11690900562851782,Affordable,Affordable
50603113126,167,922,0.18112798264642083,True,425,2167,2250,3.1,0.18888888888888888,0.22225641025641027,Affordable,Affordable
20604150527,167,1614,0.10346964064436183,True,380,1925,1712,1.8,0.2219626168224299,0.259480589503954,Affordable,Affordable
21204131716,166,1102,0.15063520871143377,True,380,1950,1478,3.0,0.2571041948579161,0.3044654939106901,Affordable,Moderately_Affordable
21205132549,166,1059,0.15675165250236073,True,481,2253,2225,2.9,0.21617977528089888,0.2336732929991357,Affordable,Affordable
21503140309,166,542,0.3062730627306273,True,200,726,1187,2.7,0.16849199663016007,0.1411444494848033,Affordable,Affordable
20702142519,165,1077,0.1532033426183844,True,500,1937,1508,2.5,0.33156498673740054,0.2964190981432361,Moderately_Affordable,Affordable
21205132749,165,892,0.18497757847533633,True,500,2383,2281,2.7,0.21920210434020165,0.24108859137355412,Affordable,Affordable
50603112826,165,970,0.17010309278350516,True,340,1600,1517,2.4,0.22412656558998023,0.24339536534658485,Affordable,Affordable
50603112901,165,1086,0.15193370165745856,True,360,2000,1770,2.7,0.2033898305084746,0.2607561929595828,Affordable,Affordable
21502146924,165,1047,0.15759312320916904,True,248,867,895,2.4,0.2770949720670391,0.22354963472281908,Affordable,Affordable
21204131822,165,1377,0.11982570806100218,True,369,1570,1545,3.3,0.23883495145631067,0.23450336071695296,Affordable,Affordable
20702115753,164,1335,0.12284644194756554,True,370,1645,1260,1.9,0.29365079365079366,0.30128205128205127,Affordable,Moderately_Affordable
50603112744,164,1181,0.1388653683319221,True,368,1733,1942,3.0,0.18949536560247168,0.20593361324566267,Affordable,Affordable
20702142506,164,836,0.19617224880382775,True,490,2200,2083,2.9,0.23523763802208353,0.24373130470105986,Affordable,Affordable
50603112529,163,412,0.39563106796116504,True,480,2535,2624,3.5,0.18292682926829268,0.2229420731707317,Affordable,Affordable
20702142418,163,1080,0.15092592592592594,True,531,2184,2184,3.0,0.24313186813186813,0.23076923076923078,Affordable,Affordable
50603112416,163,1508,0.10809018567639257,True,390,1733,1823,2.6,0.21393307734503567,0.21937634499345965,Affordable,Affordable
20604150306,163,814,0.20024570024570024,True,351,1500,1571,1.8,0.22342457033736474,0.220339812955981,Affordable,Affordable
21502146906,162,919,0.176278563656148,True,260,1029,1018,2.5,0.2554027504911591,0.23326280791899653,Affordable,Affordable
20702142404,162,1381,0.1173062997827661,True,481,2392,1593,2.8,0.3019460138104206,0.3465160075329567,Moderately_Affordable,Moderately_Affordable
50603113137,160,1312,0.12195121951219512,True,413,2325,2052,3.1,0.20126705653021443,0.2614709851551957,Affordable,Affordable
21204131719,160,1061,0.15080113100848255,True,330,2000,1453,3.1,0.22711631108052305,0.31764519032240984,Affordable,Moderately_Affordable
21205132548,160,1413,0.11323425336164189,True,520,2500,2669,3.0,0.19482952416635443,0.2161570164567542,Affordable,Affordable
50603112818,159,1351,0.11769059955588453,True,360,1570,1460,2.5,0.2465753424657534,0.24815595363540568,Affordable,Affordable
21204145901,158,1536,0.10286458333333333,True,311,1600,1411,2.6,0.22041105598866054,0.26168020498282724,Affordable,Affordable
50603113127,158,970,0.16288659793814433,True,438,2167,2235,3.1,0.1959731543624161,0.2237480640165204,Affordable,Affordable
50704118031,158,573,0.2757417102966841,True,420,1910,2363,3.0,0.17774016081252644,0.1865295094241349,Affordable,Affordable
50704117909,158,688,0.22965116279069767,True,480,1842,2083,2.9,0.23043686989918388,0.20406957420879648,Affordable,Affordable
50601130817,158,1362,0.11600587371512482,True,480,2200,2937,3.4,0.1634320735444331,0.17286084701815038,Affordable,Affordable
20702142511,157,799,0.1964956195244055,True,450,2134,1687,2.5,0.26674570243034973,0.2919155533263417,Affordable,Affordable
20604150305,157,962,0.1632016632016632,True,320,1410,1312,1.6,0.24390243902439024,0.2480065666041276,Affordable,Affordable
21502146944,157,829,0.18938480096501809,True,260,890,1040,2.5,0.25,0.19748520710059173,Affordable,Affordable
50704118403,156,984,0.15853658536585366,True,545,2800,2092,3.0,0.2605162523900574,0.30886895131637004,Affordable,Moderately_Affordable
21205156712,156,1109,0.1406672678088368,True,416,2167,2012,2.9,0.20675944333996024,0.24854717846765562,Affordable,Affordable
21101125437,155,1033,0.15004840271055178,True,476,2400,2243,2.9,0.21221578243423986,0.2469220480812099,Affordable,Affordable
20701114705,155,880,0.17613636363636365,True,502,3000,2277,2.7,0.2204655248133509,0.30404378230465184,Affordable,Moderately_Affordable
20604112419,155,1378,0.11248185776487664,True,351,1650,1631,1.8,0.21520539546290618,0.23345752959486865,Affordable,Affordable
50603112911,155,878,0.1765375854214123,True,405,2000,1728,3.0,0.234375,0.2670940170940171,Affordable,Affordable
50704117609,155,1026,0.15107212475633527,True,450,2275,2368,3.0,0.19003378378378377,0.22170608108108109,Affordable,Affordable
40101100152,155,1428,0.10854341736694678,True,420,2100,1037,1.7,0.40501446480231434,0.4673243824642089,Expensive,Expensive
20604150318,155,924,0.16774891774891776,True,394,2268,1046,1.6,0.37667304015296366,0.5003677011325195,Moderately_Affordable,Very_Expensive
20703116415,154,1129,0.13640389725420726,True,381,2100,1471,2.4,0.2590074779061863,0.32944621659781415,Affordable,Moderately_Affordable
50704118408,154,665,0.23157894736842105,True,521,2167,2235,2.9,0.23310961968680088,0.2237480640165204,Affordable,Affordable
21205132125,153,968,0.15805785123966942,True,562,2646,1963,3.1,0.2862964849719817,0.3110623457032015,Affordable,Moderately_Affordable
21101126045,153,697,0.21951219512195122,True,574,2000,2750,3.1,0.20872727272727273,0.16783216783216784,Affordable,Affordable
50603112522,153,1044,0.14655172413793102,True,425,2141,2515,3.2,0.16898608349900596,0.19645205688943262,Affordable,Affordable
21204146002,153,1312,0.11661585365853659,True,348,1680,1532,3.1,0.22715404699738903,0.2530628640289215,Affordable,Affordable
50603112432,153,1148,0.1332752613240418,True,330,1400,1551,3.0,0.2127659574468085,0.20830233596191042,Affordable,Affordable
11902166004,152,934,0.16274089935760172,True,350,2000,1472,2.6,0.23777173913043478,0.31354515050167225,Affordable,Moderately_Affordable
20701114823,152,1010,0.1504950495049505,True,692,3500,1968,2.9,0.3516260162601626,0.4104127579737336,Moderately_Affordable,Expensive
21204131703,152,1445,0.10519031141868512,True,411,2000,1680,2.8,0.24464285714285713,0.27472527472527475,Affordable,Affordable
11703164535,151,1071,0.14098972922502334,True,622,3000,1680,2.1,0.37023809523809526,0.41208791208791207,Moderately_Affordable,Expensive
20702142503,151,1221,0.12366912366912367,True,429,2255,1201,2.2,0.3572023313905079,0.4332927688464741,Moderately_Affordable,Expensive
50604113339,151,757,0.19947159841479525,True,425,1647,2568,3.6,0.16549844236760125,0.14800503235082674,Affordable,Affordable
40101100158,151,1267,0.11917916337805841,True,400,1720,985,1.7,0.40609137055837563,0.40296759078484967,Expensive,Expensive
20604111728,150,836,0.17942583732057416,True,365,1513,1521,1.7,0.23997370151216305,0.22955545440752542,Affordable,Affordable
21205132103,149,992,0.1502016129032258,True,501,2387,1739,3.0,0.2880966072455434,0.3167602954836997,Affordable,Moderately_Affordable
21205132126,149,590,0.25254237288135595,True,560,2895,1937,2.9,0.28910686628807436,0.3449029029824074,Affordable,Moderately_Affordable
50704118402,149,550,0.27090909090909093,True,480,2167,2321,3.0,0.2068074105988798,0.2154575282537368,Affordable,Affordable
20604150321,149,1218,0.12233169129720854,True,351,1650,1382,1.8,0.2539797395079595,0.27552042747411776,Affordable,Affordable
50704118029,149,969,0.15376676986584106,True,465,2167,2433,2.8,0.19112207151664612,0.2055392203357678,Affordable,Affordable
20702142425,148,1049,0.14108674928503337,True,616,3000,2100,3.1,0.29333333333333333,0.32967032967032966,Affordable,Moderately_Affordable
21204131029,148,1142,0.1295971978984238,True,420,2000,2035,2.2,0.20638820638820637,0.2268002268002268,Affordable,Affordable
50704118020,148,1093,0.1354071363220494,True,440,2000,2250,2.8,0.19555555555555557,0.20512820512820512,Affordable,Affordable
21101126022,147,978,0.15030674846625766,True,506,2279,2644,3.3,0.1913767019667171,0.19891190503898523,Affordable,Affordable
21102126121,147,944,0.15572033898305085,True,526,2342,2528,3.0,0.20806962025316456,0.21379016553067187,Affordable,Affordable
50502109605,147,1291,0.11386522075910147,True,830,3500,3444,3.1,0.24099883855981416,0.23452157598499063,Affordable,Affordable
20702142401,147,823,0.17861482381530985,True,525,2000,2062,3.0,0.25460717749757517,0.223830485712154,Affordable,Affordable
21101125930,147,832,0.17668269230769232,True,446,2570,2070,2.9,0.21545893719806763,0.28651059085841696,Affordable,Affordable
21204146015,146,1215,0.12016460905349795,True,371,1625,1479,3.0,0.2508451656524679,0.2535496957403651,Affordable,Affordable
21205132544,146,1231,0.11860276198212835,True,516,2364,2636,3.1,0.19575113808801214,0.2069569277460021,Affordable,Affordable
50603113130,146,1027,0.14216163583252192,True,390,1925,1968,2.9,0.19817073170731708,0.22572701688555347,Affordable,Affordable
21205132218,146,991,0.14732593340060546,True,472,2162,1275,2.3,0.37019607843137253,0.39131221719457016,Moderately_Affordable,Moderately_Affordable
50603113106,145,755,0.19205298013245034,True,395,2496,2071,3.1,0.1907291163689039,0.27812650893288265,Affordable,Affordable
21101125403,145,1320,0.10984848484848485,True,412,2000,1583,2.6,0.2602653190145294,0.2915593566256864,Affordable,Affordable
21204131724,145,954,0.1519916142557652,True,369,1624,1542,3.4,0.23929961089494164,0.24304100568692008,Affordable,Affordable
21101125929,145,1059,0.1369216241737488,True,371,1940,2265,3.0,0.16379690949227374,0.19765664798777383,Affordable,Affordable
20604111746,145,1104,0.13134057971014493,True,351,1454,1149,1.6,0.30548302872062666,0.29202651134766017,Moderately_Affordable,Affordable
50603112404,144,1396,0.10315186246418338,True,330,1430,1583,2.2,0.20846493998736576,0.20846493998736576,Affordable,Affordable
40101100149,144,866,0.16628175519630484,True,382,1952,1195,1.9,0.3196652719665272,0.37695526231091087,Moderately_Affordable,Moderately_Affordable
20604150925,144,1314,0.1095890410958904,True,450,2000,2055,1.8,0.21897810218978103,0.22459292532285233,Affordable,Affordable
21603159439,143,1143,0.12510936132983377,True,260,1043,1105,2.4,0.23529411764705882,0.21782109293421512,Affordable,Affordable
21205132720,143,900,0.15888888888888889,True,471,2234,1928,2.9,0.24429460580912862,0.2673954676029365,Affordable,Affordable
50601130713,143,1188,0.12037037037037036,True,413,1800,2039,2.8,0.20255026974006865,0.20371977213566228,Affordable,Affordable
21101126043,143,608,0.23519736842105263,True,451,2000,2023,2.7,0.22293623331685616,0.22814555686528004,Affordable,Affordable
21205132141,143,960,0.14895833333333333,True,481,2500,2042,3.1,0.23555337904015672,0.2825284411964138,Affordable,Affordable
50607114606,143,1352,0.10576923076923077,True,750,3250,1575,2.5,0.47619047619047616,0.47619047619047616,Expensive,Expensive
50603112727,143,999,0.14314314314314314,True,350,1600,1859,2.9,0.18827326519634213,0.19861795009724004,Affordable,Affordable
12003167820,143,1362,0.10499265785609398,True,530,2167,1656,2.5,0.32004830917874394,0.3019788182831661,Moderately_Affordable,Moderately_Affordable
20703116135,143,1418,0.1008462623413258,True,471,2000,2161,2.7,0.21795465062471078,0.21357633574199977,Affordable,Affordable
20702115750,142,831,0.17087845968712395,True,420,1500,1460,2.1,0.2876712328767123,0.23709167544783982,Affordable,Affordable
21502146908,142,977,0.14534288638689866,True,250,917,1037,2.5,0.24108003857280616,0.20406498034270454,Affordable,Affordable
50603112435,142,924,0.15367965367965367,True,300,1950,1792,2.7,0.16741071428571427,0.25111607142857145,Affordable,Affordable
21603159433,141,799,0.17647058823529413,True,225,867,968,2.3,0.23243801652892562,0.2066910362364908,Affordable,Affordable
21502146914,141,763,0.18479685452162517,True,280,1083,1239,2.4,0.22598870056497175,0.20171354069659153,Affordable,Affordable
50704118404,141,876,0.16095890410958905,True,540,2691,2289,3.0,0.23591087811271297,0.2712975098296199,Affordable,Affordable
11902166019,140,1123,0.1246660730186999,True,380,2167,1263,2.5,0.3008709422011085,0.3959437237346976,Moderately_Affordable,Moderately_Affordable
50604113342,140,920,0.15217391304347827,True,410,1900,2360,3.5,0.17372881355932204,0.18578878748370273,Affordable,Affordable
20702142416,140,1266,0.11058451816745656,True,476,2777,1836,2.8,0.25925925925925924,0.3490447461035696,Affordable,Moderately_Affordable
50704117801,140,1262,0.1109350237717908,True,465,2506,2654,3.0,0.17520723436322533,0.21790041157034376,Affordable,Affordable
21205131914,140,1252,0.11182108626198083,True,567,3000,2617,3.0,0.21666029805120368,0.26454248846300815,Affordable,Affordable
20702115731,140,1045,0.1339712918660287,True,500,2300,1596,2.6,0.3132832080200501,0.3325621746674378,Moderately_Affordable,Moderately_Affordable
20702115715,139,1229,0.11310008136696502,True,483,2184,1708,2.8,0.2827868852459016,0.29508196721311475,Affordable,Affordable
50603113115,139,901,0.15427302996670367,True,400,2100,2100,3.0,0.19047619047619047,0.23076923076923078,Affordable,Affordable
11902166008,139,938,0.14818763326226012,True,385,2000,1394,2.5,0.27618364418938307,0.33108928374351615,Affordable,Moderately_Affordable
20605112833,139,1112,0.125,True,475,2000,2132,1.8,0.2227954971857411,0.21648145475537595,Affordable,Affordable
50601130706,138,1314,0.1050228310502283,True,425,2080,2392,3.2,0.17767558528428093,0.20066889632107024,Affordable,Affordable
21502146915,138,947,0.1457233368532207,True,240,953,947,2.2,0.25343189017951423,0.23223133782795874,Affordable,Affordable
50603112824,138,708,0.19491525423728814,True,350,1517,1692,2.5,0.20685579196217493,0.2069012547735952,Affordable,Affordable
50704118410,138,994,0.13883299798792756,True,500,2167,2536,3.3,0.1971608832807571,0.19719121572433876,Affordable,Affordable
11301125605,138,750,0.184,True,281,1120,1437,2.3,0.19554627696590118,0.179861891761683,Affordable,Affordable
20702115747,138,962,0.14345114345114346,True,436,1903,1368,2.2,0.31871345029239767,0.32101889338731443,Moderately_Affordable,Moderately_Affordable
50603112921,138,906,0.152317880794702,True,415,2180,2125,2.8,0.1952941176470588,0.2367420814479638,Affordable,Affordable
20701114816,138,898,0.15367483296213807,True,587,2600,1949,3.1,0.3011800923550539,0.3078501795792714,Moderately_Affordable,Moderately_Affordable
21205132113,138,888,0.1554054054054054,True,553,2850,2430,2.9,0.22757201646090536,0.2706552706552707,Affordable,Affordable
21204131015,137,837,0.16367980884109917,True,369,2000,1843,2.7,0.20021703743895822,0.2504278141825619,Affordable,Affordable
21205132216,137,610,0.22459016393442624,True,525,2800,1569,2.8,0.33460803059273425,0.41182526842182676,Moderately_Affordable,Expensive
30303106421,137,1205,0.11369294605809128,True,580,2500,2542,3.4,0.22816679779701024,0.22695636385644252,Affordable,Affordable
50704117823,136,901,0.1509433962264151,True,540,3181,2515,2.6,0.2147117296222664,0.2918794922771066,Affordable,Affordable
21502146931,136,628,0.21656050955414013,True,233,860,933,1.9,0.2497320471596999,0.21271333168439277,Affordable,Affordable
20702142520,136,966,0.14078674948240166,True,500,2440,2097,3.0,0.23843586075345732,0.26851546164850887,Affordable,Affordable
20604150303,136,774,0.17571059431524547,True,522,1865,1972,2.2,0.2647058823529412,0.21824777656420657,Affordable,Affordable
20701114852,136,936,0.1452991452991453,True,430,3228,2200,3.0,0.19545454545454546,0.3386013986013986,Affordable,Moderately_Affordable
21205132144,136,566,0.24028268551236748,True,500,2600,1981,2.8,0.2523977788995457,0.3028773346794548,Affordable,Moderately_Affordable
50607114612,135,913,0.14786418400876233,True,530,2700,2340,2.6,0.2264957264957265,0.26627218934911245,Affordable,Affordable
50603113101,135,771,0.17509727626459143,True,405,2655,2088,3.0,0.1939655172413793,0.29343501326259946,Affordable,Affordable
21204146029,135,1347,0.10022271714922049,True,340,1408,1125,2.7,0.3022222222222222,0.2888205128205128,Moderately_Affordable,Affordable
20702142415,135,1138,0.11862917398945519,True,527,2550,2515,3.1,0.2095427435387674,0.23398073099862365,Affordable,Affordable
20702142518,134,787,0.17026683608640406,True,451,2064,1694,2.7,0.2662337662337662,0.281173372082463,Affordable,Affordable
21101126007,134,1104,0.1213768115942029,True,542,2167,2466,3.3,0.2197891321978913,0.2027886954894254,Affordable,Affordable
21204131723,134,1026,0.13060428849902533,True,359,1000,1281,3.1,0.28024980483996875,0.18014772113132768,Affordable,Affordable
20604150913,134,1275,0.10509803921568628,True,401,1950,1975,1.9,0.20303797468354431,0.22784810126582278,Affordable,Affordable
21503140306,134,522,0.2567049808429119,True,150,932,1125,2.6,0.13333333333333333,0.19117948717948718,Affordable,Affordable
20604111747,134,1233,0.10867802108678021,True,301,1372,1047,1.5,0.2874880611270296,0.3024024685915803,Affordable,Moderately_Affordable
20702115757,133,858,0.155011655011655,True,411,1500,1315,2.1,0.31254752851711026,0.26323486399532026,Moderately_Affordable,Affordable
21205132545,133,834,0.15947242206235013,True,500,2000,2384,2.9,0.20973154362416108,0.19359834796076406,Affordable,Affordable
50603112828,133,437,0.30434782608695654,True,350,1691,1708,2.6,0.20491803278688525,0.22847234732480634,Affordable,Affordable
20604150431,133,1042,0.1276391554702495,True,350,2000,1337,1.7,0.2617801047120419,0.34520453368620907,Affordable,Moderately_Affordable
50603112515,133,760,0.175,True,440,1850,2421,3.2,0.18174308137133416,0.17634162615575255,Affordable,Affordable
21303134741,132,741,0.17813765182186234,True,440,2000,2213,2.5,0.19882512426570267,0.20855782265633147,Affordable,Affordable
20604151007,132,823,0.16038882138517618,True,415,2120,2030,1.9,0.2044334975369458,0.2410003789314134,Affordable,Affordable
50704117901,132,498,0.26506024096385544,True,550,2070,2281,3.0,0.24112231477422183,0.2094223181465619,Affordable,Affordable
50601130812,132,1050,0.12571428571428572,True,425,2167,2685,3.5,0.15828677839851024,0.18624838848302536,Affordable,Affordable
50603113138,131,1170,0.11196581196581197,True,450,2167,2238,3.2,0.20107238605898123,0.22344813363580118,Affordable,Affordable
20702142426,131,984,0.133130081300813,True,567,2500,2166,3.0,0.26177285318559557,0.26635414447048794,Affordable,Affordable
50704117518,131,1192,0.1098993288590604,True,450,2200,1807,2.5,0.24903154399557278,0.2809586650206462,Affordable,Affordable
11902166016,130,648,0.2006172839506173,True,390,1875,1262,2.4,0.3090332805071315,0.34286236742655124,Moderately_Affordable,Moderately_Affordable
12503147934,130,1023,0.1270772238514174,True,400,2084,1419,3.4,0.28188865398167723,0.33891689705643196,Affordable,Moderately_Affordable
21204131801,130,942,0.13800424628450106,True,312,1580,1170,3.0,0.26666666666666666,0.3116370808678501,Affordable,Moderately_Affordable
20703116429,130,1240,0.10483870967741936,True,450,2537,1853,2.7,0.24284943335132217,0.3159533396986176,Affordable,Moderately_Affordable
50603113122,130,602,0.2159468438538206,True,425,2221,2115,3.1,0.20094562647754138,0.24233496999454446,Affordable,Affordable
50603112932,129,963,0.13395638629283488,True,400,1733,2108,2.6,0.18975332068311196,0.18971682965990366,Affordable,Affordable
11902165920,129,1047,0.12320916905444126,True,380,2167,1230,2.3,0.3089430894308943,0.4065666041275797,Moderately_Affordable,Expensive
50604113328,128,1225,0.10448979591836735,True,410,1950,2257,3.3,0.18165706690296854,0.1993797075764289,Affordable,Affordable
21205132318,128,1020,0.12549019607843137,True,516,2856,2263,2.8,0.22801590808661068,0.29124035487270133,Affordable,Affordable
20702115720,128,782,0.1636828644501279,True,451,2167,1671,2.6,0.2698982645122681,0.2992680568982185,Affordable,Affordable
50603112822,128,735,0.17414965986394557,True,318,1365,1364,2.5,0.23313782991202345,0.23093841642228738,Affordable,Affordable
11902166010,128,833,0.15366146458583432,True,380,2040,1264,2.7,0.30063291139240506,0.372444011684518,Moderately_Affordable,Moderately_Affordable
21205132150,128,749,0.17089452603471295,True,450,2000,1625,2.6,0.27692307692307694,0.28402366863905326,Affordable,Affordable
21101125906,127,941,0.13496280552603612,True,500,2000,2068,3.0,0.24177949709864605,0.22318107424490402,Affordable,Affordable
20703116102,127,1080,0.1175925925925926,True,426,2600,1724,2.7,0.2470997679814385,0.3480278422273782,Affordable,Moderately_Affordable
20604150517,127,877,0.14481185860889395,True,350,1509,1474,1.8,0.23744911804613297,0.2362488258010646,Affordable,Affordable
21503140414,127,930,0.13655913978494624,True,270,1088,1297,2.2,0.2081727062451812,0.19358282426902318,Affordable,Affordable
50603112410,126,1007,0.12512413108242304,True,380,1555,1895,2.7,0.20052770448548812,0.18936472498477774,Affordable,Affordable
40101100119,126,1242,0.10144927536231885,True,395,1775,1235,1.9,0.31983805668016196,0.3316723762067892,Moderately_Affordable,Moderately_Affordable
21101125431,126,1203,0.10473815461346633,True,401,2167,2062,2.9,0.1944713870029098,0.24252033126911884,Affordable,Affordable
50604113355,126,981,0.12844036697247707,True,480,2029,2884,3.6,0.1664355062413315,0.16235463565560654,Affordable,Affordable
20702115755,125,788,0.15862944162436549,True,450,1992,1304,2.0,0.3450920245398773,0.3525247758376593,Moderately_Affordable,Moderately_Affordable
20604111733,124,827,0.14993954050785974,True,386,1534,1681,1.7,0.2296252230814991,0.21058893515764426,Affordable,Affordable
40702115716,124,994,0.12474849094567404,True,210,911,1174,2.0,0.1788756388415673,0.17907220547765693,Affordable,Affordable
21205156703,124,919,0.13492927094668117,True,361,2019,1616,2.1,0.2233910891089109,0.2883187357197258,Affordable,Affordable
20703116354,124,686,0.18075801749271136,True,254,1172,758,1.5,0.33509234828496043,0.3568094174954333,Moderately_Affordable,Moderately_Affordable
30403109604,123,799,0.1539424280350438,True,380,1525,1069,2.3,0.35547240411599623,0.3292077426782759,Moderately_Affordable,Moderately_Affordable
21205132215,123,1210,0.10165289256198347,True,411,2400,1512,2.5,0.2718253968253968,0.3663003663003663,Affordable,Moderately_Affordable
50604113718,123,924,0.1331168831168831,True,420,1733,1949,3.0,0.21549512570548998,0.20519398508110667,Affordable,Affordable
20703116304,123,1091,0.11274060494958753,True,389,2525,1642,2.7,0.23690621193666261,0.3548674224679097,Affordable,Moderately_Affordable
21101126044,123,775,0.15870967741935485,True,609,2600,2603,3.1,0.2339608144448713,0.2305032654629274,Affordable,Affordable
50701114838,123,913,0.13472070098576122,True,450,1800,2315,2.4,0.19438444924406048,0.17943179930220968,Affordable,Affordable
50603112504,123,1108,0.11101083032490974,True,520,2500,3267,3.4,0.15916743189470461,0.17659108568199477,Affordable,Affordable
20703116408,122,805,0.1515527950310559,True,396,2000,1767,2.2,0.22410865874363328,0.26119890296460757,Affordable,Affordable
20701152110,122,994,0.1227364185110664,True,691,5209,3299,2.8,0.2094574113367687,0.36437615128127404,Affordable,Moderately_Affordable
21503140310,122,613,0.19902120717781402,True,250,1350,1487,3.2,0.16812373907195696,0.20950804407428483,Affordable,Affordable
21205132109,122,1137,0.10729991204925242,True,448,2527,1931,2.7,0.23200414293112376,0.30199577739712385,Affordable,Moderately_Affordable
40101100159,122,654,0.18654434250764526,True,365,2200,1062,1.7,0.3436911487758945,0.4780530204259018,Moderately_Affordable,Expensive
20604150422,122,718,0.16991643454038996,True,316,1300,1269,1.7,0.24901497241922774,0.2364066193853428,Affordable,Affordable
20701114832,122,1093,0.11161939615736505,True,597,3200,2386,2.8,0.25020955574182735,0.30949771100651235,Affordable,Moderately_Affordable
21205132739,121,672,0.1800595238095238,True,620,3000,2203,3.1,0.2814344076259646,0.31425678270889346,Affordable,Moderately_Affordable
20703116621,121,1204,0.1004983388704319,True,460,2264,1768,2.7,0.26018099547511314,0.2955099199443091,Affordable,Affordable
50603113139,120,900,0.13333333333333333,True,445,2400,1859,3.3,0.23937600860677785,0.29792692514586006,Affordable,Affordable
21205132726,120,955,0.1256544502617801,True,421,2138,1807,2.6,0.23298284449363585,0.273040739006428,Affordable,Affordable
21205132246,120,871,0.1377726750861079,True,580,3382,2277,3.1,0.2547211242863417,0.34275869058477754,Affordable,Moderately_Affordable
20604150416,120,775,0.15483870967741936,True,381,1700,1166,1.7,0.32675814751286447,0.3364559968333553,Moderately_Affordable,Moderately_Affordable
20702142532,120,999,0.12012012012012012,True,490,2300,1865,2.7,0.26273458445040215,0.28459476180655807,Affordable,Affordable
20703116419,120,974,0.12320328542094455,True,410,2123,2017,3.0,0.20327218641546851,0.2428969146867015,Affordable,Affordable
50604113226,119,1135,0.10484581497797357,True,265,1300,1163,2.5,0.22785898538263114,0.2579535683576956,Affordable,Affordable
21104127320,119,822,0.14476885644768855,True,483,2165,1906,3.1,0.2534102833158447,0.2621276939220276,Affordable,Affordable
20702142501,119,894,0.1331096196868009,True,451,1770,1458,2.5,0.3093278463648834,0.2801519468186135,Moderately_Affordable,Affordable
50603113109,119,1033,0.11519845111326234,True,400,1853,2281,3.0,0.17536168347216133,0.18746838431187401,Affordable,Affordable
50603112520,118,765,0.1542483660130719,True,400,1950,1890,2.9,0.21164021164021163,0.23809523809523808,Affordable,Affordable
50603112909,118,1007,0.11717974180734857,True,493,2184,2216,3.1,0.22247292418772563,0.22743682310469315,Affordable,Affordable
21101126023,118,931,0.1267454350161117,True,398,2167,1926,3.0,0.2066458982346833,0.2596453390845914,Affordable,Affordable
21205132101,118,1156,0.10207612456747404,True,501,2000,2131,2.9,0.2351008916001877,0.2165830415478468,Affordable,Affordable
21101126013,118,966,0.12215320910973085,True,513,2500,2359,3.1,0.2174650275540483,0.24456255910261845,Affordable,Affordable
50603112519,118,1133,0.10414827890556046,True,450,2000,2143,3.0,0.2099860009332711,0.21537025736745755,Affordable,Affordable
20702142420,118,826,0.14285714285714285,True,696,2000,2089,2.8,0.3331737673528004,0.22093751150716207,Moderately_Affordable,Affordable
20702142521,117,803,0.14570361145703611,True,420,2000,1375,2.3,0.3054545454545455,0.3356643356643357,Moderately_Affordable,Moderately_Affordable
20604150906,117,1091,0.10724106324472961,True,390,1700,1868,1.5,0.20877944325481798,0.2100148245758524,Affordable,Affordable
20701114812,117,1097,0.10665451230628988,True,550,2000,2402,3.2,0.2289758534554538,0.19214756933324795,Affordable,Affordable
50301103510,117,1120,0.10446428571428572,True,930,5000,3666,2.7,0.25368248772504093,0.31474254060178775,Affordable,Moderately_Affordable
20702115710,117,1015,0.11527093596059114,True,490,2500,2131,2.8,0.22993899577663068,0.2707288019348085,Affordable,Affordable
21205132731,117,898,0.13028953229398663,True,502,1915,2144,2.8,0.23414179104477612,0.20612083811710677,Affordable,Affordable
21205131947,117,1150,0.10173913043478261,True,390,1600,1713,1.9,0.2276707530647986,0.21554627509093358,Affordable,Affordable
21205132206,117,608,0.1924342105263158,True,590,2300,2399,2.9,0.24593580658607753,0.22124603200051304,Affordable,Affordable
21205132234,117,681,0.17180616740088106,True,450,3050,2068,2.9,0.21760154738878143,0.3403511382234786,Affordable,Moderately_Affordable
50604113214,117,805,0.1453416149068323,True,300,1400,1521,2.6,0.19723865877712032,0.21241086329843725,Affordable,Affordable
40104101632,116,1094,0.10603290676416818,True,450,2000,1781,2.7,0.25266704098820886,0.2591456830648296,Affordable,Affordable
21205132310,116,1143,0.10148731408573929,True,530,3000,2175,3.0,0.24367816091954023,0.3183023872679045,Affordable,Moderately_Affordable
20701114938,116,1018,0.11394891944990176,True,800,3560,3600,3.0,0.2222222222222222,0.2282051282051282,Affordable,Affordable
50604113356,116,924,0.12554112554112554,True,455,1871,2279,3.3,0.19964896884598507,0.1894555641813211,Affordable,Affordable
50603112823,116,871,0.13318025258323765,True,370,1474,1607,2.8,0.23024268823895458,0.21167009717103058,Affordable,Affordable
50603112834,115,762,0.15091863517060367,True,350,1521,1452,2.6,0.24104683195592286,0.24173553719008264,Affordable,Affordable
21205132117,115,1076,0.10687732342007435,True,577,3000,2285,3.0,0.2525164113785558,0.30297929641474497,Affordable,Moderately_Affordable
50603113107,115,779,0.14762516046213095,True,350,1733,2053,3.2,0.17048222113979541,0.19479935553973546,Affordable,Affordable
40203117526,115,1065,0.107981220657277,True,400,1736,1946,2.4,0.20554984583761562,0.2058660763696735,Affordable,Affordable
50604113353,115,898,0.12806236080178174,True,420,2050,2343,3.3,0.1792573623559539,0.20191076529104698,Affordable,Affordable
50301103528,115,1069,0.10757717492984098,True,623,5250,4641,3.0,0.13423831070889894,0.2610511660285416,Affordable,Affordable
21305136831,115,1120,0.10267857142857142,True,420,2426,2583,3.4,0.16260162601626016,0.21674260698650943,Affordable,Affordable
21101126033,115,1038,0.11078998073217726,True,386,1589,1807,2.6,0.2136137244050913,0.20292878123536673,Affordable,Affordable
50604113257,115,964,0.11929460580912864,True,393,2123,2439,3.1,0.16113161131611317,0.20087047024316396,Affordable,Affordable
50603112804,115,545,0.21100917431192662,True,350,1761,1708,2.8,0.20491803278688525,0.23793010268420103,Affordable,Affordable
50603112524,114,503,0.22664015904572565,True,480,1500,2250,2.9,0.21333333333333335,0.15384615384615385,Affordable,Affordable
21502146917,114,837,0.13620071684587814,True,250,1095,1076,2.0,0.23234200743494424,0.23484415213039747,Affordable,Affordable
21204131727,114,972,0.11728395061728394,True,376,1350,1262,3.2,0.2979397781299525,0.2468609045471169,Affordable,Affordable
50603112914,114,885,0.1288135593220339,True,390,1939,1694,2.9,0.23022432113341204,0.26414494596312776,Affordable,Affordable
21205132110,113,966,0.11697722567287784,True,541,2172,924,2.0,0.5854978354978355,0.5424575424575424,Very_Expensive,Very_Expensive
50603113121,113,488,0.23155737704918034,True,535,2442,2049,3.2,0.26110297706198143,0.2750309719563014,Affordable,Affordable
50604113712,113,739,0.15290933694181327,True,360,1600,1932,3.1,0.18633540372670807,0.19111323459149546,Affordable,Affordable
20701114813,113,725,0.15586206896551724,True,687,2500,2068,3.2,0.33220502901353965,0.27897634280613004,Moderately_Affordable,Affordable
50603112802,112,681,0.1644640234948605,True,330,1543,1652,2.5,0.19975786924939468,0.21554293164462657,Affordable,Affordable
30303106425,112,1023,0.10948191593352884,True,555,2028,2323,3.0,0.23891519586741283,0.2014636246233319,Affordable,Affordable
21101126046,112,764,0.14659685863874344,True,481,2300,2078,3.0,0.2314725697786333,0.25542311394091954,Affordable,Affordable
21101125633,112,934,0.11991434689507495,True,413,2167,2347,3.0,0.17596932253941203,0.21307069581462423,Affordable,Affordable
20604150921,111,884,0.1255656108597285,True,351,1577,1468,1.6,0.2391008174386921,0.24790400335359464,Affordable,Affordable
21101144611,111,922,0.12039045553145336,True,410,2000,1726,2.5,0.23754345307068367,0.26740351189945627,Affordable,Affordable
20702142526,111,739,0.15020297699594046,True,456,2500,1640,2.7,0.2780487804878049,0.3517823639774859,Affordable,Moderately_Affordable
20702142512,111,930,0.11935483870967742,True,431,1907,1397,2.6,0.30851825340014316,0.3150156929684489,Moderately_Affordable,Moderately_Affordable
50704117824,111,1025,0.10829268292682927,True,515,3070,2542,2.9,0.2025963808025177,0.27870241481571145,Affordable,Affordable
50601130831,111,892,0.12443946188340807,True,420,2056,2536,3.0,0.16561514195583596,0.18709051201164767,Affordable,Affordable
50602112334,111,716,0.15502793296089384,True,406,1647,1976,1.7,0.2054655870445344,0.1923466209903457,Affordable,Affordable
20604150412,111,494,0.22469635627530365,True,400,2000,1528,1.7,0.2617801047120419,0.30205396697543296,Affordable,Moderately_Affordable
21205132129,110,880,0.125,True,530,2690,1958,2.8,0.27068437180796734,0.317042508053744,Affordable,Moderately_Affordable
50604113345,110,956,0.11506276150627615,True,445,1975,2269,3.5,0.19612163948876157,0.20086788486964777,Affordable,Affordable
20702142530,110,979,0.11235955056179775,True,451,2500,1887,2.7,0.2390037095919449,0.3057355998532469,Affordable,Moderately_Affordable
50604113310,110,1057,0.10406811731315042,True,428,1942,2426,3.1,0.17642209398186315,0.18472953262730674,Affordable,Affordable
21602141113,109,726,0.15013774104683195,True,265,1192,1135,2.3,0.23348017621145375,0.242358522534734,Affordable,Affordable
50603113113,109,827,0.13180169286577992,True,380,1767,2058,3.0,0.184645286686103,0.19813859609777978,Affordable,Affordable
20702115742,109,1033,0.10551790900290416,True,528,2500,1910,2.7,0.2764397905759162,0.30205396697543296,Affordable,Moderately_Affordable
21503140304,109,692,0.157514450867052,True,150,923,1274,2.4,0.11773940345368916,0.16718995290423863,Affordable,Affordable
21205132217,109,579,0.18825561312607944,True,458,2850,1575,2.7,0.29079365079365077,0.4175824175824176,Affordable,Expensive
50604113248,109,796,0.13693467336683418,True,320,1500,1383,2.1,0.2313810556760665,0.2502920073418989,Affordable,Affordable
11802156938,109,1074,0.10148975791433892,True,521,2897,2381,2.0,0.21881562368752625,0.2807805382353891,Affordable,Affordable
20703116414,108,1046,0.10325047801147227,True,401,2186,1865,2.5,0.21501340482573728,0.2704887605691895,Affordable,Affordable
21205132224,108,718,0.15041782729805014,True,460,2122,2116,2.9,0.21739130434782608,0.2314235858659299,Affordable,Affordable
50704117602,108,884,0.12217194570135746,True,345,2793,2225,2.7,0.1550561797752809,0.2896802074330164,Affordable,Affordable
50603112920,108,955,0.1130890052356021,True,400,2700,2173,3.0,0.18407731247123793,0.2867358136571206,Affordable,Affordable
50603112401,108,899,0.12013348164627363,True,300,1750,1518,2.5,0.1976284584980237,0.26603830951657037,Affordable,Affordable
21205132223,108,908,0.11894273127753303,True,509,2400,2045,3.0,0.24889975550122248,0.2708294150836938,Affordable,Affordable
11802156504,107,672,0.15922619047619047,True,463,2400,1578,2.1,0.29340937896070973,0.35097981866042705,Affordable,Moderately_Affordable
21101126042,107,814,0.13144963144963145,True,615,2184,1890,2.9,0.3253968253968254,0.26666666666666666,Moderately_Affordable,Affordable
21205132130,107,1055,0.1014218009478673,True,501,2550,2220,3.0,0.22567567567567567,0.26507276507276506,Affordable,Affordable
11902166109,107,1046,0.1022944550669216,True,350,1950,1307,2.6,0.26778882938026016,0.34429992348890587,Affordable,Moderately_Affordable
50603112745,107,968,0.11053719008264463,True,320,1500,1760,2.5,0.18181818181818182,0.19667832167832167,Affordable,Affordable
21603159423,107,579,0.1848013816925734,True,245,1083,1087,2.2,0.22539098436062557,0.22992003396787206,Affordable,Affordable
40103101220,107,997,0.10732196589769308,True,370,1788,1658,2.5,0.22316043425814233,0.24886332003340447,Affordable,Affordable
50603112904,107,721,0.14840499306518723,True,425,2550,2718,3.0,0.15636497424576895,0.21650534895568008,Affordable,Affordable
21205132142,107,829,0.12907117008443908,True,522,2300,1562,3.0,0.33418693982074266,0.33980104402639616,Moderately_Affordable,Moderately_Affordable
50704117829,106,1026,0.10331384015594541,True,410,2869,2359,2.8,0.17380245866892752,0.28065999282616494,Affordable,Affordable
21104126922,106,1048,0.10114503816793893,True,179,2148,1366,2.3,0.13103953147877012,0.3628787025565942,Affordable,Moderately_Affordable
21303134748,106,956,0.1108786610878661,True,470,2152,2437,2.7,0.19286007386130488,0.20378144629273065,Affordable,Affordable
21205132232,106,1033,0.10261374636979671,True,490,2600,1942,2.7,0.25231719876416064,0.30895983522142123,Affordable,Moderately_Affordable
40101100146,105,698,0.1504297994269341,True,408,681,1075,1.5,0.37953488372093025,0.14618962432915922,Moderately_Affordable,Affordable
20604150316,105,879,0.11945392491467577,True,350,1700,1187,1.6,0.2948609941027801,0.3305035318514678,Affordable,Moderately_Affordable
20703116504,105,749,0.14018691588785046,True,482,2787,1937,2.5,0.2488384099122354,0.3320360589333227,Affordable,Moderately_Affordable
21205132204,104,746,0.13941018766756033,True,476,2550,2083,3.0,0.228516562650024,0.2825067395398648,Affordable,Affordable
50603112933,104,302,0.3443708609271523,True,462,2167,1542,3.4,0.29961089494163423,0.324304100568692,Affordable,Moderately_Affordable
50603113112,104,1024,0.1015625,True,410,1950,2359,3.0,0.17380245866892752,0.1907587961000424,Affordable,Affordable
20703116306,104,827,0.12575574365175332,True,371,1757,1358,2.2,0.27319587628865977,0.2985725614591594,Affordable,Affordable
21503140307,104,339,0.30678466076696165,True,260,1050,2146,3.3,0.1211556383970177,0.11291131980787153,Affordable,Affordable
50604113359,104,856,0.12149532710280374,True,423,2000,2444,3.3,0.17307692307692307,0.18884552436107263,Affordable,Affordable
20604150506,103,649,0.15870570107858242,True,331,1430,1399,1.5,0.2365975696926376,0.23588277340957828,Affordable,Affordable
50604113323,103,759,0.13570487483530963,True,498,1733,2119,2.8,0.2350165172251062,0.18873198533415617,Affordable,Affordable
21205132153,103,668,0.15419161676646706,True,450,2600,1833,3.0,0.24549918166939444,0.32733224222585927,Affordable,Moderately_Affordable
50704118009,103,731,0.1409028727770178,True,420,2167,2143,2.6,0.19598693420438637,0.23335367385764025,Affordable,Affordable
11902165910,103,926,0.11123110151187905,True,410,1792,1805,3.0,0.22714681440443213,0.22910718090773494,Affordable,Affordable
50704117902,103,806,0.12779156327543426,True,460,2162,2295,2.6,0.20043572984749455,0.21739567621920564,Affordable,Affordable
21204131713,103,839,0.12276519666269368,True,366,1200,1674,3.1,0.21863799283154123,0.1654259718775848,Affordable,Affordable
12101168444,103,968,0.10640495867768596,True,599,2167,2125,2.4,0.2818823529411765,0.23533031674208144,Affordable,Affordable
50604113711,102,775,0.13161290322580646,True,420,1950,2228,3.1,0.18850987432675045,0.20197486535008977,Affordable,Affordable
30403109606,102,882,0.11564625850340136,True,380,1517,1175,2.3,0.32340425531914896,0.2979378068739771,Moderately_Affordable,Affordable
20702142517,102,762,0.13385826771653545,True,443,2500,1437,2.5,0.3082811412665275,0.4014774369680424,Moderately_Affordable,Expensive
20701114839,102,930,0.10967741935483871,True,672,2084,2250,3.0,0.2986666666666667,0.21374358974358976,Affordable,Affordable
21204131742,102,788,0.12944162436548223,True,350,1559,1431,3.0,0.2445842068483578,0.25141106273181746,Affordable,Affordable
21205132108,102,819,0.12454212454212454,True,466,2118,2131,2.8,0.21867667761614265,0.22936144099916977,Affordable,Affordable
50603113124,102,669,0.15246636771300448,True,462,1939,2192,3.0,0.21076642335766424,0.20413391353172375,Affordable,Affordable
20702115758,101,824,0.12257281553398058,True,399,1600,1255,1.8,0.3179282868525896,0.2942077842476249,Moderately_Affordable,Affordable
21101126034,101,775,0.13032258064516128,True,441,2167,2276,2.8,0.1937609841827768,0.2197174530214952,Affordable,Affordable
21104127303,101,653,0.1546707503828484,True,460,3000,2360,2.9,0.19491525423728814,0.29335071707953064,Affordable,Affordable
12502171221,101,813,0.12423124231242312,True,565,3033,1902,3.0,0.297055730809674,0.3679932055326377,Affordable,Moderately_Affordable
21204131702,101,712,0.14185393258426968,True,369,1500,1213,3.0,0.30420445177246497,0.28537002980531423,Moderately_Affordable,Affordable
20604150430,101,773,0.13065976714100905,True,322,1850,1553,1.7,0.20734063103670317,0.27490217445143394,Affordable,Affordable
20604150311,101,506,0.19960474308300397,True,321,1408,1148,1.6,0.27961672473867594,0.28303403913160013,Affordable,Affordable
12003167710,100,902,0.11086474501108648,True,505,2200,1980,2.3,0.255050505050505,0.2564102564102564,Affordable,Affordable
51102127615,100,743,0.13458950201884254,True,150,2661,1875,2.6,0.08,0.32750769230769233,Affordable,Moderately_Affordable
21205132712,100,779,0.12836970474967907,True,446,2046,1875,2.8,0.23786666666666667,0.2518153846153846,Affordable,Affordable
20702115738,100,899,0.11123470522803114,True,421,2150,1697,2.6,0.24808485562757807,0.29237115271293235,Affordable,Affordable
50603112507,100,946,0.10570824524312897,True,391,1733,2050,3.0,0.19073170731707317,0.1950844277673546,Affordable,Affordable
20702115930,100,831,0.12033694344163658,True,692,2600,2523,3.3,0.2742766547760602,0.23781212841854935,Affordable,Affordable
50704117606,100,990,0.10101010101010101,True,470,2709,2470,2.9,0.1902834008097166,0.25309872313920895,Affordable,Affordable
50603112829,100,579,0.17271157167530224,True,350,1610,1774,2.7,0.19729425028184894,0.20943543491457808,Affordable,Affordable
20702115717,99,817,0.1211750305997552,True,541,2084,1937,2.8,0.27929788332472893,0.24828243516937373,Affordable,Affordable
50601130832,99,601,0.16472545757071547,True,375,1950,2134,2.9,0.17572633552014996,0.21087160262417995,Affordable,Affordable
50602111829,99,794,0.12468513853904283,True,567,2500,2368,2.4,0.23944256756756757,0.24363305613305614,Affordable,Affordable
50704118226,99,523,0.18929254302103252,True,450,1500,1974,2.8,0.22796352583586627,0.17535655833528174,Affordable,Affordable
21205132128,99,743,0.13324360699865412,True,533,2486,1589,2.7,0.3354310887350535,0.36103984121605265,Moderately_Affordable,Moderately_Affordable
21101126011,99,745,0.13288590604026845,True,491,2600,2152,2.9,0.22815985130111524,0.2788104089219331,Affordable,Affordable
50604113312,99,790,0.12531645569620253,True,530,2167,2333,2.9,0.2271753107586798,0.21434930264763097,Affordable,Affordable
20702142424,99,563,0.17584369449378331,True,461,2741,1656,2.5,0.2783816425120773,0.3819676700111483,Affordable,Moderately_Affordable
21102126116,99,987,0.10030395136778116,True,506,2200,2113,2.8,0.23946994794131565,0.2402708507772398,Affordable,Affordable
21101125916,98,681,0.14390602055800295,True,554,3000,3222,3.3,0.1719428926132837,0.21486892995272883,Affordable,Affordable
20703116426,98,899,0.10901001112347053,True,451,2383,2147,2.8,0.21006054960409873,0.2561355737881122,Affordable,Affordable
30403109605,98,975,0.10051282051282051,True,400,1536,1278,2.2,0.3129890453834116,0.27735644637053086,Moderately_Affordable,Affordable
20702142405,98,861,0.11382113821138211,True,524,2700,2125,3.2,0.24658823529411764,0.29321266968325793,Affordable,Affordable
21205132248,98,654,0.14984709480122324,True,426,2700,1666,2.6,0.25570228091236497,0.37399575214701264,Affordable,Moderately_Affordable
50603112902,98,614,0.15960912052117263,True,415,3000,2365,2.8,0.17547568710359407,0.29273052528866483,Affordable,Affordable
50704118212,97,777,0.12483912483912483,True,460,1975,2116,2.9,0.21739130434782608,0.21539188599680092,Affordable,Affordable
50603112513,97,730,0.13287671232876713,True,450,1890,2547,3.2,0.17667844522968199,0.171242185376461,Affordable,Affordable
50604113642,97,871,0.1113662456946039,True,320,1600,1413,2.4,0.22646850672328378,0.26130981544994286,Affordable,Affordable
20701114830,97,861,0.11265969802555169,True,630,3000,3175,3.0,0.1984251968503937,0.2180496668685645,Affordable,Affordable
21101126004,97,746,0.13002680965147453,True,484,2000,1812,2.9,0.2671081677704194,0.2547121752419766,Affordable,Affordable
11501162208,97,952,0.10189075630252101,True,615,3300,3607,3.2,0.1705018020515664,0.21112793499818727,Affordable,Affordable
50704117825,97,961,0.10093652445369407,True,475,2650,2924,2.7,0.16244870041039672,0.20914448069030833,Affordable,Affordable
21205132211,97,555,0.17477477477477477,True,509,2927,1895,3.2,0.26860158311345644,0.3564440836208646,Affordable,Moderately_Affordable
21503140519,97,716,0.13547486033519554,True,300,1083,1812,2.8,0.16556291390728478,0.13792664289353032,Affordable,Affordable
21205132520,96,869,0.11047180667433831,True,400,2490,1985,2.8,0.20151133501259447,0.28947878318155396,Affordable,Affordable
50603112827,96,617,0.15559157212317667,True,395,1733,1902,2.6,0.20767613038906416,0.21026449890803203,Affordable,Affordable
50603113116,96,722,0.1329639889196676,True,380,1701,1875,3.1,0.20266666666666666,0.20935384615384614,Affordable,Affordable
21205156815,96,834,0.11510791366906475,True,438,2159,1937,2.7,0.22612287041817244,0.2572177435367936,Affordable,Affordable
20702116012,96,879,0.10921501706484642,True,450,2600,1653,2.4,0.27223230490018147,0.3629764065335753,Affordable,Moderately_Affordable
21205132719,96,798,0.12030075187969924,True,478,2089,1775,2.9,0.26929577464788734,0.27159263271939327,Affordable,Affordable
50603112501,96,600,0.16,True,450,2167,2352,2.9,0.1913265306122449,0.2126177394034537,Affordable,Affordable
50604113349,96,874,0.10983981693363844,True,450,2210,2700,3.7,0.16666666666666666,0.18888888888888888,Affordable,Affordable
50704118022,95,672,0.14136904761904762,True,460,2000,2536,2.8,0.18138801261829654,0.18199466148992963,Affordable,Affordable
50704118415,95,520,0.18269230769230768,True,505,2200,2277,3.0,0.22178304787000439,0.2229654403567447,Affordable,Affordable
21104127314,95,833,0.11404561824729892,True,495,2025,1985,2.9,0.24937027707808565,0.2354194923464445,Affordable,Affordable
50603112929,95,676,0.14053254437869822,True,340,2167,1760,2.6,0.19318181818181818,0.2841346153846154,Affordable,Affordable
21204131707,95,668,0.14221556886227546,True,346,1950,1235,3.2,0.28016194331983807,0.3643724696356275,Affordable,Moderately_Affordable
21101126038,95,913,0.10405257393209201,True,481,2017,2111,2.9,0.22785409758408337,0.22049338629158619,Affordable,Affordable
20604150313,95,678,0.140117994100295,True,275,1049,1054,1.5,0.26091081593927895,0.22967450007298204,Affordable,Affordable
21102126119,94,848,0.11084905660377359,True,639,2400,2571,3.6,0.2485414235705951,0.21542051880441612,Affordable,Affordable
20702115726,94,900,0.10444444444444445,True,508,2767,1653,2.8,0.3073200241984271,0.38629066033784726,Moderately_Affordable,Moderately_Affordable
50604113202,94,805,0.11677018633540373,True,398,1975,2196,3.6,0.18123861566484517,0.20754518705338376,Affordable,Affordable
50704117502,94,908,0.10352422907488987,True,770,3649,3583,2.8,0.21490371197320682,0.23502007342364584,Affordable,Affordable
20604150415,94,741,0.12685560053981107,True,315,1246,1380,1.4,0.22826086956521738,0.20836120401337793,Affordable,Affordable
20604150502,94,934,0.1006423982869379,True,326,1326,1217,1.6,0.26787181594083814,0.2514379622021364,Affordable,Affordable
20604150425,94,802,0.1172069825436409,True,351,1810,1683,1.8,0.20855614973262032,0.24818318935965994,Affordable,Affordable
11902165904,94,811,0.1159062885326757,True,406,2090,1487,2.8,0.2730329522528581,0.3243494904557447,Affordable,Moderately_Affordable
20604150323,94,744,0.12634408602150538,True,462,2064,2220,2.3,0.20810810810810812,0.21455301455301456,Affordable,Affordable
20604111735,93,587,0.15843270868824533,True,275,1300,1014,1.7,0.27120315581854043,0.2958579881656805,Affordable,Affordable
50301103520,93,776,0.11984536082474227,True,838,6500,4633,3.0,0.18087632203755666,0.32376429958989855,Affordable,Moderately_Affordable
20703116108,93,682,0.13636363636363635,True,446,2550,1728,2.7,0.25810185185185186,0.3405448717948718,Affordable,Moderately_Affordable
12602150043,93,863,0.10776361529548088,True,600,2200,2159,2.9,0.2779064381658175,0.2351516015249225,Affordable,Affordable
80108109812,93,610,0.15245901639344261,True,390,2500,2463,2.8,0.15834348355663824,0.2342359224210625,Affordable,Affordable
20702142428,93,527,0.17647058823529413,True,535,2000,1843,2.9,0.29028757460661964,0.2504278141825619,Affordable,Affordable
50704118406,92,534,0.17228464419475656,True,605,1293,1937,3.1,0.312338668043366,0.15404471625431873,Moderately_Affordable,Affordable
21102126120,92,467,0.19700214132762311,True,583,2384,2272,3.1,0.2566021126760563,0.24214517876489708,Affordable,Affordable
20604151016,92,792,0.11616161616161616,True,400,1904,1766,1.8,0.22650056625141562,0.24880216046693962,Affordable,Affordable
20604150310,92,600,0.15333333333333332,True,510,2062,2250,2.0,0.22666666666666666,0.2114871794871795,Affordable,Affordable
50607114611,92,522,0.17624521072796934,True,500,2925,2035,2.8,0.2457002457002457,0.3316953316953317,Affordable,Moderately_Affordable
50604113329,92,654,0.14067278287461774,True,450,1723,2446,3.4,0.1839738348323794,0.16255739354676393,Affordable,Affordable
21205132307,91,895,0.10167597765363129,True,450,2000,1718,2.6,0.2619324796274738,0.2686486970538193,Affordable,Affordable
20604111729,91,600,0.15166666666666667,True,462,2253,1735,2.0,0.26628242074927955,0.29966747949456884,Affordable,Affordable
20702142412,91,659,0.13808801213960548,True,508,2201,1660,2.8,0.3060240963855422,0.30597775718257647,Moderately_Affordable,Moderately_Affordable
20604150924,91,778,0.11696658097686376,True,425,1870,2191,2.0,0.19397535371976266,0.19695958993083593,Affordable,Affordable
50602131102,90,814,0.11056511056511056,True,390,1800,1937,1.7,0.20134228187919462,0.21444740081807712,Affordable,Affordable
21205132135,90,681,0.13215859030837004,True,501,2700,1839,2.7,0.2724306688417618,0.3388128999874514,Affordable,Moderately_Affordable
21205132710,90,857,0.10501750291715285,True,431,2500,1531,2.7,0.28151534944480733,0.3768276139275486,Affordable,Moderately_Affordable
11902166018,90,782,0.11508951406649616,True,380,2000,1713,2.7,0.22183304144775248,0.269432843863667,Affordable,Affordable
20702115730,90,854,0.1053864168618267,True,450,1975,1455,2.5,0.30927835051546393,0.3132434575733545,Moderately_Affordable,Moderately_Affordable
20604150433,90,549,0.16393442622950818,True,328,1300,1177,1.7,0.2786745964316058,0.2548853016142736,Affordable,Affordable
50604113710,89,564,0.15780141843971632,True,330,1550,1656,2.7,0.19927536231884058,0.21599777034559645,Affordable,Affordable
21101125912,89,872,0.10206422018348624,True,461,2000,2208,2.7,0.20878623188405798,0.20903010033444816,Affordable,Affordable
21502146930,89,773,0.11513583441138421,True,295,1276,1468,2.7,0.20095367847411444,0.2005868790609935,Affordable,Affordable
21502147003,88,861,0.10220673635307782,True,290,1207,1517,2.6,0.1911667765326302,0.18361137873332994,Affordable,Affordable
50607114618,88,566,0.15547703180212014,True,575,2600,2055,2.6,0.2798053527980535,0.291970802919708,Affordable,Affordable
20701114819,88,766,0.11488250652741515,True,580,2850,2750,3.1,0.2109090909090909,0.23916083916083916,Affordable,Affordable
21205131916,88,876,0.1004566210045662,True,385,2600,2474,2.7,0.15561843168957154,0.2425222312045271,Affordable,Affordable
21205132210,88,680,0.12941176470588237,True,462,1750,1488,3.1,0.31048387096774194,0.2714019851116625,Moderately_Affordable,Affordable
50603112502,88,735,0.11972789115646258,True,523,2000,2175,3.2,0.24045977011494252,0.21220159151193635,Affordable,Affordable
21205132229,88,852,0.10328638497652583,True,390,2800,2031,2.7,0.19202363367799113,0.31814566526531074,Affordable,Moderately_Affordable
21101125425,87,818,0.10635696821515893,True,400,2000,2178,2.8,0.18365472910927455,0.21190930281839374,Affordable,Affordable
40103101116,87,753,0.11553784860557768,True,530,2525,2449,2.5,0.21641486320947326,0.23793070955177936,Affordable,Affordable
21205132722,87,850,0.10235294117647059,True,551,1841,1847,2.7,0.29832160259880885,0.23001957436175086,Affordable,Affordable
40101100160,87,815,0.1067484662576687,True,450,1465,915,1.7,0.4918032786885246,0.3694829760403531,Expensive,Moderately_Affordable
90102100201,87,862,0.10092807424593968,True,250,1972,2305,4.5,0.10845986984815618,0.19743033539128985,Affordable,Affordable
20702115922,87,835,0.10419161676646707,True,716,2525,2395,2.9,0.2989561586638831,0.2432953268026337,Affordable,Affordable
20703116626,87,793,0.10970996216897856,True,430,2383,1355,2.5,0.3173431734317343,0.4058472892421232,Moderately_Affordable,Expensive
50704117601,87,813,0.1070110701107011,True,350,2250,2071,2.9,0.16900048285852245,0.25071500204286296,Affordable,Affordable
50603113103,87,653,0.1332312404287902,True,240,2223,1187,2.5,0.2021903959561921,0.43218197135636055,Affordable,Expensive
50603112412,86,477,0.18029350104821804,True,0,0,0,0.0,,,Unknown,Unknown
21503140523,86,412,0.2087378640776699,True,200,867,1135,2.1,0.1762114537444934,0.17627922738054896,Affordable,Affordable
21102126139,86,773,0.111254851228978,True,419,2300,1981,2.7,0.2115093387178193,0.2679299499087485,Affordable,Affordable
50604113246,86,601,0.14309484193011648,True,290,1500,1312,2.8,0.22103658536585366,0.2638367729831144,Affordable,Affordable
21103126651,86,569,0.15114235500878734,True,421,1851,1566,1.7,0.26883780332056195,0.27276746242263483,Affordable,Affordable
20703116147,86,556,0.15467625899280577,True,380,1538,1506,1.6,0.25232403718459495,0.2356726938400245,Affordable,Affordable
21101125931,86,789,0.10899873257287707,True,431,2292,1774,2.9,0.24295377677564825,0.29815280548087764,Affordable,Affordable
50503110128,86,637,0.13500784929356358,True,370,1700,1833,2.5,0.20185488270594654,0.21402492760921565,Affordable,Affordable
20702115711,86,813,0.1057810578105781,True,501,2850,1687,2.7,0.2969768820391227,0.3898591035520496,Affordable,Moderately_Affordable
20604111738,85,713,0.11921458625525946,True,425,2000,1708,2.2,0.24882903981264637,0.2702215816969915,Affordable,Affordable
21204131812,85,842,0.10095011876484561,True,376,1517,1597,3.0,0.23544145272385722,0.2192090939742787,Affordable,Affordable
50704117906,85,755,0.11258278145695365,True,430,2200,2125,2.7,0.2023529411764706,0.23891402714932128,Affordable,Affordable
21205132133,85,542,0.15682656826568267,True,441,2802,1350,2.9,0.32666666666666666,0.47897435897435897,Moderately_Affordable,Expensive
50301103531,85,788,0.10786802030456853,True,813,4000,4632,3.1,0.17551813471502592,0.1992825827022718,Affordable,Affordable
21101126030,84,599,0.14023372287145242,True,468,2325,2022,2.9,0.2314540059347181,0.26535037662634103,Affordable,Affordable
21104127306,84,789,0.10646387832699619,True,530,2500,2289,3.0,0.23154215814766274,0.25204153644520616,Affordable,Affordable
50603112805,84,674,0.12462908011869436,True,335,1415,1220,2.4,0.27459016393442626,0.2676544766708701,Affordable,Affordable
21205132727,84,722,0.11634349030470914,True,552,2550,1974,3.0,0.2796352583586626,0.29810614916997896,Affordable,Affordable
21205132220,84,700,0.12,True,600,2238,2285,3.0,0.26258205689277897,0.22602255512539976,Affordable,Affordable
21205132152,84,646,0.13003095975232198,True,495,2557,2187,2.8,0.22633744855967078,0.2698111216629735,Affordable,Affordable
40702115720,83,808,0.10272277227722772,True,220,841,1423,2.3,0.15460295151089248,0.1363857505811125,Affordable,Affordable
21205132725,83,830,0.1,True,492,2850,1593,2.8,0.3088512241054614,0.41286397218600607,Moderately_Affordable,Expensive
20703116505,83,803,0.10336239103362391,True,458,2675,1833,2.7,0.24986361156573922,0.3367745184439129,Affordable,Moderately_Affordable
50301103526,82,602,0.1362126245847176,True,650,2708,2656,2.8,0.2447289156626506,0.2352873030583874,Affordable,Affordable
11301125603,82,647,0.1267387944358578,True,268,969,1518,2.1,0.17654808959156784,0.14730921252660384,Affordable,Affordable
21101144820,82,789,0.10392902408111533,True,420,1950,1433,2.5,0.2930914166085136,0.31402651779483604,Affordable,Moderately_Affordable
50603112903,82,819,0.10012210012210013,True,415,2167,2216,2.7,0.18727436823104693,0.22566648153290753,Affordable,Affordable
21205132334,82,714,0.11484593837535013,True,473,2643,2178,2.9,0.21717171717171718,0.2800381436745073,Affordable,Affordable
50602111936,82,804,0.10199004975124377,True,379,1473,1867,2.2,0.20299946438136046,0.182069136005933,Affordable,Affordable
50601130809,82,681,0.12041116005873716,True,415,2050,2445,3.1,0.16973415132924335,0.19348749410099103,Affordable,Affordable
20702115748,81,692,0.11705202312138728,True,426,1825,1507,2.1,0.28268082282680823,0.2794650604869583,Affordable,Affordable
20604150319,81,694,0.11671469740634005,True,231,1750,973,1.4,0.23741007194244604,0.41505257332595463,Affordable,Expensive
21205132102,81,651,0.12442396313364056,True,626,2930,2783,3.1,0.22493711821775064,0.24295862240526273,Affordable,Affordable
50604113703,81,707,0.11456859971711457,True,395,1673,1978,2.9,0.19969666329625885,0.19518550206113403,Affordable,Affordable
50704118414,81,672,0.12053571428571429,True,525,2167,2538,2.8,0.20685579196217493,0.19703582469539915,Affordable,Affordable
50603113135,81,650,0.12461538461538461,True,418,1867,2431,3.3,0.17194570135746606,0.17723000980919532,Affordable,Affordable
20604150402,81,539,0.150278293135436,True,328,1440,1601,1.6,0.20487195502810743,0.20756258107913322,Affordable,Affordable
11703164605,81,744,0.10887096774193548,True,480,2470,1663,2.2,0.28863499699338546,0.3427540589296452,Affordable,Moderately_Affordable
12101168415,80,601,0.13311148086522462,True,925,4000,3250,3.5,0.2846153846153846,0.28402366863905326,Affordable,Affordable
50301103519,80,590,0.13559322033898305,True,830,5000,4845,2.9,0.17131062951496387,0.23815194093831865,Affordable,Affordable
50502109606,80,580,0.13793103448275862,True,820,3000,2583,3.0,0.31746031746031744,0.2680246582685607,Moderately_Affordable,Affordable
50604113701,80,559,0.14311270125223613,True,390,2000,2214,2.9,0.17615176151761516,0.20846362309776945,Affordable,Affordable
21101125434,80,729,0.10973936899862825,True,390,2460,1859,3.1,0.2097902097902098,0.30537509827450654,Affordable,Moderately_Affordable
50603112509,80,689,0.11611030478955008,True,550,2184,2520,3.3,0.21825396825396826,0.2,Affordable,Affordable
21305146428,79,595,0.13277310924369748,True,430,2383,2294,3.3,0.1874455100261552,0.23972235262557842,Affordable,Affordable
21205156714,79,681,0.11600587371512482,True,432,2535,1333,2.8,0.32408102025506375,0.43885971492873216,Moderately_Affordable,Expensive
11902165929,79,548,0.14416058394160583,True,383,2000,1212,2.6,0.31600660066006603,0.38080731150038083,Moderately_Affordable,Moderately_Affordable
20702115714,79,594,0.132996632996633,True,501,2167,1833,2.8,0.2733224222585925,0.2728188341936296,Affordable,Affordable
50603113104,79,694,0.1138328530259366,True,490,2168,2225,2.9,0.2202247191011236,0.22485738980121003,Affordable,Affordable
21503140507,79,718,0.11002785515320335,True,130,2000,1845,2.8,0.07046070460704607,0.2501563477173233,Affordable,Affordable
21502146919,78,445,0.1752808988764045,True,320,1000,1262,2.4,0.25356576862123614,0.18285992929416067,Affordable,Affordable
50704118401,78,534,0.14606741573033707,True,500,2383,2549,3.0,0.19615535504119264,0.21574071279838247,Affordable,Affordable
50403105707,78,747,0.10441767068273092,True,400,1625,1718,3.1,0.23282887077997672,0.21827706635622818,Affordable,Affordable
21204146016,78,586,0.13310580204778158,True,346,1300,1474,2.7,0.23473541383989144,0.20352781546811397,Affordable,Affordable
21101126032,78,609,0.12807881773399016,True,525,2000,2274,3.0,0.23087071240105542,0.20296326364927947,Affordable,Affordable
40101100153,78,463,0.16846652267818574,True,345,2800,1583,1.8,0.21794061907770057,0.4081830992759609,Affordable,Expensive
21204131725,78,591,0.1319796954314721,True,300,1659,1331,2.5,0.22539444027047334,0.2876379818528579,Affordable,Affordable
20703116434,77,734,0.10490463215258855,True,541,3033,2154,2.8,0.2511606313834726,0.32494107563745445,Affordable,Moderately_Affordable
50602112340,77,531,0.14500941619585686,True,395,1733,2159,2.2,0.18295507179249654,0.18523532974667758,Affordable,Affordable
20701152101,77,764,0.10078534031413612,True,601,3900,2700,2.8,0.2225925925925926,0.3333333333333333,Affordable,Moderately_Affordable
21603141618,77,697,0.11047345767575323,True,250,1400,1261,1.9,0.19825535289452814,0.25620691758677483,Affordable,Affordable
21205132146,77,757,0.10171730515191546,True,549,2450,2166,3.2,0.25346260387811637,0.2610270615810782,Affordable,Affordable
50704118014,77,633,0.12164296998420221,True,395,2000,2274,2.9,0.17370272647317503,0.20296326364927947,Affordable,Affordable
20604111736,76,413,0.18401937046004843,True,148,0,1625,1.0,0.09107692307692308,0.0,Affordable,Affordable
20604150301,76,352,0.2159090909090909,True,400,1530,1638,1.7,0.2442002442002442,0.21555367709213863,Affordable,Affordable
21205132203,76,710,0.10704225352112676,True,483,2460,2285,3.1,0.21137855579868708,0.2484430230600909,Affordable,Affordable
50704117915,76,673,0.11292719167904904,True,423,2000,2214,2.8,0.1910569105691057,0.20846362309776945,Affordable,Affordable
20604151004,76,684,0.1111111111111111,True,300,1400,1273,1.6,0.2356637863315004,0.253791769895462,Affordable,Affordable
50604113332,76,638,0.11912225705329153,True,400,1733,2183,3.2,0.1832340815391663,0.18319884421579335,Affordable,Affordable
50604113307,76,732,0.10382513661202186,True,450,1759,2326,3.0,0.1934651762682717,0.17451551028507176,Affordable,Affordable
20702115942,76,731,0.1039671682626539,True,586,2480,2156,2.9,0.2717996289424861,0.2654488368774083,Affordable,Affordable
40103101117,76,702,0.10826210826210826,True,750,3200,2374,2.7,0.3159224936815501,0.3110621476249109,Moderately_Affordable,Moderately_Affordable
21205132207,76,593,0.1281618887015177,True,520,1733,2181,2.9,0.2384227418615314,0.18336683948788488,Affordable,Affordable
21205156819,76,334,0.2275449101796407,True,375,1763,1609,2.7,0.23306401491609696,0.2528565281828178,Affordable,Affordable
50603112833,76,554,0.1371841155234657,True,300,1517,1093,2.0,0.2744739249771272,0.320289957069463,Affordable,Moderately_Affordable
50701114843,76,697,0.10903873744619799,True,359,2389,3271,2.8,0.10975236930602263,0.16854408202619758,Affordable,Affordable
20702142433,75,698,0.10744985673352435,True,480,3000,2154,3.1,0.22284122562674094,0.3214056138847225,Affordable,Moderately_Affordable
50704117904,75,464,0.16163793103448276,True,525,2167,2928,3.1,0.17930327868852458,0.17079129886506936,Affordable,Affordable
21205132526,75,669,0.11210762331838565,True,577,2600,2437,2.9,0.23676651620845302,0.24620434961017645,Affordable,Affordable
20702142504,75,713,0.10518934081346423,True,404,2400,1481,2.6,0.27278865631330185,0.37396769334649144,Affordable,Moderately_Affordable
21101126036,75,690,0.10869565217391304,True,554,2030,2704,3.3,0.20488165680473372,0.17324761037778788,Affordable,Affordable
20703116341,75,556,0.13489208633093525,True,389,2050,1676,2.4,0.23210023866348448,0.2822654672296677,Affordable,Affordable
20604150417,74,315,0.23492063492063492,True,381,1519,1731,1.6,0.22010398613518198,0.20250633248900146,Affordable,Affordable
20702115940,74,599,0.12353923205342238,True,530,1737,2125,3.0,0.24941176470588236,0.18863348416289594,Affordable,Affordable
50704118027,74,468,0.1581196581196581,True,515,2179,2583,2.9,0.19938056523422376,0.19467524345573126,Affordable,Affordable
21205156818,74,710,0.10422535211267606,True,394,2239,1478,2.8,0.2665764546684709,0.34958884146976166,Affordable,Moderately_Affordable
20604150419,74,625,0.1184,True,300,1399,1042,1.5,0.28790786948176583,0.30983316108076187,Affordable,Moderately_Affordable
20702115754,73,661,0.11043872919818457,True,423,2000,2077,2.3,0.2036591237361579,0.22221399207436762,Affordable,Affordable
21104127317,73,717,0.10181311018131102,True,555,2184,1875,2.9,0.296,0.2688,Affordable,Affordable
11802156404,73,720,0.10138888888888889,True,525,2400,2210,2.2,0.23755656108597284,0.25060911938739994,Affordable,Affordable
21205132721,73,713,0.10238429172510519,True,500,3000,1766,2.7,0.28312570781426954,0.3920202108197578,Affordable,Moderately_Affordable
21205132148,73,623,0.11717495987158909,True,455,2800,1699,2.7,0.26780459093584463,0.3803142119798977,Affordable,Moderately_Affordable
50604113228,73,636,0.11477987421383648,True,305,1300,1208,2.6,0.25248344370860926,0.24834437086092714,Affordable,Affordable
20702115721,73,708,0.10310734463276836,True,485,2600,1680,2.7,0.28869047619047616,0.35714285714285715,Affordable,Moderately_Affordable
50603112439,72,632,0.11392405063291139,True,220,1360,693,2.2,0.31746031746031744,0.45288045288045287,Moderately_Affordable,Expensive
20701115232,72,575,0.12521739130434784,True,431,1733,1930,1.7,0.2233160621761658,0.20721402949382223,Affordable,Affordable
21101126012,71,557,0.12746858168761221,True,600,2550,3062,3.3,0.1959503592423253,0.1921820831030498,Affordable,Affordable
50701114840,71,683,0.10395314787701318,True,430,1907,2384,2.2,0.18036912751677853,0.18459602478058854,Affordable,Affordable
10902117911,70,450,0.15555555555555556,True,210,867,1354,2.4,0.155096011816839,0.1477672991705488,Affordable,Affordable
40101100136,70,700,0.1,True,440,975,1891,1.7,0.23268112109994712,0.11898466419883659,Affordable,Affordable
20605151429,70,545,0.12844036697247707,True,406,1717,1781,1.3,0.22796181920269512,0.22247656891115622,Affordable,Affordable
50603112928,70,672,0.10416666666666667,True,370,2450,2261,2.7,0.16364440513047324,0.25005953798523456,Affordable,Affordable
50403105631,69,688,0.1002906976744186,True,380,1560,1921,2.7,0.1978136387298282,0.18740239458615304,Affordable,Affordable
50603112527,69,474,0.14556962025316456,True,490,2095,1928,2.7,0.254149377593361,0.25075805936801787,Affordable,Affordable
21502139515,68,474,0.14345991561181434,True,250,1055,1053,2.4,0.23741690408357075,0.2312075388998466,Affordable,Affordable
21101125638,68,546,0.12454212454212454,True,460,2528,2374,2.9,0.1937657961246841,0.2457390966236796,Affordable,Affordable
21205132209,68,414,0.1642512077294686,True,752,2896,2535,3.1,0.29664694280078896,0.26363222576240325,Affordable,Affordable
50603112750,68,587,0.11584327086882454,True,350,1487,1531,2.1,0.2286087524493795,0.22413706476410591,Affordable,Affordable
50604113744,68,625,0.1088,True,440,1842,2100,3.0,0.20952380952380953,0.20241758241758243,Affordable,Affordable
20604150905,68,657,0.1035007610350076,True,426,1950,2235,2.1,0.1906040268456376,0.20134228187919462,Affordable,Affordable
20702115909,68,588,0.11564625850340136,True,646,3360,2363,3.2,0.2733812949640288,0.32813568150004885,Affordable,Moderately_Affordable
20701114842,67,670,0.1,True,591,4000,2386,3.1,0.2476948868398994,0.3868721387581404,Affordable,Moderately_Affordable
40101100156,67,444,0.15090090090090091,True,375,0,537,1.8,0.6983240223463687,0.0,Very_Expensive,Affordable
40101100139,67,579,0.1157167530224525,True,205,0,519,1.5,0.394990366088632,0.0,Moderately_Affordable,Affordable
50704118405,67,449,0.1492204899777283,True,650,2167,2666,3.1,0.24381095273818454,0.18757574008886838,Affordable,Affordable
50604113733,66,421,0.15676959619952494,True,320,1412,1361,2.5,0.23512123438648053,0.23941671847623353,Affordable,Affordable
50704118412,66,372,0.1774193548387097,True,498,2300,2750,2.8,0.18109090909090908,0.193006993006993,Affordable,Affordable
50704118030,66,459,0.1437908496732026,True,418,2200,2318,2.8,0.18032786885245902,0.2190217030596668,Affordable,Affordable
21205132235,65,571,0.1138353765323993,True,471,2500,1833,2.9,0.2569558101472995,0.31474254060178775,Affordable,Moderately_Affordable
20701114702,65,614,0.10586319218241043,True,448,2500,2028,2.5,0.22090729783037474,0.28447883477469277,Affordable,Affordable
50607114609,65,488,0.13319672131147542,True,300,1560,1562,2.4,0.19206145966709348,0.23047375160051217,Affordable,Affordable
50604113229,65,646,0.10061919504643962,True,328,1517,1289,2.4,0.25446082234290146,0.27158799307751985,Affordable,Affordable
21101125921,65,650,0.1,True,451,2124,2066,3.2,0.21829622458857695,0.23724774741231663,Affordable,Affordable
20701152222,64,541,0.11829944547134935,True,657,4000,2150,2.8,0.3055813953488372,0.4293381037567084,Moderately_Affordable,Expensive
20604150407,64,462,0.13852813852813853,True,270,1000,870,1.1,0.3103448275862069,0.26525198938992045,Moderately_Affordable,Affordable
20703116606,64,423,0.15130023640661938,True,490,2167,1199,2.6,0.408673894912427,0.4170783345095272,Expensive,Expensive
50301103501,64,577,0.11091854419410745,True,850,7000,5111,3.4,0.16630796321659166,0.3160603825835679,Affordable,Moderately_Affordable
40101100154,64,454,0.14096916299559473,True,430,1517,1292,1.7,0.3328173374613003,0.27095737080257204,Moderately_Affordable,Affordable
21101126002,63,573,0.1099476439790576,True,471,2200,2216,2.9,0.2125451263537906,0.22910302693696197,Affordable,Affordable
11902165917,63,594,0.10606060606060606,True,373,1900,1292,2.4,0.2886996904024768,0.3393665158371041,Affordable,Moderately_Affordable
11902165914,62,447,0.13870246085011187,True,445,1755,1958,2.8,0.22727272727272727,0.20684371807967314,Affordable,Affordable
50603112811,62,445,0.1393258426966292,True,315,1400,1312,2.4,0.24009146341463414,0.24624765478424016,Affordable,Affordable
50604113352,62,468,0.13247863247863248,True,450,2115,1833,2.9,0.24549918166939444,0.26627218934911245,Affordable,Affordable
20702142534,62,556,0.11151079136690648,True,569,3250,1562,2.7,0.36427656850192064,0.4801536491677337,Moderately_Affordable,Expensive
21205156710,62,473,0.13107822410147993,True,391,1400,1062,1.8,0.3681732580037665,0.3042155584528466,Moderately_Affordable,Moderately_Affordable
20702115903,61,512,0.119140625,True,605,2392,2636,2.8,0.2295144157814871,0.2094081942336874,Affordable,Affordable
20703116337,61,609,0.10016420361247948,True,381,2504,2015,2.7,0.1890818858560794,0.28677228478717315,Affordable,Affordable
50704118001,60,572,0.1048951048951049,True,495,2375,2437,2.9,0.20311858842839556,0.22489820397083427,Affordable,Affordable
50704118225,60,536,0.11194029850746269,True,420,2230,1812,3.1,0.23178807947019867,0.2840040753948039,Affordable,Affordable
50302104244,60,521,0.11516314779270634,True,370,1430,1547,1.5,0.2391725921137686,0.21331609566903684,Affordable,Affordable
20703116610,60,456,0.13157894736842105,True,456,2800,1812,2.8,0.25165562913907286,0.3565970453387672,Affordable,Moderately_Affordable
20604112404,60,558,0.10752688172043011,True,351,1800,1562,1.6,0.22471190781049935,0.2659312518467448,Affordable,Affordable
20703116356,60,581,0.10327022375215146,True,370,1500,1266,2.1,0.292259083728278,0.27342325920524974,Affordable,Affordable
21202145427,60,383,0.1566579634464752,True,508,2300,2250,3.2,0.22577777777777777,0.2358974358974359,Affordable,Affordable
21205132226,59,396,0.14898989898989898,True,400,2600,1625,2.7,0.24615384615384617,0.36923076923076925,Affordable,Moderately_Affordable
20604150516,59,404,0.14603960396039603,True,420,1517,2083,2.1,0.2016322611617859,0.168063813287049,Affordable,Affordable
21104127327,58,458,0.12663755458515283,True,554,2328,2027,2.8,0.27331031080414403,0.2650373799855793,Affordable,Affordable
21205132149,57,541,0.10536044362292052,True,495,2500,1781,2.8,0.2779337450870298,0.323932103831037,Affordable,Moderately_Affordable
50603112910,56,374,0.1497326203208556,True,460,2292,2428,3.1,0.18945634266886327,0.21784311240653909,Affordable,Affordable
50603112916,56,554,0.10108303249097472,True,570,2698,2799,3.3,0.20364415862808147,0.2224420809629813,Affordable,Affordable
50603112429,56,486,0.11522633744855967,True,355,1517,1531,2.7,0.2318745917700849,0.2286589961312365,Affordable,Affordable
50704118416,56,486,0.11522633744855967,True,535,1867,2416,2.9,0.22144039735099338,0.17833036169128885,Affordable,Affordable
50603112821,56,416,0.1346153846153846,True,320,1667,1312,2.7,0.24390243902439024,0.2932106003752345,Affordable,Affordable
50603112528,56,495,0.11313131313131314,True,475,1964,2036,3.3,0.23330058939096268,0.22260843282454285,Affordable,Affordable
21104127038,55,538,0.10223048327137546,True,423,1950,2192,2.4,0.19297445255474452,0.20529197080291972,Affordable,Affordable
30403109416,55,544,0.10110294117647059,True,420,1517,1656,2.3,0.2536231884057971,0.21139910813823856,Affordable,Affordable
11703164115,55,542,0.1014760147601476,True,1050,3467,3874,2.4,0.2710376871450697,0.20652476073229817,Affordable,Affordable
50704117819,55,545,0.10091743119266056,True,635,3700,3714,3.0,0.170974690360797,0.22989934136945445,Affordable,Affordable
20701114837,55,432,0.12731481481481483,True,416,3600,2042,2.8,0.20372184133202742,0.4068409553228358,Affordable,Expensive
20703116149,55,544,0.10110294117647059,True,391,1530,1442,1.9,0.2711511789181692,0.24485223514349727,Affordable,Affordable
50704118023,54,429,0.1258741258741259,True,480,2412,2833,3.1,0.1694316978468055,0.196475603464661,Affordable,Affordable
20604150611,54,451,0.1197339246119734,True,431,2084,1983,1.9,0.21734745335350478,0.24252298382404283,Affordable,Affordable
20703116323,53,431,0.12296983758700696,True,523,2167,1781,2.5,0.29365524985962943,0.2807843476007429,Affordable,Affordable
40202103205,53,519,0.10211946050096339,True,375,2000,1562,3.1,0.24007682458386684,0.29547916871860536,Affordable,Affordable
11703164428,52,475,0.10947368421052632,True,915,2975,3333,1.7,0.2745274527452745,0.20598213667520598,Affordable,Affordable
20601110620,52,493,0.10547667342799188,True,421,2000,1941,1.7,0.21689850592478105,0.23778385447628106,Affordable,Affordable
50603112516,52,411,0.12652068126520682,True,525,3319,2250,3.2,0.23333333333333334,0.3404102564102564,Affordable,Moderately_Affordable
21503140404,52,520,0.1,True,250,1300,1350,2.2,0.18518518518518517,0.2222222222222222,Affordable,Affordable
21204156504,51,490,0.10408163265306122,True,391,1575,1531,3.1,0.25538863487916397,0.23740139677435562,Affordable,Affordable
50602130919,51,446,0.11434977578475336,True,330,1550,707,1.7,0.4667609618104668,0.5059297138505059,Expensive,Very_Expensive
31901149516,50,480,0.10416666666666667,True,218,1259,810,2.2,0.2691358024691358,0.3586894586894587,Affordable,Moderately_Affordable
21101125820,50,450,0.1111111111111111,True,535,2221,2812,3.1,0.19025604551920342,0.18226830068935332,Affordable,Affordable
