SA1_CODE_2021,Tot_P_P,Median_age_persons,Median_tot_prsnl_inc_weekly,Median_rent_weekly,Median_mortgage_repay_monthly,Median_tot_hhd_inc_weekly,Year12_Total,High_Income_Total,Families_with_children,latitude,longitude,beach_min_km,beach_avg_km,beachs_within_5km,beachs_within_10km,park_min_km,park_avg_km,parks_within_5km,parks_within_10km,school_min_km,school_avg_km,schools_within_5km,schools_within_10km,hospital_min_km,hospital_avg_km,hospitals_within_5km,hospitals_within_10km,beach_score,park_score,school_score,hospital_score,education_score,income_score,age_score,lifestyle_premium_index,school_demand_index,lifestyle_preference_index,value_score,state,state_name,is_coastal,is_highly_coastal,is_metro,income_bracket,age_bracket
30905124513,1171,37,1056,658,2600,3169,519.0,289,0,-31.2298,153.1491,23.747590483998952,39.58299141369727,0,0,101.64925300259463,147.99285859180932,0,0,132.55431566329673,176.79900815608934,0,0,95.742982507,180.864497743672,0,0,0.2083401717260545,0.0,0.0,0.0,1.0,0.629695885509839,0.9349874032704532,25.138699305971745,60.0,79.53441637360554,2.380558646398839,3,QLD,True,False,False,$800-1200,30-40
20604150816,834,43,1694,701,2488,2482,520.0,235,0,-41.3136,144.1131,226.6785966611812,287.62636564435235,0,0,83.99028537152644,105.9323458749387,0,0,8.626606242809114,57.34276544143214,0,0,171.50910467221837,218.97213176528209,0,0,0.0,0.0,0.0,0.0,1.0,1.0,0.999444598736858,24.997222993684293,60.0,99.98333796210576,1.4756329984465344,2,VIC,False,False,False,>$1600,40-50
11703164222,676,44,1700,625,2600,2833,636.0,271,0,-37.2288,149.3733,331.3484972952808,403.8505073903102,0,0,28.795790322845384,84.32857390784454,0,0,114.7894427528546,124.78555570996816,0,0,149.5317494985343,165.0929054268865,0,0,0.0,0.0,0.0,0.0,1.0,1.0,0.9950124791926824,24.975062395963413,60.0,99.85037437578046,1.4691213174096125,1,NSW,False,False,False,>$1600,40-50
80106106301,931,44,1791,560,2167,2650,681.0,459,0,-39.2209,150.236,369.2304857400113,387.0629692655537,0,0,46.02899923846868,93.10644967597813,0,0,15.650637942306725,86.042506822096,0,0,91.3361245408704,111.99107178506236,0,0,0.0,0.0,0.0,0.0,1.0,1.0,0.9950124791926824,24.975062395963413,60.0,99.85037437578046,1.3944758456707655,8,ACT,False,False,False,>$1600,40-50
11703133613,579,45,1914,700,3044,4100,539.0,161,0,-37.5388,149.34230000000002,325.3917559245329,401.8228739176083,0,0,56.42901006420714,85.18932478476918,0,0,146.16197566664064,155.55661677644375,0,0,181.9786054797444,197.13538819268317,0,0,0.0,0.0,0.0,0.0,1.0,1.0,0.9862071167439164,24.93103558371958,60.0,99.58621350231748,1.302561942723071,1,NSW,False,False,False,>$1600,40-50
51002126705,1663,39,2488,323,681,1100,801.0,850,0,-35.6905,112.9865,209.07021754075728,277.1372126527576,0,0,224.04372193093525,337.6368286564865,0,0,296.822617928898,327.9058573212629,0,0,339.8959469122201,342.00892939627374,0,0,0.0,0.0,0.0,0.0,1.0,1.0,0.973144963058051,24.865724815290257,60.0,99.19434889174153,0.9994262385566824,5,WA,False,False,False,>$1600,30-40
80106112901,703,43,1803,550,2000,2620,485.0,342,0,-39.160900000000005,150.242,373.4056592734702,389.0474560194209,0,0,46.371772381085904,91.39041934106108,0,0,12.64342082343415,81.27711307813344,0,0,87.05457967840819,113.0641690173658,0,0,0.0,0.0,0.0,0.0,0.9837728194726166,1.0,0.999444598736858,24.834951188410457,59.02636916835699,99.65879435155809,1.377423804127036,8,ACT,False,False,False,>$1600,40-50
20605113034,918,39,1671,475,2000,2239,605.0,468,0,-41.6836,145.0761,120.39189164322308,184.3409672173213,0,0,32.05521496958868,66.5979104841922,0,0,43.46761566695343,60.14701444557122,0,0,197.1707585131853,203.64413866768624,0,0,0.0,0.0,0.0,0.0,1.0,0.996422182468694,0.973144963058051,24.829946639977194,60.0,99.01545801517624,1.4859333716323877,2,VIC,False,False,False,>$1600,30-40
80106106405,702,46,1727,618,3189,3315,489.0,302,0,-39.2209,150.236,369.2304857400113,387.0629692655537,0,0,46.02899923846868,93.10644967597813,0,0,15.650637942306725,86.042506822096,0,0,91.3361245408704,111.99107178506236,0,0,0.0,0.0,0.0,0.0,0.9918864097363084,1.0,0.973144963058051,24.784588912653337,59.51318458417849,99.0320770864677,1.435123851340668,8,ACT,False,False,False,>$1600,40-50
11703132927,552,47,2006,700,3500,3266,589.0,230,0,-37.5488,149.34130000000002,325.2592223192765,401.4775054278286,0,0,55.3851729040675,85.22546741130384,0,0,147.03557476397856,156.57535933609464,0,0,183.03867670665105,198.17586791304075,0,0,0.0,0.0,0.0,0.0,1.0,1.0,0.9559974818330998,24.7799874091655,60.0,98.679924454993,1.23529348998831,1,NSW,False,False,False,>$1600,40-50
11703164113,845,47,1856,1100,4146,4281,604.0,292,0,-37.2288,149.3733,331.3484972952808,403.8505073903102,0,0,28.795790322845384,84.32857390784454,0,0,114.7894427528546,124.78555570996816,0,0,149.5317494985343,165.0929054268865,0,0,0.0,0.0,0.0,0.0,1.0,1.0,0.9559974818330998,24.7799874091655,60.0,98.679924454993,1.335128631959348,1,NSW,False,False,False,>$1600,40-50
20606151507,673,38,1713,582,2070,2458,542.0,336,0,-41.3036,146.1141,22.075956992838236,108.02606782475316,0,0,106.40742638409918,123.36760718685017,0,0,78.40244437377531,95.05020851074512,0,0,140.09990920958148,144.7294512889972,0,0,0.0,0.0,0.0,0.0,1.0,1.0,0.9559974818330998,24.7799874091655,60.0,98.679924454993,1.4465842036874197,2,VIC,False,False,False,>$1600,30-40
11703133345,587,41,1651,610,2015,2395,491.0,250,0,-37.5388,149.34230000000002,325.3917559245329,401.8228739176083,0,0,56.42901006420714,85.18932478476918,0,0,146.16197566664064,155.55661677644375,0,0,181.9786054797444,197.13538819268317,0,0,0.0,0.0,0.0,0.0,0.995943204868154,0.9844961240310076,0.9950124791926824,24.779455684955032,59.75659229208925,98.99404467469394,1.5008755714691115,1,NSW,False,False,False,>$1600,40-50
11703132914,711,37,2175,762,3500,3461,549.0,355,0,-37.5488,149.34130000000002,325.2592223192765,401.4775054278286,0,0,55.3851729040675,85.22546741130384,0,0,147.03557476397856,156.57535933609464,0,0,183.03867670665105,198.17586791304075,0,0,0.0,0.0,0.0,0.0,1.0,1.0,0.9349874032704532,24.674937016352267,60.0,98.0496220981136,1.134479862820794,1,NSW,False,False,False,>$1600,30-40
11703133143,587,37,1900,625,2817,2886,497.0,279,0,-37.5388,149.34230000000002,325.3917559245329,401.8228739176083,0,0,56.42901006420714,85.18932478476918,0,0,146.16197566664064,155.55661677644375,0,0,181.9786054797444,197.13538819268317,0,0,0.0,0.0,0.0,0.0,1.0,1.0,0.9349874032704532,24.674937016352267,60.0,98.0496220981136,1.2986808955974878,1,NSW,False,False,False,>$1600,30-40
20607114202,580,37,1787,514,2600,3261,502.0,295,0,-41.6736,147.0771,84.67419821379839,95.12240090824014,0,0,45.07312808264685,54.587224769005466,0,0,63.22012316730845,69.3483810904303,0,0,53.0501971266282,55.22490119666901,0,0,0.0,0.0,0.0,0.0,1.0,1.0,0.9349874032704532,24.674937016352267,60.0,98.0496220981136,1.3808022952631374,2,VIC,False,False,False,>$1600,30-40
51003127124,794,37,2440,520,5250,3749,496.0,522,0,-35.6805,113.9875,112.42971909374602,185.7913853438403,0,0,112.74291636499194,235.7268313259912,0,0,185.5974292270817,230.56747350617533,0,0,255.74482496600555,269.59402974414905,0,0,0.0,0.0,0.0,0.0,1.0,1.0,0.9349874032704532,24.674937016352267,60.0,98.0496220981136,1.0112679105062403,5,WA,False,False,False,>$1600,30-40
12201141924,648,38,1727,755,3424,3031,487.0,308,0,-37.4588,147.3503,105.00079149141762,242.30228552331863,0,0,26.812815438053075,133.02773620983217,0,0,70.52018969658839,115.98194091926514,0,0,146.45488989326347,149.98929208730829,0,0,0.0,0.0,0.0,0.0,0.9878296146044624,1.0,0.9559974818330998,24.65828355521013,59.26977687626774,98.43651674708224,1.4278102811355025,1,NSW,False,False,False,>$1600,30-40
80105105301,705,38,1654,551,2167,2392,623.0,261,0,-39.230900000000005,149.235,280.85478510005794,327.6181767087812,0,0,52.13211955391002,127.71726849127852,0,0,124.85917950697294,157.9705246180151,0,0,188.2729145163276,190.8069438381636,0,0,0.0,0.0,0.0,0.0,1.0,0.9862850327966608,0.9559974818330998,24.642837737132105,60.0,97.99417609482605,1.4898934544819895,8,ACT,False,False,False,>$1600,30-40
11801165019,742,40,1627,650,3473,2852,498.0,244,0,-37.2188,147.3743,114.61501613001803,252.03972792972252,0,0,10.695409676343331,126.78908800628832,0,0,65.5693994686013,113.67368674455004,0,0,127.94726266282268,141.79365332110842,0,0,0.0,0.0,0.0,0.0,1.0,0.970184853905784,0.9862071167439164,24.632884122777423,60.0,98.0954561976067,1.5140063996790056,1,NSW,False,False,False,>$1600,30-40
11703133031,771,36,1792,600,2409,3107,668.0,390,0,-37.5388,149.34230000000002,325.3917559245329,401.8228739176083,0,0,56.42901006420714,85.18932478476918,0,0,146.16197566664064,155.55661677644375,0,0,181.9786054797444,197.13538819268317,0,0,0.0,0.0,0.0,0.0,1.0,1.0,0.9103839103891423,24.55191955194572,60.0,97.31151731167428,1.3700847964255425,1,NSW,False,False,False,>$1600,30-40
12003139517,887,36,1724,700,3033,3451,612.0,366,0,-37.4788,149.34830000000002,326.2662148512882,403.944184127572,0,0,55.01995269459362,85.11163537808505,0,0,140.9927297723785,149.47326313154244,0,0,175.6331300000511,190.9105064559781,0,0,0.0,0.0,0.0,0.0,1.0,1.0,0.9103839103891423,24.55191955194572,60.0,97.31151731167428,1.4241252640339743,1,NSW,False,False,False,>$1600,30-40
80106112903,886,36,1811,500,1954,2338,663.0,494,0,-39.160900000000005,150.242,373.4056592734702,389.0474560194209,0,0,46.371772381085904,91.39041934106108,0,0,12.64342082343415,81.27711307813344,0,0,87.05457967840819,113.0641690173658,0,0,0.0,0.0,0.0,0.0,1.0,1.0,0.9103839103891423,24.55191955194572,60.0,97.31151731167428,1.3557106323548158,8,ACT,False,False,False,>$1600,30-40
80106113106,765,36,1920,550,2000,2454,523.0,377,0,-39.1509,150.243,374.1086745970715,389.38423588045725,0,0,46.52269975636822,91.1337733449983,0,0,12.426447421446746,80.58286879927722,0,0,86.3709641266706,113.25926903388088,0,0,0.0,0.0,0.0,0.0,1.0,1.0,0.9103839103891423,24.55191955194572,60.0,97.31151731167428,1.278745809997173,8,ACT,False,False,False,>$1600,30-40
11703133305,556,42,1677,450,2563,2037,467.0,253,0,-37.5388,149.34230000000002,325.3917559245329,401.8228739176083,0,0,56.42901006420714,85.18932478476918,0,0,146.16197566664064,155.55661677644375,0,0,181.9786054797444,197.13538819268317,0,0,0.0,0.0,0.0,0.0,0.947261663286004,1.0,0.999444598736858,24.46983962654433,56.835699797160245,98.92857122782584,1.4591436867349037,1,NSW,False,False,False,>$1600,40-50
20604111915,635,42,1709,650,3700,3544,467.0,254,0,-41.7036,144.0741,231.17682836464837,286.34587230003893,0,0,62.81903546314108,105.25025362668585,0,0,35.66527060036503,67.29146409802121,0,0,128.79640681967655,175.8253277762953,0,0,0.0,0.0,0.0,0.0,0.947261663286004,1.0,0.999444598736858,24.46983962654433,56.835699797160245,98.92857122782584,1.4318220963454844,2,VIC,False,False,False,>$1600,40-50
50702116524,700,47,1618,610,2600,3185,510.0,247,0,-35.7905,112.9765,214.41830359661648,283.4313220125461,0,0,225.4309175512968,339.9008576420936,0,0,297.9072099518808,331.2448941951823,0,0,336.67174416645105,341.9702131848644,0,0,0.0,0.0,0.0,0.0,1.0,0.9648181276088252,0.9559974818330998,24.428168685253755,60.0,96.92083083543426,1.5097755676918267,5,WA,False,False,False,>$1600,40-50
11703164408,557,45,1986,860,4333,4405,468.0,196,0,-37.2288,149.3733,331.3484972952808,403.8505073903102,0,0,28.795790322845384,84.32857390784454,0,0,114.7894427528546,124.78555570996816,0,0,149.5317494985343,165.0929054268865,0,0,0.0,0.0,0.0,0.0,0.949290060851927,1.0,0.9862071167439164,24.42393619223885,56.95740365111563,98.57201471935603,1.2298054477461655,1,NSW,False,False,False,>$1600,40-50
11703133033,728,35,1937,650,2740,3262,591.0,434,0,-37.5388,149.34230000000002,325.3917559245329,401.8228739176083,0,0,56.42901006420714,85.18932478476918,0,0,146.16197566664064,155.55661677644375,0,0,181.9786054797444,197.13538819268317,0,0,0.0,0.0,0.0,0.0,1.0,1.0,0.8824969025845953,24.412484512922976,60.0,96.47490707753784,1.2603244456852336,1,NSW,False,False,False,>$1600,30-40
11703133049,781,35,1751,566,2200,2470,611.0,404,0,-37.5388,149.34230000000002,325.3917559245329,401.8228739176083,0,0,56.42901006420714,85.18932478476918,0,0,146.16197566664064,155.55661677644375,0,0,181.9786054797444,197.13538819268317,0,0,0.0,0.0,0.0,0.0,1.0,1.0,0.8824969025845953,24.412484512922976,60.0,96.47490707753784,1.3942024279225,1,NSW,False,False,False,>$1600,30-40
12104141425,646,35,1871,544,2513,2855,494.0,341,0,-37.4588,150.3503,328.4219845269456,337.0317056449738,0,0,49.829623398746335,81.98526161999641,0,0,150.4502843519458,154.77688003623123,0,0,132.142697907346,143.79816322469975,0,0,0.0,0.0,0.0,0.0,1.0,1.0,0.8824969025845953,24.412484512922976,60.0,96.47490707753784,1.3047827104715648,1,NSW,False,False,False,>$1600,30-40
12104141735,714,35,1738,650,3000,3021,546.0,353,0,-37.4588,150.3503,328.4219845269456,337.0317056449738,0,0,49.829623398746335,81.98526161999641,0,0,150.4502843519458,154.77688003623123,0,0,132.142697907346,143.79816322469975,0,0,0.0,0.0,0.0,0.0,1.0,1.0,0.8824969025845953,24.412484512922976,60.0,96.47490707753784,1.404630869558284,1,NSW,False,False,False,>$1600,30-40
30503112818,741,36,1652,550,2000,2713,492.0,323,0,-31.3498,151.1371,246.19157957626504,250.2581654031669,0,0,19.4956617056198,142.3906956735146,0,0,150.68030058721692,163.3572404085245,0,0,111.48552753450106,152.1488700405328,0,0,0.0,0.0,0.0,0.0,0.9979716024340772,0.985092426952892,0.9103839103891423,24.382559845815408,59.87829614604463,96.52557070800042,1.475941879286647,3,QLD,False,False,False,>$1600,30-40
11703133314,516,40,1842,715,2350,2899,464.0,269,0,-37.5388,149.34230000000002,325.3917559245329,401.8228739176083,0,0,56.42901006420714,85.18932478476918,0,0,146.16197566664064,155.55661677644375,0,0,181.9786054797444,197.13538819268317,0,0,0.0,0.0,0.0,0.0,0.9411764705882352,1.0,0.9862071167439164,24.342800289601936,56.47058823529412,98.4097429140822,1.3215418181108542,1,NSW,False,False,False,>$1600,30-40
11703133036,664,34,1853,650,3000,3228,534.0,334,0,-37.5388,149.34230000000002,325.3917559245329,401.8228739176083,0,0,56.42901006420714,85.18932478476918,0,0,146.16197566664064,155.55661677644375,0,0,181.9786054797444,197.13538819268317,0,0,0.0,0.0,0.0,0.0,1.0,1.0,0.8516705072294409,24.258352536147207,60.0,95.55011521688324,1.309139370542213,1,NSW,False,False,False,>$1600,30-40
20607114223,614,34,1760,552,2200,3045,494.0,279,0,-41.6736,147.0771,84.67419821379839,95.12240090824014,0,0,45.07312808264685,54.587224769005466,0,0,63.22012316730845,69.3483810904303,0,0,53.0501971266282,55.22490119666901,0,0,0.0,0.0,0.0,0.0,1.0,1.0,0.8516705072294409,24.258352536147207,60.0,95.55011521688324,1.378315485008364,2,VIC,False,False,False,>$1600,30-40
30503112802,806,34,1687,450,2000,2358,664.0,354,0,-31.3498,151.1371,246.19157957626504,250.2581654031669,0,0,19.4956617056198,142.3906956735146,0,0,150.68030058721692,163.3572404085245,0,0,111.48552753450106,152.1488700405328,0,0,0.0,0.0,0.0,0.0,1.0,1.0,0.8516705072294409,24.258352536147207,60.0,95.55011521688324,1.437958063790587,3,QLD,False,False,False,>$1600,30-40
80106113103,656,34,1709,481,1874,2396,506.0,347,0,-39.1509,150.243,374.1086745970715,389.38423588045725,0,0,46.52269975636822,91.1337733449983,0,0,12.426447421446746,80.58286879927722,0,0,86.3709641266706,113.25926903388088,0,0,0.0,0.0,0.0,0.0,1.0,1.0,0.8516705072294409,24.258352536147207,60.0,95.55011521688324,1.4194471934550736,8,ACT,False,False,False,>$1600,30-40
11703132921,529,39,1574,450,2084,1967,512.0,245,0,-37.5488,149.34130000000002,325.2592223192765,401.4775054278286,0,0,55.3851729040675,85.22546741130384,0,0,147.03557476397856,156.57535933609464,0,0,183.03867670665105,198.17586791304075,0,0,0.0,0.0,0.0,0.0,1.0,0.9385807990459152,0.973144963058051,24.25153280574941,60.0,96.12338884403728,1.5407581198061886,1,NSW,False,False,False,$1200-1600,30-40
11702132820,758,34,1671,640,2700,3034,612.0,371,0,-37.5488,148.34130000000002,214.0901776848344,320.3851123127645,0,0,81.08457373235039,121.4215823113976,0,0,127.68200526660864,157.15852089901742,0,0,192.17496587036769,199.80383082261065,0,0,0.0,0.0,0.0,0.0,1.0,0.996422182468694,0.8516705072294409,24.222574360834148,60.0,95.37122434031792,1.449585539248004,1,NSW,False,False,False,>$1600,30-40
30805153302,1084,29,1096,370,1733,2406,462.0,285,0,-30.9398,153.1781,32.13475052618383,37.58885068643223,0,0,106.077327262741,164.10685725392278,0,0,104.21347454608764,176.1052294184481,0,0,103.75513570342252,195.17067433943467,0,0,0.2482229862713554,0.0,0.0,0.0,0.9371196754563894,0.6535480023852117,0.6669768108584744,24.206020558135496,56.22718052738336,71.4290979541426,2.208578518078056,3,QLD,True,False,False,$800-1200,<30
12104141729,639,44,1844,762,2900,3121,455.0,255,0,-37.4588,150.3503,328.4219845269456,337.0317056449738,0,0,49.829623398746335,81.98526161999641,0,0,150.4502843519458,154.77688003623123,0,0,132.142697907346,143.79816322469975,0,0,0.0,0.0,0.0,0.0,0.922920892494929,1.0,0.9950124791926824,24.204271320912703,55.375253549695735,98.30879222567904,1.3125960586178256,1,NSW,False,False,False,>$1600,40-50
12001138640,853,41,1619,650,2600,2426,469.0,356,0,-37.4888,147.34730000000002,104.22278630104728,241.3219559395128,0,0,29.92735230976992,134.08182935039514,0,0,71.82247882784314,116.5852978157646,0,0,145.6136622821765,151.18181913991788,0,0,0.0,0.0,0.0,0.0,0.95131845841785,0.9654144305307096,0.9950124791926824,24.14239128544901,57.07910750507099,97.14746507067296,1.491191555617604,1,NSW,False,False,False,>$1600,40-50
12201141936,605,35,1668,700,2600,3104,482.0,265,0,-37.4588,147.3503,105.00079149141762,242.30228552331863,0,0,26.812815438053075,133.02773620983217,0,0,70.52018969658839,115.98194091926514,0,0,146.45488989326347,149.98929208730829,0,0,0.0,0.0,0.0,0.0,0.977687626774848,0.9946332737030412,0.8824969025845953,24.135693517701867,58.66125760649087,95.76032329818686,1.4469840238430376,1,NSW,False,False,False,>$1600,30-40
11703133016,755,35,1664,620,3000,3083,481.0,302,0,-37.5388,149.34230000000002,325.3917559245329,401.8228739176083,0,0,56.42901006420714,85.18932478476918,0,0,146.16197566664064,155.55661677644375,0,0,181.9786054797444,197.13538819268317,0,0,0.0,0.0,0.0,0.0,0.9756592292089248,0.992248062015504,0.8824969025845953,24.091557425167267,58.53955375253549,95.60049476249156,1.447809941416302,1,NSW,False,False,False,>$1600,30-40
11703164705,638,33,1863,600,2400,3197,571.0,377,0,-37.2288,149.3733,331.3484972952808,403.8505073903102,0,0,28.795790322845384,84.32857390784454,0,0,114.7894427528546,124.78555570996816,0,0,149.5317494985343,165.0929054268865,0,0,0.0,0.0,0.0,0.0,1.0,1.0,0.8182760289835492,24.09138014491775,60.0,94.54828086950648,1.2931497662328368,1,NSW,False,False,False,>$1600,30-40
12101140131,982,33,1720,750,3467,3155,704.0,388,0,-37.4688,147.3493,104.73017527453376,241.9693028406477,0,0,27.844854622270574,133.39977195029186,0,0,70.93934028864349,116.17583331679089,0,0,146.16647520051092,150.38250000184564,0,0,0.0,0.0,0.0,0.0,1.0,1.0,0.8182760289835492,24.09138014491775,60.0,94.54828086950648,1.4006616363324274,1,NSW,False,False,False,>$1600,30-40
12104141737,841,33,1847,650,2999,3090,630.0,407,0,-37.4588,150.3503,328.4219845269456,337.0317056449738,0,0,49.829623398746335,81.98526161999641,0,0,150.4502843519458,154.77688003623123,0,0,132.142697907346,143.79816322469975,0,0,0.0,0.0,0.0,0.0,1.0,1.0,0.8182760289835492,24.09138014491775,60.0,94.54828086950648,1.304351929881849,1,NSW,False,False,False,>$1600,30-40
12201141933,666,38,1772,795,3467,3336,457.0,286,0,-37.4588,147.3503,105.00079149141762,242.30228552331863,0,0,26.812815438053075,133.02773620983217,0,0,70.52018969658839,115.98194091926514,0,0,146.45488989326347,149.98929208730829,0,0,0.0,0.0,0.0,0.0,0.9269776876267748,1.0,0.9559974818330998,24.04976428543325,55.61866125760648,97.21947820752848,1.3572101741215152,1,NSW,False,False,False,>$1600,30-40
12104141712,736,33,1668,600,2850,2886,549.0,307,0,-37.4588,150.3503,328.4219845269456,337.0317056449738,0,0,49.829623398746335,81.98526161999641,0,0,150.4502843519458,154.77688003623123,0,0,132.142697907346,143.79816322469975,0,0,0.0,0.0,0.0,0.0,1.0,0.9946332737030412,0.8182760289835492,24.03771288194816,60.0,94.27994455465851,1.4411098850088824,1,NSW,False,False,False,>$1600,30-40
20607151710,751,36,1587,545,2300,2793,582.0,328,0,-41.3036,147.1141,48.89994036265316,93.0565643845322,0,0,52.51652682645752,82.40558218830914,0,0,98.55534884639208,106.05005247868438,0,0,43.03666307432128,67.64387357490833,0,0,0.0,0.0,0.0,0.0,1.0,0.9463327370304114,0.9103839103891423,24.015246922249823,60.0,94.62815416319484,1.513248073235654,2,VIC,False,False,False,$1200-1600,30-40
80105112407,653,33,1663,510,2500,2912,508.0,278,0,-39.160900000000005,149.242,286.9058654364759,331.04721583565987,0,0,44.89942235767246,122.4104340320904,0,0,123.7283529913408,156.9126461104842,0,0,190.54606844477016,191.8422878140632,0,0,0.0,0.0,0.0,0.0,1.0,0.9916517590936196,0.8182760289835492,24.007897735853945,60.0,94.13086882418746,1.443649893917856,8,ACT,False,False,False,>$1600,30-40
30805153303,2879,28,984,360,1771,2328,1051.0,603,0,-30.9398,153.1781,32.13475052618383,37.58885068643223,0,0,106.077327262741,164.10685725392278,0,0,104.21347454608764,176.1052294184481,0,0,103.75513570342252,195.17067433943467,0,0,0.2482229862713554,0.0,0.0,0.0,1.0,0.5867620751341681,0.626740799202993,23.96578447278376,60.0,68.14032773279818,2.4355472025186744,3,QLD,True,False,False,$800-1200,<30
12104141701,661,37,1718,600,2615,2805,458.0,303,0,-37.4588,150.3503,328.4219845269456,337.0317056449738,0,0,49.829623398746335,81.98526161999641,0,0,150.4502843519458,154.77688003623123,0,0,132.142697907346,143.79816322469975,0,0,0.0,0.0,0.0,0.0,0.9290060851926978,1.0,0.9349874032704532,23.964997868279244,55.74036511156186,96.62974380196756,1.3949358479790013,1,NSW,False,False,False,>$1600,30-40
20607114522,709,34,1627,572,2600,3125,501.0,254,0,-41.6736,147.0771,84.67419821379839,95.12240090824014,0,0,45.07312808264685,54.587224769005466,0,0,63.22012316730845,69.3483810904303,0,0,53.0501971266282,55.22490119666901,0,0,0.0,0.0,0.0,0.0,1.0,0.970184853905784,0.8516705072294409,23.96020107520505,60.0,94.05935791217244,1.472661405974496,2,VIC,False,False,False,>$1600,30-40
30502111404,981,42,1502,620,2968,3555,589.0,270,0,-31.3598,150.1361,355.7380537792954,360.86650751503953,0,0,93.70364970055684,163.87019138922693,0,0,78.59569741017587,114.42794395291769,0,0,113.10616950597996,163.85930025677828,0,0,0.0,0.0,0.0,0.0,1.0,0.8956469886702445,0.999444598736858,23.953692880386736,60.0,94.76568739561796,1.5947864767234845,3,QLD,False,False,False,$1200-1600,40-50
30502111409,961,43,1501,550,2400,2674,591.0,320,0,-31.3598,150.1361,355.7380537792954,360.86650751503953,0,0,93.70364970055684,163.87019138922693,0,0,78.59569741017587,114.42794395291769,0,0,113.10616950597996,163.85930025677828,0,0,0.0,0.0,0.0,0.0,1.0,0.8950506857483602,0.999444598736858,23.947729851167896,60.0,94.73587224952377,1.595451688951892,3,QLD,False,False,False,$1200-1600,40-50
11801164926,672,38,1561,692,3161,2483,485.0,213,0,-37.2288,147.3733,114.1047901646466,251.5713440272316,0,0,10.528934522914806,126.84599221301178,0,0,65.56444775365061,113.67535332169444,0,0,129.00286432966195,142.08926111632465,0,0,0.0,0.0,0.0,0.0,0.9837728194726166,0.9308288610614192,0.9559974818330998,23.92600421450586,59.02636916835699,94.89682389751628,1.5327356959965317,1,NSW,False,False,False,$1200-1600,30-40
11802157015,762,34,1620,802,3683,3620,514.0,303,0,-37.2988,148.36630000000002,219.3661183569723,334.4993245400307,0,0,94.37567415626604,118.41027854361968,0,0,100.15152663884815,133.09671609881215,0,0,165.4952303154954,172.6044469846383,0,0,0.0,0.0,0.0,0.0,1.0,0.966010733452594,0.8516705072294409,23.918459870673143,60.0,93.85065188951292,1.4764481401650091,1,NSW,False,False,False,>$1600,30-40
11703133048,1169,32,1802,670,3000,3052,953.0,646,0,-37.5388,149.34230000000002,325.3917559245329,401.8228739176083,0,0,56.42901006420714,85.18932478476918,0,0,146.16197566664064,155.55661677644375,0,0,181.9786054797444,197.13538819268317,0,0,0.0,0.0,0.0,0.0,1.0,1.0,0.7827045382418681,23.913522691209344,60.0,93.48113614725604,1.3270545333634487,1,NSW,False,False,False,>$1600,30-40
12101140120,590,32,1688,556,2496,2365,505.0,269,0,-37.4688,147.3493,104.73017527453376,241.9693028406477,0,0,27.844854622270574,133.39977195029186,0,0,70.93934028864349,116.17583331679089,0,0,146.16647520051092,150.38250000184564,0,0,0.0,0.0,0.0,0.0,1.0,1.0,0.7827045382418681,23.913522691209344,60.0,93.48113614725604,1.4166778845503163,1,NSW,False,False,False,>$1600,30-40
11703164021,705,33,1646,615,3268,3106,498.0,322,0,-37.2288,149.3733,331.3484972952808,403.8505073903102,0,0,28.795790322845384,84.32857390784454,0,0,114.7894427528546,124.78555570996816,0,0,149.5317494985343,165.0929054268865,0,0,0.0,0.0,0.0,0.0,1.0,0.9815146094215862,0.8182760289835492,23.90652623913361,60.0,93.62401134058578,1.4524013511016776,1,NSW,False,False,False,>$1600,30-40
11703133620,584,35,1586,550,2210,2302,625.0,269,0,-37.5388,149.34230000000002,325.3917559245329,401.8228739176083,0,0,56.42901006420714,85.18932478476918,0,0,146.16197566664064,155.55661677644375,0,0,181.9786054797444,197.13538819268317,0,0,0.0,0.0,0.0,0.0,1.0,0.9457364341085271,0.8824969025845953,23.86984885400825,60.0,93.7617287829642,1.505034606179587,1,NSW,False,False,False,$1200-1600,30-40
20607113919,721,35,1584,390,1935,2041,595.0,283,0,-41.6836,147.0761,85.71069445415665,95.01333872707453,0,0,43.99426857469656,54.00142983372068,0,0,62.367793284083845,68.42831748707935,0,0,52.03684601874613,54.209182218152655,0,0,0.0,0.0,0.0,0.0,1.0,0.9445438282647584,0.8824969025845953,23.857922795570563,60.0,93.70209849077578,1.506181994669859,2,VIC,False,False,False,$1200-1600,30-40
12104141723,625,44,2039,830,2650,4504,437.0,265,0,-37.4588,150.3503,328.4219845269456,337.0317056449738,0,0,49.829623398746335,81.98526161999641,0,0,150.4502843519458,154.77688003623123,0,0,132.142697907346,143.79816322469975,0,0,0.0,0.0,0.0,0.0,0.8864097363083164,1.0,0.9950124791926824,23.839159759046577,53.18458417849898,97.5785691019468,1.1691593800415192,1,NSW,False,False,False,>$1600,40-50
11801134705,685,43,1912,800,5000,4650,435.0,163,0,-37.5288,147.3433,103.34563086351751,240.10276736389795,0,0,34.15023400413459,134.70293182085828,0,0,73.76039916743574,116.97681882105148,0,0,144.60535977682636,152.8325319228452,0,0,0.0,0.0,0.0,0.0,0.8823529411764706,1.0,0.999444598736858,23.820752405449,52.94117647058824,97.63039678563516,1.2458552513310144,1,NSW,False,False,False,>$1600,40-50
20607114209,776,32,1659,582,2600,3026,638.0,350,0,-41.6736,147.0771,84.67419821379839,95.12240090824014,0,0,45.07312808264685,54.587224769005466,0,0,63.22012316730845,69.3483810904303,0,0,53.0501971266282,55.22490119666901,0,0,0.0,0.0,0.0,0.0,1.0,0.9892665474060824,0.7827045382418681,23.806188165270164,60.0,92.94446351756017,1.4349721618607694,2,VIC,False,False,False,>$1600,30-40
12104141625,579,39,1719,582,4730,2446,440.0,226,0,-37.4588,150.3503,328.4219845269456,337.0317056449738,0,0,49.829623398746335,81.98526161999641,0,0,150.4502843519458,154.77688003623123,0,0,132.142697907346,143.79816322469975,0,0,0.0,0.0,0.0,0.0,0.8924949290060852,1.0,0.973144963058051,23.790674105351105,53.54969574036511,97.04424747186324,1.3839833685486391,1,NSW,False,False,False,>$1600,30-40
30305107503,1104,33,912,500,2000,2466,557.0,149,0,-31.3998,153.1321,33.74948357239367,39.46173823158336,0,0,82.95381839711125,137.41755769315697,0,0,149.93588364137193,171.2909872973581,0,0,95.94935175924476,172.05157306379311,0,0,0.2107652353683329,0.0,0.0,0.0,1.0,0.5438282647584973,0.8182760289835492,23.744967499869382,60.0,71.73969410743135,2.6036148574418183,3,QLD,True,False,False,$800-1200,30-40
11703133319,537,37,1927,681,2700,3150,447.0,220,0,-37.5388,149.34230000000002,325.3917559245329,401.8228739176083,0,0,56.42901006420714,85.18932478476918,0,0,146.16197566664064,155.55661677644375,0,0,181.9786054797444,197.13538819268317,0,0,0.0,0.0,0.0,0.0,0.9066937119675456,1.0,0.9349874032704532,23.741874136027725,54.401622718052735,96.1834963374645,1.2320640444228192,1,NSW,False,False,False,>$1600,30-40
11801134012,685,32,1646,650,3000,2588,554.0,300,0,-37.5288,147.3433,103.34563086351751,240.10276736389795,0,0,34.15023400413459,134.70293182085828,0,0,73.76039916743574,116.97681882105148,0,0,144.60535977682636,152.8325319228452,0,0,0.0,0.0,0.0,0.0,1.0,0.9815146094215862,0.7827045382418681,23.728668785425207,60.0,92.55686661833536,1.4415959164899883,1,NSW,False,False,False,>$1600,30-40
80105105120,566,31,1773,500,1950,2316,539.0,316,0,-39.230900000000005,149.235,280.85478510005794,327.6181767087812,0,0,52.13211955391002,127.71726849127852,0,0,124.85917950697294,157.9705246180151,0,0,188.2729145163276,190.8069438381636,0,0,0.0,0.0,0.0,0.0,1.0,1.0,0.7453593045429805,23.726796522714903,60.0,92.36077913628942,1.3382287942873607,8,ACT,False,False,False,>$1600,30-40
80105105312,516,35,1645,556,1600,2301,468.0,221,0,-39.230900000000005,149.235,280.85478510005794,327.6181767087812,0,0,52.13211955391002,127.71726849127852,0,0,124.85917950697294,157.9705246180151,0,0,188.2729145163276,190.8069438381636,0,0,0.0,0.0,0.0,0.0,0.949290060851927,0.9809183064997018,0.8824969025845953,23.714568186439266,56.95740365111563,94.5066236195615,1.441615087321536,8,ACT,False,False,False,>$1600,30-40
80109110207,793,37,1580,550,2058,2470,474.0,329,0,-39.1809,153.24,187.04122190417783,220.7127466863325,0,0,26.237120861075937,58.16923348936606,0,0,44.51434088025693,87.80737312965955,0,0,176.54120538452025,220.4244535068618,0,0,0.0,0.0,0.0,0.0,0.9614604462474644,0.9421586165772212,0.9349874032704532,23.711127644599124,57.68762677484786,94.38676185192396,1.500704281303742,8,ACT,False,False,False,$1200-1600,30-40
20604150325,565,47,1755,605,3250,2479,439.0,215,0,-41.3136,144.1131,226.6785966611812,287.62636564435235,0,0,83.99028537152644,105.9323458749387,0,0,8.626606242809114,57.34276544143214,0,0,171.50910467221837,218.97213176528209,0,0,0.0,0.0,0.0,0.0,0.8904665314401623,1.0,0.9559974818330998,23.68465272356712,53.42799188640973,96.48925508379624,1.3495528617417163,2,VIC,False,False,False,>$1600,40-50
11703133149,616,36,1807,750,3083,3117,450.0,307,0,-37.5388,149.34230000000002,325.3917559245329,401.8228739176083,0,0,56.42901006420714,85.18932478476918,0,0,146.16197566664064,155.55661677644375,0,0,181.9786054797444,197.13538819268317,0,0,0.0,0.0,0.0,0.0,0.9127789046653144,1.0,0.9103839103891423,23.679708598598857,54.76673427991886,95.56709540498056,1.310443198594292,1,NSW,False,False,False,>$1600,30-40
31605143524,1433,43,762,550,2167,1692,623.0,187,0,-31.0398,153.1681,27.84579240016965,39.89906185548865,0,0,116.13497056605192,159.24433690106486,0,0,113.74110350378216,179.25121185127855,0,0,99.88333874294088,192.98852070452511,0,0,0.202018762890227,0.0,0.0,0.0,1.0,0.4543828264758497,0.999444598736858,23.58142651624733,60.0,72.70247928589824,3.094675395832983,3,QLD,True,False,False,$500-800,40-50
20603111307,1650,36,1514,540,2866,3322,958.0,625,0,-41.7036,143.0741,342.0106675983753,377.62566021750064,0,0,64.38863406610153,122.81587445501506,0,0,14.38775107343133,71.37580038930287,0,0,140.15769058463718,189.100437708468,0,0,0.0,0.0,0.0,0.0,1.0,0.9028026237328562,0.9103839103891423,23.57994578927428,60.0,92.45164849831708,1.5574600917618413,2,VIC,False,False,False,$1200-1600,30-40
11703133010,613,37,1679,750,3033,3531,439.0,245,0,-37.5388,149.34230000000002,325.3917559245329,401.8228739176083,0,0,56.42901006420714,85.18932478476918,0,0,146.16197566664064,155.55661677644375,0,0,181.9786054797444,197.13538819268317,0,0,0.0,0.0,0.0,0.0,0.8904665314401623,1.0,0.9349874032704532,23.57960233075389,53.42799188640973,95.85895272691684,1.404383700461816,1,NSW,False,False,False,>$1600,30-40
11703133625,555,33,1586,647,3028,2847,503.0,240,0,-37.5388,149.34230000000002,325.3917559245329,401.8228739176083,0,0,56.42901006420714,85.18932478476918,0,0,146.16197566664064,155.55661677644375,0,0,181.9786054797444,197.13538819268317,0,0,0.0,0.0,0.0,0.0,1.0,0.9457364341085271,0.8182760289835492,23.54874448600302,60.0,91.83510257493283,1.4847884291300768,1,NSW,False,False,False,$1200-1600,30-40
11801134004,594,33,1730,800,3500,3236,466.0,251,0,-37.5288,147.3433,103.34563086351751,240.10276736389795,0,0,34.15023400413459,134.70293182085828,0,0,73.76039916743574,116.97681882105148,0,0,144.60535977682636,152.8325319228452,0,0,0.0,0.0,0.0,0.0,0.9452332657200812,1.0,0.8182760289835492,23.54371280211856,56.713995943204864,93.4529461839081,1.3609082544577202,1,NSW,False,False,False,>$1600,30-40
30905124510,1091,37,835,450,2232,2301,479.0,162,0,-31.2298,153.1491,23.747590483998952,39.58299141369727,0,0,101.64925300259463,147.99285859180932,0,0,132.55431566329673,176.79900815608934,0,0,95.742982507,180.864497743672,0,0,0.2083401717260545,0.0,0.0,0.0,0.9716024340770792,0.4979129397734049,0.9349874032704532,23.5368941893782,58.29614604462474,72.37731776832541,2.818789723278826,3,QLD,True,False,False,$800-1200,30-40
51003127229,2435,30,1731,319,2546,3476,902.0,904,0,-35.6805,113.9875,112.42971909374602,185.7913853438403,0,0,112.74291636499194,235.7268313259912,0,0,185.5974292270817,230.56747350617533,0,0,255.74482496600555,269.59402974414905,0,0,0.0,0.0,0.0,0.0,1.0,1.0,0.7066482778577162,23.533241389288584,60.0,91.19944833573147,1.3595171224314606,5,WA,False,False,False,>$1600,<30
50301103314,867,46,1453,600,2700,3117,575.0,281,0,-35.920500000000004,111.9635,324.7648128950568,389.60632959605823,0,0,338.7641817262302,444.6615319501454,0,0,410.9613735829347,438.3562462592802,0,0,413.58250814716433,431.79578366615215,0,0,0.0,0.0,0.0,0.0,1.0,0.8664281454979129,0.973144963058051,23.53000627026939,60.0,92.51575616663716,1.6194085526682307,5,WA,False,False,False,$1200-1600,40-50
12104141435,601,35,1771,650,3074,3166,449.0,288,0,-37.4588,150.3503,328.4219845269456,337.0317056449738,0,0,49.829623398746335,81.98526161999641,0,0,150.4502843519458,154.77688003623123,0,0,132.142697907346,143.79816322469975,0,0,0.0,0.0,0.0,0.0,0.9107505070993914,1.0,0.8824969025845953,23.51998958391689,54.64503042596348,94.68991721952568,1.328062652959734,1,NSW,False,False,False,>$1600,30-40
12101140132,680,37,1476,480,1885,2100,574.0,293,0,-37.4688,147.3493,104.73017527453376,241.9693028406477,0,0,27.844854622270574,133.39977195029186,0,0,70.93934028864349,116.17583331679089,0,0,146.16647520051092,150.38250000184564,0,0,0.0,0.0,0.0,0.0,1.0,0.8801431127012522,0.9349874032704532,23.47636814336479,60.0,92.0567777331762,1.5905398471114358,1,NSW,False,False,False,$1200-1600,30-40
11703132926,559,38,1591,495,3183,2391,453.0,210,0,-37.5488,149.34130000000002,325.2592223192765,401.4775054278286,0,0,55.3851729040675,85.22546741130384,0,0,147.03557476397856,156.57535933609464,0,0,183.03867670665105,198.17586791304075,0,0,0.0,0.0,0.0,0.0,0.9188640973630832,0.9487179487179488,0.9559974818330998,23.45580786997582,55.13184584178499,94.49310383815212,1.4742808214943948,1,NSW,False,False,False,$1200-1600,30-40
20607114123,529,31,1628,451,1985,2338,531.0,280,0,-41.6736,147.0771,84.67419821379839,95.12240090824014,0,0,45.07312808264685,54.587224769005466,0,0,63.22012316730845,69.3483810904303,0,0,53.0501971266282,55.22490119666901,0,0,0.0,0.0,0.0,0.0,1.0,0.9707811568276684,0.7453593045429805,23.43460809099159,60.0,90.89983697767283,1.4394722414613998,2,VIC,False,False,False,>$1600,30-40
20604150803,537,39,1664,531,2030,2329,426.0,191,0,-41.3136,144.1131,226.6785966611812,287.62636564435235,0,0,83.99028537152644,105.9323458749387,0,0,8.626606242809114,57.34276544143214,0,0,171.50910467221837,218.97213176528209,0,0,0.0,0.0,0.0,0.0,0.8640973630831643,0.992248062015504,0.973144963058051,23.42917906627694,51.84584178498986,96.08869925418,1.408003549656066,2,VIC,False,False,False,>$1600,30-40
12104141409,639,38,1775,550,2970,2392,426.0,265,0,-37.4588,150.3503,328.4219845269456,337.0317056449738,0,0,49.829623398746335,81.98526161999641,0,0,150.4502843519458,154.77688003623123,0,0,132.142697907346,143.79816322469975,0,0,0.0,0.0,0.0,0.0,0.8640973630831643,1.0,0.9559974818330998,23.420961039997145,51.84584178498986,95.96187171665628,1.3194907628167405,1,NSW,False,False,False,>$1600,30-40
11801165021,701,35,1612,700,2850,2849,463.0,280,0,-37.2188,147.3743,114.61501613001803,252.03972792972252,0,0,10.695409676343331,126.78908800628832,0,0,65.5693994686013,113.67368674455004,0,0,127.94726266282268,141.79365332110842,0,0,0.0,0.0,0.0,0.0,0.9391480730223124,0.9612403100775194,0.8824969025845953,23.41636834392129,56.348884381338735,93.31988404186006,1.452628309176259,1,NSW,False,False,False,>$1600,30-40
11801165004,643,45,1689,800,4041,2833,418.0,240,0,-37.2188,147.3743,114.61501613001803,252.03972792972252,0,0,10.695409676343331,126.78908800628832,0,0,65.5693994686013,113.67368674455004,0,0,127.94726266282268,141.79365332110842,0,0,0.0,0.0,0.0,0.0,0.847870182555781,1.0,0.9862071167439164,23.409737409277398,50.87221095334685,96.54361715343312,1.386011687938271,1,NSW,False,False,False,>$1600,40-50
20804119410,717,37,1464,446,2500,2386,508.0,254,0,-41.6236,144.0821,229.58779364938505,287.54060390309843,0,0,65.37657427553873,106.0463173455965,0,0,26.77032135322311,63.00332214102857,0,0,137.51350336239202,184.653691493465,0,0,0.0,0.0,0.0,0.0,1.0,0.8729874776386404,0.9349874032704532,23.40481179273867,60.0,91.6989959800456,1.5986893301051006,2,VIC,False,False,False,$1200-1600,30-40
11703164423,586,33,1561,690,3434,2416,521.0,247,0,-37.2288,149.3733,331.3484972952808,403.8505073903102,0,0,28.795790322845384,84.32857390784454,0,0,114.7894427528546,124.78555570996816,0,0,149.5317494985343,165.0929054268865,0,0,0.0,0.0,0.0,0.0,1.0,0.9308288610614192,0.8182760289835492,23.39966875553194,60.0,91.08972392257743,1.4990178574972417,1,NSW,False,False,False,$1200-1600,30-40
11703133032,553,35,1843,551,2476,2818,442.0,305,0,-37.5388,149.34230000000002,325.3917559245329,401.8228739176083,0,0,56.42901006420714,85.18932478476918,0,0,146.16197566664064,155.55661677644375,0,0,181.9786054797444,197.13538819268317,0,0,0.0,0.0,0.0,0.0,0.896551724137931,1.0,0.8824969025845953,23.37800175430229,53.79310344827586,94.40594156029648,1.2684754071786375,1,NSW,False,False,False,>$1600,30-40
12504149156,1094,34,1527,470,2000,3051,727.0,448,0,-37.3788,150.3583,327.77764336266733,335.51954823535266,0,0,53.885275336230464,80.62245056284777,0,0,151.61091363948728,156.54342414690032,0,0,125.2410302334418,144.28443624627525,0,0,0.0,0.0,0.0,0.0,1.0,0.9105545617173524,0.8516705072294409,23.36389815332073,60.0,91.07784330275084,1.5300522693726737,1,NSW,False,False,False,$1200-1600,30-40
30305107201,970,33,845,395,1863,1739,517.0,109,0,-31.3998,153.1321,33.74948357239367,39.46173823158336,0,0,82.95381839711125,137.41755769315697,0,0,149.93588364137193,171.2909872973581,0,0,95.94935175924476,172.05157306379311,0,0,0.2107652353683329,0.0,0.0,0.0,1.0,0.5038759689922481,0.8182760289835492,23.345444542206888,60.0,69.74207931911889,2.762774502036318,3,QLD,True,False,False,$800-1200,30-40
31201134102,1300,29,1725,109,1647,3479,532.0,489,0,-31.1298,149.1591,466.9766328151498,469.9190373642337,0,0,133.64092523546557,180.67168413247697,0,0,74.14340802256339,104.55356671667248,0,0,180.1872123422342,237.1995456220872,0,0,0.0,0.0,0.0,0.0,1.0,1.0,0.6669768108584744,23.33488405429237,60.0,90.00930432575423,1.3527469016981086,3,QLD,False,False,False,>$1600,<30
12104141635,572,43,1753,597,3450,3011,411.0,204,0,-37.4588,150.3503,328.4219845269456,337.0317056449738,0,0,49.829623398746335,81.98526161999641,0,0,150.4502843519458,154.77688003623123,0,0,132.142697907346,143.79816322469975,0,0,0.0,0.0,0.0,0.0,0.8336713995943205,1.0,0.999444598736858,23.333936989627496,50.02028397565923,96.65676595399216,1.3310859663221617,1,NSW,False,False,False,>$1600,40-50
12104141430,569,39,1760,760,4100,3430,417.0,207,0,-37.4588,150.3503,328.4219845269456,337.0317056449738,0,0,49.829623398746335,81.98526161999641,0,0,150.4502843519458,154.77688003623123,0,0,132.142697907346,143.79816322469975,0,0,0.0,0.0,0.0,0.0,0.845841784989858,1.0,0.973144963058051,23.324142665188837,50.75050709939147,96.11118459153867,1.325235378703911,1,NSW,False,False,False,>$1600,30-40
